--
-- PostgreSQL database dump
--

-- Dumped from database version 16.9
-- Dumped by pg_dump version 16.9

SET statement_timeout = 0;
SET lock_timeout = 0;
SET idle_in_transaction_session_timeout = 0;
SET client_encoding = 'UTF8';
SET standard_conforming_strings = on;
SELECT pg_catalog.set_config('search_path', '', false);
SET check_function_bodies = false;
SET xmloption = content;
SET client_min_messages = warning;
SET row_security = off;

--
-- Data for Name: auth_user; Type: TABLE DATA; Schema: public; Owner: -
--

INSERT INTO public.auth_user (id, password, last_login, is_superuser, username, first_name, last_name, email, is_staff, is_active, date_joined) VALUES (1, '!bLN8o8e3ZBuT1TRTso9vvUV7HYrphSJucHem8yxx', NULL, true, 'admin', '', '', 'admin@example.com', true, true, '2025-08-06 06:37:23.333557+00');
INSERT INTO public.auth_user (id, password, last_login, is_superuser, username, first_name, last_name, email, is_staff, is_active, date_joined) VALUES (3, '', NULL, false, 'user1', 'John', 'Smith', 'user1@soar-ai.com', false, true, '2025-08-06 07:24:45.104845+00');
INSERT INTO public.auth_user (id, password, last_login, is_superuser, username, first_name, last_name, email, is_staff, is_active, date_joined) VALUES (4, '', NULL, false, 'user2', 'Jane', 'Johnson', 'user2@soar-ai.com', false, true, '2025-08-06 07:24:46.054165+00');
INSERT INTO public.auth_user (id, password, last_login, is_superuser, username, first_name, last_name, email, is_staff, is_active, date_joined) VALUES (5, '', NULL, false, 'user3', 'Mike', 'Brown', 'user3@soar-ai.com', false, true, '2025-08-06 07:24:46.988532+00');
INSERT INTO public.auth_user (id, password, last_login, is_superuser, username, first_name, last_name, email, is_staff, is_active, date_joined) VALUES (6, '', NULL, false, 'user4', 'Sarah', 'Davis', 'user4@soar-ai.com', false, true, '2025-08-06 07:24:47.923234+00');
INSERT INTO public.auth_user (id, password, last_login, is_superuser, username, first_name, last_name, email, is_staff, is_active, date_joined) VALUES (7, '', NULL, false, 'user5', 'David', 'Wilson', 'user5@soar-ai.com', false, true, '2025-08-06 07:24:48.857783+00');
INSERT INTO public.auth_user (id, password, last_login, is_superuser, username, first_name, last_name, email, is_staff, is_active, date_joined) VALUES (8, '', NULL, false, 'system', 'System', 'User', 'system@company.com', false, true, '2025-08-12 05:17:41.323561+00');


--
-- Data for Name: api_activitylog; Type: TABLE DATA; Schema: public; Owner: -
--



--
-- Data for Name: api_aiconversation; Type: TABLE DATA; Schema: public; Owner: -
--



--
-- Data for Name: api_company; Type: TABLE DATA; Schema: public; Owner: -
--

INSERT INTO public.api_company (id, name, industry, size, location, website, annual_revenue, employee_count, travel_budget, description, is_active, created_at, updated_at, annual_travel_volume, company_type, credit_rating, current_airlines, email, expansion_plans, payment_terms, phone, preferred_class, risk_level, specialties, sustainability_focus, technology_integration, travel_frequency, year_established) VALUES (2, 'Global Finance Ltd', 'finance', 'enterprise', 'New York, NY', 'https://globalfinance.com', 200000000.00, 2000, 5000000.00, 'International financial services company', true, '2025-08-06 07:44:30.621697+00', '2025-08-06 07:44:30.621797+00', '', '', '', '', '', '', '', '', '', '', '', '', '', '', NULL);
INSERT INTO public.api_company (id, name, industry, size, location, website, annual_revenue, employee_count, travel_budget, description, is_active, created_at, updated_at, annual_travel_volume, company_type, credit_rating, current_airlines, email, expansion_plans, payment_terms, phone, preferred_class, risk_level, specialties, sustainability_focus, technology_integration, travel_frequency, year_established) VALUES (3, 'HealthTech Innovations', 'healthcare', 'medium', 'Boston, MA', 'https://healthtech.com', 25000000.00, 200, 800000.00, 'Healthcare technology and services', true, '2025-08-06 07:44:31.556545+00', '2025-08-06 07:44:31.55656+00', '', '', '', '', '', '', '', '', '', '', '', '', '', '', NULL);
INSERT INTO public.api_company (id, name, industry, size, location, website, annual_revenue, employee_count, travel_budget, description, is_active, created_at, updated_at, annual_travel_volume, company_type, credit_rating, current_airlines, email, expansion_plans, payment_terms, phone, preferred_class, risk_level, specialties, sustainability_focus, technology_integration, travel_frequency, year_established) VALUES (4, 'Manufacturing Plus', 'manufacturing', 'large', 'Detroit, MI', 'https://mfgplus.com', 75000000.00, 800, 1500000.00, 'Advanced manufacturing solutions', true, '2025-08-06 07:44:32.491473+00', '2025-08-06 07:44:32.491492+00', '', '', '', '', '', '', '', '', '', '', '', '', '', '', NULL);
INSERT INTO public.api_company (id, name, industry, size, location, website, annual_revenue, employee_count, travel_budget, description, is_active, created_at, updated_at, annual_travel_volume, company_type, credit_rating, current_airlines, email, expansion_plans, payment_terms, phone, preferred_class, risk_level, specialties, sustainability_focus, technology_integration, travel_frequency, year_established) VALUES (5, 'Retail Dynamics', 'retail', 'enterprise', 'Chicago, IL', 'https://retaildyn.com', 150000000.00, 1500, 3000000.00, 'Multi-channel retail operations', true, '2025-08-06 07:44:33.426666+00', '2025-08-06 07:44:33.426682+00', '', '', '', '', '', '', '', '', '', '', '', '', '', '', NULL);
INSERT INTO public.api_company (id, name, industry, size, location, website, annual_revenue, employee_count, travel_budget, description, is_active, created_at, updated_at, annual_travel_volume, company_type, credit_rating, current_airlines, email, expansion_plans, payment_terms, phone, preferred_class, risk_level, specialties, sustainability_focus, technology_integration, travel_frequency, year_established) VALUES (6, 'ConsultPro Services', 'consulting', 'medium', 'Washington, DC', 'https://consultpro.com', 30000000.00, 150, 1200000.00, 'Strategic business consulting', true, '2025-08-06 07:44:34.361818+00', '2025-08-06 07:44:34.361835+00', '', '', '', '', '', '', '', '', '', '', '', '', '', '', NULL);
INSERT INTO public.api_company (id, name, industry, size, location, website, annual_revenue, employee_count, travel_budget, description, is_active, created_at, updated_at, annual_travel_volume, company_type, credit_rating, current_airlines, email, expansion_plans, payment_terms, phone, preferred_class, risk_level, specialties, sustainability_focus, technology_integration, travel_frequency, year_established) VALUES (7, 'test1', 'retail', 'small', 'test', '', 33.00, 3333, NULL, '', true, '2025-08-06 10:00:19.539757+00', '2025-08-06 10:00:19.539778+00', '', '', '', '', '', '', '', '', '', '', '', '', '', '', NULL);
INSERT INTO public.api_company (id, name, industry, size, location, website, annual_revenue, employee_count, travel_budget, description, is_active, created_at, updated_at, annual_travel_volume, company_type, credit_rating, current_airlines, email, expansion_plans, payment_terms, phone, preferred_class, risk_level, specialties, sustainability_focus, technology_integration, travel_frequency, year_established) VALUES (8, 'TechCorp International', 'technology', 'enterprise', 'San Francisco, USA', 'https://techcorp.com', 50000000.00, 2500, 2500000.00, 'Enterprise Software, Cloud Solutions, AI/ML Services', true, '2025-08-06 12:17:25.898459+00', '2025-08-06 12:17:25.898476+00', '', '', '', '', '', '', '', '', '', '', '', '', '', '', NULL);
INSERT INTO public.api_company (id, name, industry, size, location, website, annual_revenue, employee_count, travel_budget, description, is_active, created_at, updated_at, annual_travel_volume, company_type, credit_rating, current_airlines, email, expansion_plans, payment_terms, phone, preferred_class, risk_level, specialties, sustainability_focus, technology_integration, travel_frequency, year_established) VALUES (9, 'Global Manufacturing Ltd', 'manufacturing', 'large', 'Detroit, USA', 'https://globalmanufacturing.com', 75000000.00, 5000, 1800000.00, 'Automotive Parts, Supply Chain, Quality Control', true, '2025-08-06 12:17:26.893589+00', '2025-08-06 12:17:26.893605+00', '', '', '', '', '', '', '', '', '', '', '', '', '', '', NULL);
INSERT INTO public.api_company (id, name, industry, size, location, website, annual_revenue, employee_count, travel_budget, description, is_active, created_at, updated_at, annual_travel_volume, company_type, credit_rating, current_airlines, email, expansion_plans, payment_terms, phone, preferred_class, risk_level, specialties, sustainability_focus, technology_integration, travel_frequency, year_established) VALUES (10, 'Sunrise Financial Services', 'finance', 'large', 'New York, USA', 'https://sunrisefinancial.com', 120000000.00, 1200, 3200000.00, 'Investment Banking, Wealth Management, Corporate Finance', true, '2025-08-06 12:17:27.874708+00', '2025-08-06 12:17:27.874726+00', '', '', '', '', '', '', '', '', '', '', '', '', '', '', NULL);
INSERT INTO public.api_company (id, name, industry, size, location, website, annual_revenue, employee_count, travel_budget, description, is_active, created_at, updated_at, annual_travel_volume, company_type, credit_rating, current_airlines, email, expansion_plans, payment_terms, phone, preferred_class, risk_level, specialties, sustainability_focus, technology_integration, travel_frequency, year_established) VALUES (11, 'EcoEnergy Solutions', 'energy', 'medium', 'Austin, USA', 'https://ecoenergy.com', 25000000.00, 800, 1200000.00, 'Solar Energy, Wind Power, Sustainability Consulting', true, '2025-08-06 12:17:28.855689+00', '2025-08-06 12:17:28.855707+00', '', '', '', '', '', '', '', '', '', '', '', '', '', '', NULL);
INSERT INTO public.api_company (id, name, industry, size, location, website, annual_revenue, employee_count, travel_budget, description, is_active, created_at, updated_at, annual_travel_volume, company_type, credit_rating, current_airlines, email, expansion_plans, payment_terms, phone, preferred_class, risk_level, specialties, sustainability_focus, technology_integration, travel_frequency, year_established) VALUES (12, 'RetailMax Corporation', 'retail', 'large', 'Chicago, USA', 'https://retailmax.com', 200000000.00, 15000, 5000000.00, 'Retail Chain Management, E-commerce, Supply Chain', true, '2025-08-06 12:17:30.08161+00', '2025-08-06 12:17:30.081623+00', '', '', '', '', '', '', '', '', '', '', '', '', '', '', NULL);
INSERT INTO public.api_company (id, name, industry, size, location, website, annual_revenue, employee_count, travel_budget, description, is_active, created_at, updated_at, annual_travel_volume, company_type, credit_rating, current_airlines, email, expansion_plans, payment_terms, phone, preferred_class, risk_level, specialties, sustainability_focus, technology_integration, travel_frequency, year_established) VALUES (13, 'TeleConnect Systems', 'telecommunications', 'large', 'Seattle, USA', 'https://teleconnect.com', 85000000.00, 3500, 2800000.00, '5G Infrastructure, Network Solutions, IoT Connectivity', true, '2025-08-06 12:17:31.308227+00', '2025-08-06 12:17:31.308244+00', '', '', '', '', '', '', '', '', '', '', '', '', '', '', NULL);
INSERT INTO public.api_company (id, name, industry, size, location, website, annual_revenue, employee_count, travel_budget, description, is_active, created_at, updated_at, annual_travel_volume, company_type, credit_rating, current_airlines, email, expansion_plans, payment_terms, phone, preferred_class, risk_level, specialties, sustainability_focus, technology_integration, travel_frequency, year_established) VALUES (14, 'LogisticsPro International', 'transportation', 'large', 'Memphis, USA', 'https://logisticspro.com', 95000000.00, 4200, 3500000.00, 'Global Logistics, Freight Management, Supply Chain Optimization', true, '2025-08-06 12:17:32.288558+00', '2025-08-06 12:17:32.288573+00', '', '', '', '', '', '', '', '', '', '', '', '', '', '', NULL);
INSERT INTO public.api_company (id, name, industry, size, location, website, annual_revenue, employee_count, travel_budget, description, is_active, created_at, updated_at, annual_travel_volume, company_type, credit_rating, current_airlines, email, expansion_plans, payment_terms, phone, preferred_class, risk_level, specialties, sustainability_focus, technology_integration, travel_frequency, year_established) VALUES (15, 'EduTech Learning', 'education', 'medium', 'Cambridge, USA', 'https://edutech.com', 18000000.00, 600, 800000.00, 'Online Learning Platforms, Educational Software, Training Solutions', true, '2025-08-06 12:17:33.269736+00', '2025-08-06 12:17:33.269752+00', '', '', '', '', '', '', '', '', '', '', '', '', '', '', NULL);
INSERT INTO public.api_company (id, name, industry, size, location, website, annual_revenue, employee_count, travel_budget, description, is_active, created_at, updated_at, annual_travel_volume, company_type, credit_rating, current_airlines, email, expansion_plans, payment_terms, phone, preferred_class, risk_level, specialties, sustainability_focus, technology_integration, travel_frequency, year_established) VALUES (16, 'Innovation Startup Hub', 'technology', 'startup', 'Palo Alto, USA', 'https://innovationstartup.com', 2500000.00, 45, 250000.00, 'AI Startup, Machine Learning, SaaS Products', true, '2025-08-06 12:17:34.254702+00', '2025-08-06 12:17:34.254718+00', '', '', '', '', '', '', '', '', '', '', '', '', '', '', NULL);
INSERT INTO public.api_company (id, name, industry, size, location, website, annual_revenue, employee_count, travel_budget, description, is_active, created_at, updated_at, annual_travel_volume, company_type, credit_rating, current_airlines, email, expansion_plans, payment_terms, phone, preferred_class, risk_level, specialties, sustainability_focus, technology_integration, travel_frequency, year_established) VALUES (17, 'GreenCorp Utilities', 'energy', 'large', 'Portland, USA', 'https://greencorp.com', 110000000.00, 2800, 2200000.00, 'Renewable Energy, Smart Grid Technology, Energy Storage', true, '2025-08-06 12:17:35.236993+00', '2025-08-06 12:17:35.237006+00', '', '', '', '', '', '', '', '', '', '', '', '', '', '', NULL);
INSERT INTO public.api_company (id, name, industry, size, location, website, annual_revenue, employee_count, travel_budget, description, is_active, created_at, updated_at, annual_travel_volume, company_type, credit_rating, current_airlines, email, expansion_plans, payment_terms, phone, preferred_class, risk_level, specialties, sustainability_focus, technology_integration, travel_frequency, year_established) VALUES (18, 'INIFNITI', 'technology', 'medium', 'CHENNAI', 'https://scrumtool.infinitisoftware.net/dashboard/dashboardView', 500.00, 350, 25.00, 'We are providing a travel solutions for the Airlines', true, '2025-08-07 12:10:41.542185+00', '2025-08-07 12:10:41.542212+00', '', '', '', '', '', '', '', '', '', '', '', '', '', '', NULL);
INSERT INTO public.api_company (id, name, industry, size, location, website, annual_revenue, employee_count, travel_budget, description, is_active, created_at, updated_at, annual_travel_volume, company_type, credit_rating, current_airlines, email, expansion_plans, payment_terms, phone, preferred_class, risk_level, specialties, sustainability_focus, technology_integration, travel_frequency, year_established) VALUES (19, 'muniraj', 'retail', 'enterprise', 'chennai', 'https://muniraj.com', 100000000.00, 8000, 40000000.00, 'testing by the muniraj', true, '2025-08-07 12:39:56.700924+00', '2025-08-07 12:39:56.700951+00', '9000', 'corporation', 'BBB', 'Indigo,Airindia,southwest', 'muniraj@infinitisoftware.net', 'Aggressive', 'Net 45', '999999999', 'Economy Plus', 'Very Low', 'React,Angular,Php,Python', 'High', 'API,Mobile,website', 'Daily', 2000);
INSERT INTO public.api_company (id, name, industry, size, location, website, annual_revenue, employee_count, travel_budget, description, is_active, created_at, updated_at, annual_travel_volume, company_type, credit_rating, current_airlines, email, expansion_plans, payment_terms, phone, preferred_class, risk_level, specialties, sustainability_focus, technology_integration, travel_frequency, year_established) VALUES (20, 'nagendran', 'finance', 'medium', 'chennai', 'https://tailwindcss.com/', 150000000.00, 10000, 50000000.00, 'Only for testing purpose', true, '2025-08-07 13:25:30.764624+00', '2025-08-07 13:25:30.76464+00', '2500', 'partnership', 'AAA', 'spicejet,air-india,Indigo', 'nagendran.g@infinitisoftware.net', 'Moderate', 'Net 60', '9845984598', 'Business/First', 'High', 'web-application,Android-app,crmtool', 'High', 'Java,python,React,typescript,Angular', 'Bi-weekly', 2022);
INSERT INTO public.api_company (id, name, industry, size, location, website, annual_revenue, employee_count, travel_budget, description, is_active, created_at, updated_at, annual_travel_volume, company_type, credit_rating, current_airlines, email, expansion_plans, payment_terms, phone, preferred_class, risk_level, specialties, sustainability_focus, technology_integration, travel_frequency, year_established) VALUES (1, 'TechCorp Solutions', 'technology', 'large', 'San Francisco, CA', 'https://techcorp.com', 50000000.00, 500, 2000000.00, 'Leading technology solutions provider', true, '2025-08-06 07:44:29.683758+00', '2025-08-06 07:44:29.68378+00', '50', '', '', '', '', '', '', '', '', '', '', '', '', '', NULL);
INSERT INTO public.api_company (id, name, industry, size, location, website, annual_revenue, employee_count, travel_budget, description, is_active, created_at, updated_at, annual_travel_volume, company_type, credit_rating, current_airlines, email, expansion_plans, payment_terms, phone, preferred_class, risk_level, specialties, sustainability_focus, technology_integration, travel_frequency, year_established) VALUES (21, 'muni', 'Financial Services', 'medium', 'checnnai', NULL, 33.00, NULL, 55.00, '', true, '2025-08-08 09:53:04.165619+00', '2025-08-08 09:53:04.165635+00', '800', '', '', '', '', '', '', '', '', '', '', '', '', '', NULL);
INSERT INTO public.api_company (id, name, industry, size, location, website, annual_revenue, employee_count, travel_budget, description, is_active, created_at, updated_at, annual_travel_volume, company_type, credit_rating, current_airlines, email, expansion_plans, payment_terms, phone, preferred_class, risk_level, specialties, sustainability_focus, technology_integration, travel_frequency, year_established) VALUES (22, 'Infiniti software', 'Banking', 'medium', 'chennai', NULL, 40.00, NULL, 1000.00, '', true, '2025-08-13 06:01:10.619668+00', '2025-08-13 06:01:10.619687+00', '', '', '', '', '', '', '', '', '', '', '', '', '', '', NULL);
INSERT INTO public.api_company (id, name, industry, size, location, website, annual_revenue, employee_count, travel_budget, description, is_active, created_at, updated_at, annual_travel_volume, company_type, credit_rating, current_airlines, email, expansion_plans, payment_terms, phone, preferred_class, risk_level, specialties, sustainability_focus, technology_integration, travel_frequency, year_established) VALUES (23, 'Infiniti pro', 'telecommunications', 'small', 'chennai', 'https://github.com/Infifrontend/soar-ai', 33000000.00, 333, 333000000.00, 'Airline innovation', true, '2025-08-14 06:31:17.292813+00', '2025-08-14 06:31:17.29283+00', '3333', 'llc', 'BBB', 'indigo,airasia', 'muniraj@infinitisoftware.net', 'Conservative', 'Net 60', '987654322', 'Economy Plus', 'Low', 'innovation,airlinesolutions', 'High', 'React,Angular', 'Weekly', 2005);


--
-- Data for Name: api_contact; Type: TABLE DATA; Schema: public; Owner: -
--

INSERT INTO public.api_contact (id, first_name, last_name, email, phone, "position", department, is_decision_maker, linkedin_profile, notes, created_at, updated_at, company_id) VALUES (1, 'Robert', 'Anderson', 'r.anderson@techcorp.com', '+1-555-3329', 'CTO', 'executive', true, '', '', '2025-08-06 07:44:35.297564+00', '2025-08-06 07:44:35.297579+00', 1);
INSERT INTO public.api_contact (id, first_name, last_name, email, phone, "position", department, is_decision_maker, linkedin_profile, notes, created_at, updated_at, company_id) VALUES (2, 'Lisa', 'Martinez', 'l.martinez@techcorp.com', '+1-555-1169', 'Travel Manager', 'travel', false, '', '', '2025-08-06 07:44:36.235023+00', '2025-08-06 07:44:36.235039+00', 2);
INSERT INTO public.api_contact (id, first_name, last_name, email, phone, "position", department, is_decision_maker, linkedin_profile, notes, created_at, updated_at, company_id) VALUES (3, 'Michael', 'Thompson', 'm.thompson@globalfinance.com', '+1-555-9833', 'CFO', 'finance', true, '', '', '2025-08-06 07:44:37.169853+00', '2025-08-06 07:44:37.169864+00', 3);
INSERT INTO public.api_contact (id, first_name, last_name, email, phone, "position", department, is_decision_maker, linkedin_profile, notes, created_at, updated_at, company_id) VALUES (4, 'Jennifer', 'White', 'j.white@globalfinance.com', '+1-555-5778', 'Operations Director', 'operations', true, '', '', '2025-08-06 07:44:38.105533+00', '2025-08-06 07:44:38.105549+00', 4);
INSERT INTO public.api_contact (id, first_name, last_name, email, phone, "position", department, is_decision_maker, linkedin_profile, notes, created_at, updated_at, company_id) VALUES (5, 'David', 'Garcia', 'd.garcia@healthtech.com', '+1-555-4711', 'CEO', 'executive', true, '', '', '2025-08-06 07:44:39.041248+00', '2025-08-06 07:44:39.041261+00', 5);
INSERT INTO public.api_contact (id, first_name, last_name, email, phone, "position", department, is_decision_maker, linkedin_profile, notes, created_at, updated_at, company_id) VALUES (6, 'Amanda', 'Rodriguez', 'a.rodriguez@mfgplus.com', '+1-555-2422', 'VP Operations', 'operations', true, '', '', '2025-08-06 07:44:39.978423+00', '2025-08-06 07:44:39.978439+00', 6);
INSERT INTO public.api_contact (id, first_name, last_name, email, phone, "position", department, is_decision_maker, linkedin_profile, notes, created_at, updated_at, company_id) VALUES (7, 'James', 'Wilson', 'j.wilson@retaildyn.com', '+1-555-9329', 'Travel Coordinator', 'travel', false, '', '', '2025-08-06 07:44:40.913606+00', '2025-08-06 07:44:40.913618+00', 1);
INSERT INTO public.api_contact (id, first_name, last_name, email, phone, "position", department, is_decision_maker, linkedin_profile, notes, created_at, updated_at, company_id) VALUES (8, 'Sarah', 'Lee', 's.lee@consultpro.com', '+1-555-6483', 'Managing Partner', 'executive', true, '', '', '2025-08-06 07:44:41.848751+00', '2025-08-06 07:44:41.848764+00', 2);
INSERT INTO public.api_contact (id, first_name, last_name, email, phone, "position", department, is_decision_maker, linkedin_profile, notes, created_at, updated_at, company_id) VALUES (9, 'muni', '', 'muni@gmail.com', '987654321234', 'muni', '', false, '', '', '2025-08-08 09:53:04.888689+00', '2025-08-08 09:53:04.888704+00', 21);
INSERT INTO public.api_contact (id, first_name, last_name, email, phone, "position", department, is_decision_maker, linkedin_profile, notes, created_at, updated_at, company_id) VALUES (10, 'Contact', 'Person', 'nagendran.g@infinitisoftware.net', '9845984598', 'Decision Maker', '', true, '', '', '2025-08-08 11:09:45.466722+00', '2025-08-08 11:09:45.466737+00', 20);
INSERT INTO public.api_contact (id, first_name, last_name, email, phone, "position", department, is_decision_maker, linkedin_profile, notes, created_at, updated_at, company_id) VALUES (11, 'Contact', 'Person', 'contact@techcorpsolutions.com', '+1 (555) 531-6688', 'Decision Maker', '', true, '', '', '2025-08-08 11:28:15.469453+00', '2025-08-08 11:28:15.469472+00', 1);
INSERT INTO public.api_contact (id, first_name, last_name, email, phone, "position", department, is_decision_maker, linkedin_profile, notes, created_at, updated_at, company_id) VALUES (12, 'Contact', 'Person', 'contact@techcorpsolutions.com', '+1 (555) 531-6688', 'Decision Maker', '', true, '', '', '2025-08-08 11:28:17.142549+00', '2025-08-08 11:28:17.142563+00', 1);
INSERT INTO public.api_contact (id, first_name, last_name, email, phone, "position", department, is_decision_maker, linkedin_profile, notes, created_at, updated_at, company_id) VALUES (13, 'Contact', 'Person', 'contact@techcorpsolutions.com', '+1 (555) 452-2006', 'Decision Maker', '', true, '', '', '2025-08-08 12:10:47.789926+00', '2025-08-08 12:10:47.789943+00', 1);
INSERT INTO public.api_contact (id, first_name, last_name, email, phone, "position", department, is_decision_maker, linkedin_profile, notes, created_at, updated_at, company_id) VALUES (14, 'Contact', 'Person', 'contact@techcorpsolutions.com', '+1 (555) 285-8967', 'Decision Maker', '', true, '', '', '2025-08-12 07:03:27.34347+00', '2025-08-12 07:03:27.343484+00', 1);
INSERT INTO public.api_contact (id, first_name, last_name, email, phone, "position", department, is_decision_maker, linkedin_profile, notes, created_at, updated_at, company_id) VALUES (15, 'nagendran', '', 'nagu@infinitisoftware.net', '9839393930', 'software enginner', '', true, '', '', '2025-08-13 06:01:11.354174+00', '2025-08-13 06:01:11.354188+00', 22);
INSERT INTO public.api_contact (id, first_name, last_name, email, phone, "position", department, is_decision_maker, linkedin_profile, notes, created_at, updated_at, company_id) VALUES (16, 'Contact', 'Person', 'contact@infinitisoftware.com', '+1 (555) 938-3936', 'Decision Maker', '', true, '', '', '2025-08-14 06:32:53.890876+00', '2025-08-14 06:32:53.890892+00', 22);
INSERT INTO public.api_contact (id, first_name, last_name, email, phone, "position", department, is_decision_maker, linkedin_profile, notes, created_at, updated_at, company_id) VALUES (17, 'Contact', 'Person', 'contact@ecoenergysolutions.com', '+1 (555) 978-5263', 'Decision Maker', '', true, '', '', '2025-08-14 06:53:19.665053+00', '2025-08-14 06:53:19.665073+00', 11);
INSERT INTO public.api_contact (id, first_name, last_name, email, phone, "position", department, is_decision_maker, linkedin_profile, notes, created_at, updated_at, company_id) VALUES (18, 'Contact', 'Person', 'contact@inifniti.com', '+1 (555) 221-1336', 'Decision Maker', '', true, '', '', '2025-08-21 13:01:38.288274+00', '2025-08-21 13:01:38.288288+00', 18);
INSERT INTO public.api_contact (id, first_name, last_name, email, phone, "position", department, is_decision_maker, linkedin_profile, notes, created_at, updated_at, company_id) VALUES (19, 'Contact', 'Person', 'nagendran.g@infinitisoftware.net', '9845984598', 'Decision Maker', '', true, '', '', '2025-08-25 07:29:12.529972+00', '2025-08-25 07:29:12.529989+00', 20);
INSERT INTO public.api_contact (id, first_name, last_name, email, phone, "position", department, is_decision_maker, linkedin_profile, notes, created_at, updated_at, company_id) VALUES (20, 'Contact', 'Person', 'nagendran.g@infinitisoftware.net', '9845984598', 'Decision Maker', '', true, '', '', '2025-08-25 07:44:02.27062+00', '2025-08-25 07:44:02.270641+00', 20);
INSERT INTO public.api_contact (id, first_name, last_name, email, phone, "position", department, is_decision_maker, linkedin_profile, notes, created_at, updated_at, company_id) VALUES (21, 'Contact', 'Person', 'nagendran.g@infinitisoftware.net', '9845984598', 'Decision Maker', '', true, '', '', '2025-08-25 07:53:04.415442+00', '2025-08-25 07:53:04.415467+00', 20);


--
-- Data for Name: api_lead; Type: TABLE DATA; Schema: public; Owner: -
--

INSERT INTO public.api_lead (id, status, source, priority, score, estimated_value, notes, next_action, next_action_date, created_at, updated_at, assigned_to_id, company_id, contact_id, assigned_agent) VALUES (1, 'qualified', 'website', 'high', 95, 235387.00, 'Sample lead notes for lead 1', 'Send proposal', '2025-08-22 07:44:42.549345+00', '2025-08-06 07:44:42.549762+00', '2025-08-06 07:44:42.549767+00', 4, 2, 1, NULL);
INSERT INTO public.api_lead (id, status, source, priority, score, estimated_value, notes, next_action, next_action_date, created_at, updated_at, assigned_to_id, company_id, contact_id, assigned_agent) VALUES (2, 'lost', 'website', 'medium', 81, 72725.00, 'Sample lead notes for lead 2', 'Follow up', '2025-08-15 07:44:42.790515+00', '2025-08-06 07:44:42.790811+00', '2025-08-06 07:44:42.790816+00', 7, 3, 1, NULL);
INSERT INTO public.api_lead (id, status, source, priority, score, estimated_value, notes, next_action, next_action_date, created_at, updated_at, assigned_to_id, company_id, contact_id, assigned_agent) VALUES (3, 'proposal_sent', 'referral', 'medium', 48, 487729.00, 'Sample lead notes for lead 3', 'Call client', '2025-08-09 07:44:43.02555+00', '2025-08-06 07:44:43.025957+00', '2025-08-06 07:44:43.025965+00', 3, 3, 6, NULL);
INSERT INTO public.api_lead (id, status, source, priority, score, estimated_value, notes, next_action, next_action_date, created_at, updated_at, assigned_to_id, company_id, contact_id, assigned_agent) VALUES (4, 'negotiation', 'cold_outreach', 'high', 52, 228674.00, 'Sample lead notes for lead 4', 'Call client', '2025-08-25 07:44:43.260519+00', '2025-08-06 07:44:43.260862+00', '2025-08-06 07:44:43.260868+00', 3, 4, 4, NULL);
INSERT INTO public.api_lead (id, status, source, priority, score, estimated_value, notes, next_action, next_action_date, created_at, updated_at, assigned_to_id, company_id, contact_id, assigned_agent) VALUES (5, 'contacted', 'marketing', 'urgent', 9, 242379.00, 'Sample lead notes for lead 5', 'Follow up', '2025-08-25 07:44:43.495062+00', '2025-08-06 07:44:43.495381+00', '2025-08-06 07:44:43.495388+00', 4, 6, 4, NULL);
INSERT INTO public.api_lead (id, status, source, priority, score, estimated_value, notes, next_action, next_action_date, created_at, updated_at, assigned_to_id, company_id, contact_id, assigned_agent) VALUES (6, 'lost', 'marketing', 'urgent', 98, 411678.00, 'Sample lead notes for lead 6', 'Send proposal', '2025-08-19 07:44:43.729805+00', '2025-08-06 07:44:43.730116+00', '2025-08-06 07:44:43.730123+00', 4, 4, 4, NULL);
INSERT INTO public.api_lead (id, status, source, priority, score, estimated_value, notes, next_action, next_action_date, created_at, updated_at, assigned_to_id, company_id, contact_id, assigned_agent) VALUES (7, 'qualified', 'corporate_search', 'high', 7, 331012.00, 'Sample lead notes for lead 7', 'Follow up', '2025-08-30 07:44:43.964334+00', '2025-08-06 07:44:43.96469+00', '2025-08-06 07:44:43.964695+00', 6, 1, 4, NULL);
INSERT INTO public.api_lead (id, status, source, priority, score, estimated_value, notes, next_action, next_action_date, created_at, updated_at, assigned_to_id, company_id, contact_id, assigned_agent) VALUES (8, 'new', 'referral', 'low', 85, 455512.00, 'Sample lead notes for lead 8', 'Follow up', '2025-09-04 07:44:44.199007+00', '2025-08-06 07:44:44.19936+00', '2025-08-06 07:44:44.199369+00', 7, 1, 3, NULL);
INSERT INTO public.api_lead (id, status, source, priority, score, estimated_value, notes, next_action, next_action_date, created_at, updated_at, assigned_to_id, company_id, contact_id, assigned_agent) VALUES (9, 'qualified', 'referral', 'low', 45, 130129.00, 'Sample lead notes for lead 9', 'Call client', '2025-08-12 07:44:44.434033+00', '2025-08-06 07:44:44.434284+00', '2025-08-06 07:44:44.434289+00', 3, 5, 7, NULL);
INSERT INTO public.api_lead (id, status, source, priority, score, estimated_value, notes, next_action, next_action_date, created_at, updated_at, assigned_to_id, company_id, contact_id, assigned_agent) VALUES (10, 'proposal_sent', 'website', 'urgent', 39, 455966.00, 'Sample lead notes for lead 10', 'Call client', '2025-08-31 07:44:44.668457+00', '2025-08-06 07:44:44.668767+00', '2025-08-06 07:44:44.668772+00', 7, 2, 7, NULL);
INSERT INTO public.api_lead (id, status, source, priority, score, estimated_value, notes, next_action, next_action_date, created_at, updated_at, assigned_to_id, company_id, contact_id, assigned_agent) VALUES (11, 'proposal_sent', 'marketing', 'high', 16, 212135.00, 'Sample lead notes for lead 11', 'Call client', '2025-08-23 07:44:44.902887+00', '2025-08-06 07:44:44.903198+00', '2025-08-06 07:44:44.903203+00', 4, 2, 8, NULL);
INSERT INTO public.api_lead (id, status, source, priority, score, estimated_value, notes, next_action, next_action_date, created_at, updated_at, assigned_to_id, company_id, contact_id, assigned_agent) VALUES (12, 'new', 'corporate_search', 'high', 23, 446968.00, 'Sample lead notes for lead 12', 'Call client', '2025-08-21 07:44:45.137437+00', '2025-08-06 07:44:45.137828+00', '2025-08-06 07:44:45.137835+00', 3, 4, 6, NULL);
INSERT INTO public.api_lead (id, status, source, priority, score, estimated_value, notes, next_action, next_action_date, created_at, updated_at, assigned_to_id, company_id, contact_id, assigned_agent) VALUES (13, 'negotiation', 'referral', 'urgent', 94, 465703.00, 'Sample lead notes for lead 13', 'Send proposal', '2025-08-25 07:44:45.371969+00', '2025-08-06 07:44:45.372233+00', '2025-08-06 07:44:45.372238+00', 5, 3, 2, NULL);
INSERT INTO public.api_lead (id, status, source, priority, score, estimated_value, notes, next_action, next_action_date, created_at, updated_at, assigned_to_id, company_id, contact_id, assigned_agent) VALUES (14, 'negotiation', 'website', 'high', 88, 379413.00, 'Sample lead notes for lead 14', 'Follow up', '2025-08-31 07:44:45.606905+00', '2025-08-06 07:44:45.607238+00', '2025-08-06 07:44:45.607244+00', 7, 5, 2, NULL);
INSERT INTO public.api_lead (id, status, source, priority, score, estimated_value, notes, next_action, next_action_date, created_at, updated_at, assigned_to_id, company_id, contact_id, assigned_agent) VALUES (15, 'proposal_sent', 'marketing', 'medium', 65, 123871.00, 'Sample lead notes for lead 15', 'Follow up', '2025-08-25 07:44:45.841441+00', '2025-08-06 07:44:45.841867+00', '2025-08-06 07:44:45.841875+00', 4, 3, 6, NULL);
INSERT INTO public.api_lead (id, status, source, priority, score, estimated_value, notes, next_action, next_action_date, created_at, updated_at, assigned_to_id, company_id, contact_id, assigned_agent) VALUES (16, 'unqualified', 'website', 'urgent', 63, 138759.00, 'Sample lead notes for lead 1', 'Follow up', '2025-08-07 07:45:34.19065+00', '2025-08-06 07:45:34.191285+00', '2025-08-06 07:45:34.191292+00', 4, 3, 3, NULL);
INSERT INTO public.api_lead (id, status, source, priority, score, estimated_value, notes, next_action, next_action_date, created_at, updated_at, assigned_to_id, company_id, contact_id, assigned_agent) VALUES (17, 'contacted', 'marketing', 'urgent', 28, 482191.00, 'Sample lead notes for lead 2', 'Send proposal', '2025-09-02 07:45:34.427481+00', '2025-08-06 07:45:34.427823+00', '2025-08-06 07:45:34.427829+00', 6, 2, 4, NULL);
INSERT INTO public.api_lead (id, status, source, priority, score, estimated_value, notes, next_action, next_action_date, created_at, updated_at, assigned_to_id, company_id, contact_id, assigned_agent) VALUES (18, 'won', 'referral', 'medium', 15, 275073.00, 'Sample lead notes for lead 3', 'Send proposal', '2025-08-22 07:45:34.66237+00', '2025-08-06 07:45:34.66267+00', '2025-08-06 07:45:34.662678+00', 3, 5, 8, NULL);
INSERT INTO public.api_lead (id, status, source, priority, score, estimated_value, notes, next_action, next_action_date, created_at, updated_at, assigned_to_id, company_id, contact_id, assigned_agent) VALUES (19, 'won', 'corporate_search', 'low', 31, 111853.00, 'Sample lead notes for lead 4', 'Send proposal', '2025-08-20 07:45:34.897278+00', '2025-08-06 07:45:34.897572+00', '2025-08-06 07:45:34.897577+00', 5, 5, 8, NULL);
INSERT INTO public.api_lead (id, status, source, priority, score, estimated_value, notes, next_action, next_action_date, created_at, updated_at, assigned_to_id, company_id, contact_id, assigned_agent) VALUES (20, 'negotiation', 'cold_outreach', 'low', 50, 199073.00, 'Sample lead notes for lead 5', 'Send proposal', '2025-08-22 07:45:35.132144+00', '2025-08-06 07:45:35.13245+00', '2025-08-06 07:45:35.132456+00', 7, 2, 5, NULL);
INSERT INTO public.api_lead (id, status, source, priority, score, estimated_value, notes, next_action, next_action_date, created_at, updated_at, assigned_to_id, company_id, contact_id, assigned_agent) VALUES (21, 'proposal_sent', 'marketing', 'medium', 13, 490709.00, 'Sample lead notes for lead 6', 'Send proposal', '2025-08-23 07:45:35.366859+00', '2025-08-06 07:45:35.367204+00', '2025-08-06 07:45:35.367211+00', 5, 6, 4, NULL);
INSERT INTO public.api_lead (id, status, source, priority, score, estimated_value, notes, next_action, next_action_date, created_at, updated_at, assigned_to_id, company_id, contact_id, assigned_agent) VALUES (22, 'new', 'cold_outreach', 'medium', 55, 206487.00, 'Sample lead notes for lead 7', 'Schedule meeting', '2025-08-21 07:45:35.601752+00', '2025-08-06 07:45:35.602104+00', '2025-08-06 07:45:35.602112+00', 7, 2, 8, NULL);
INSERT INTO public.api_lead (id, status, source, priority, score, estimated_value, notes, next_action, next_action_date, created_at, updated_at, assigned_to_id, company_id, contact_id, assigned_agent) VALUES (23, 'won', 'cold_outreach', 'low', 95, 140882.00, 'Sample lead notes for lead 8', 'Schedule meeting', '2025-09-03 07:45:35.836496+00', '2025-08-06 07:45:35.83694+00', '2025-08-06 07:45:35.83695+00', 6, 1, 3, NULL);
INSERT INTO public.api_lead (id, status, source, priority, score, estimated_value, notes, next_action, next_action_date, created_at, updated_at, assigned_to_id, company_id, contact_id, assigned_agent) VALUES (24, 'negotiation', 'cold_outreach', 'low', 65, 390655.00, 'Sample lead notes for lead 9', 'Schedule meeting', '2025-08-15 07:45:36.071378+00', '2025-08-06 07:45:36.071728+00', '2025-08-06 07:45:36.071751+00', 3, 3, 4, NULL);
INSERT INTO public.api_lead (id, status, source, priority, score, estimated_value, notes, next_action, next_action_date, created_at, updated_at, assigned_to_id, company_id, contact_id, assigned_agent) VALUES (25, 'unqualified', 'marketing', 'urgent', 95, 74058.00, 'Sample lead notes for lead 10', 'Schedule meeting', '2025-08-14 07:45:36.306308+00', '2025-08-06 07:45:36.306636+00', '2025-08-06 07:45:36.306643+00', 5, 3, 6, NULL);
INSERT INTO public.api_lead (id, status, source, priority, score, estimated_value, notes, next_action, next_action_date, created_at, updated_at, assigned_to_id, company_id, contact_id, assigned_agent) VALUES (26, 'negotiation', 'marketing', 'low', 84, 185307.00, 'Sample lead notes for lead 11', 'Follow up', '2025-09-01 07:45:36.540953+00', '2025-08-06 07:45:36.541218+00', '2025-08-06 07:45:36.541223+00', 4, 1, 5, NULL);
INSERT INTO public.api_lead (id, status, source, priority, score, estimated_value, notes, next_action, next_action_date, created_at, updated_at, assigned_to_id, company_id, contact_id, assigned_agent) VALUES (27, 'lost', 'referral', 'urgent', 61, 117852.00, 'Sample lead notes for lead 12', 'Call client', '2025-08-25 07:45:36.775756+00', '2025-08-06 07:45:36.776113+00', '2025-08-06 07:45:36.77612+00', 6, 6, 5, NULL);
INSERT INTO public.api_lead (id, status, source, priority, score, estimated_value, notes, next_action, next_action_date, created_at, updated_at, assigned_to_id, company_id, contact_id, assigned_agent) VALUES (28, 'won', 'marketing', 'low', 12, 76612.00, 'Sample lead notes for lead 13', 'Follow up', '2025-08-24 07:45:37.010532+00', '2025-08-06 07:45:37.010829+00', '2025-08-06 07:45:37.010835+00', 5, 6, 4, NULL);
INSERT INTO public.api_lead (id, status, source, priority, score, estimated_value, notes, next_action, next_action_date, created_at, updated_at, assigned_to_id, company_id, contact_id, assigned_agent) VALUES (29, 'lost', 'cold_outreach', 'medium', 20, 150362.00, 'Sample lead notes for lead 14', 'Follow up', '2025-08-12 07:45:37.245169+00', '2025-08-06 07:45:37.245412+00', '2025-08-06 07:45:37.245416+00', 5, 2, 6, NULL);
INSERT INTO public.api_lead (id, status, source, priority, score, estimated_value, notes, next_action, next_action_date, created_at, updated_at, assigned_to_id, company_id, contact_id, assigned_agent) VALUES (30, 'proposal_sent', 'referral', 'urgent', 95, 269032.00, 'Sample lead notes for lead 15', 'Follow up', '2025-08-19 07:45:37.4799+00', '2025-08-06 07:45:37.480225+00', '2025-08-06 07:45:37.480232+00', 5, 5, 6, NULL);
INSERT INTO public.api_lead (id, status, source, priority, score, estimated_value, notes, next_action, next_action_date, created_at, updated_at, assigned_to_id, company_id, contact_id, assigned_agent) VALUES (31, 'lost', 'marketing', 'urgent', 16, 135862.00, 'Sample lead notes for lead 1', 'Call client', '2025-08-12 07:47:00.291816+00', '2025-08-06 07:47:00.292361+00', '2025-08-06 07:47:00.29237+00', 4, 6, 6, NULL);
INSERT INTO public.api_lead (id, status, source, priority, score, estimated_value, notes, next_action, next_action_date, created_at, updated_at, assigned_to_id, company_id, contact_id, assigned_agent) VALUES (32, 'new', 'referral', 'high', 76, 480062.00, 'Sample lead notes for lead 2', 'Follow up', '2025-08-28 07:47:00.530478+00', '2025-08-06 07:47:00.530919+00', '2025-08-06 07:47:00.530927+00', 4, 6, 8, NULL);
INSERT INTO public.api_lead (id, status, source, priority, score, estimated_value, notes, next_action, next_action_date, created_at, updated_at, assigned_to_id, company_id, contact_id, assigned_agent) VALUES (33, 'new', 'marketing', 'high', 39, 309451.00, 'Sample lead notes for lead 3', 'Follow up', '2025-08-30 07:47:00.767325+00', '2025-08-06 07:47:00.767591+00', '2025-08-06 07:47:00.767599+00', 6, 4, 4, NULL);
INSERT INTO public.api_lead (id, status, source, priority, score, estimated_value, notes, next_action, next_action_date, created_at, updated_at, assigned_to_id, company_id, contact_id, assigned_agent) VALUES (34, 'proposal_sent', 'marketing', 'urgent', 73, 379669.00, 'Sample lead notes for lead 4', 'Call client', '2025-08-17 07:47:01.004106+00', '2025-08-06 07:47:01.004395+00', '2025-08-06 07:47:01.0044+00', 6, 2, 7, NULL);
INSERT INTO public.api_lead (id, status, source, priority, score, estimated_value, notes, next_action, next_action_date, created_at, updated_at, assigned_to_id, company_id, contact_id, assigned_agent) VALUES (35, 'new', 'marketing', 'urgent', 95, 152971.00, 'Sample lead notes for lead 5', 'Send proposal', '2025-08-29 07:47:01.240771+00', '2025-08-06 07:47:01.241056+00', '2025-08-06 07:47:01.241061+00', 3, 6, 2, NULL);
INSERT INTO public.api_lead (id, status, source, priority, score, estimated_value, notes, next_action, next_action_date, created_at, updated_at, assigned_to_id, company_id, contact_id, assigned_agent) VALUES (36, 'proposal_sent', 'corporate_search', 'medium', 84, 332086.00, 'Sample lead notes for lead 6', 'Follow up', '2025-08-14 07:47:01.477436+00', '2025-08-06 07:47:01.477776+00', '2025-08-06 07:47:01.477782+00', 7, 1, 3, NULL);
INSERT INTO public.api_lead (id, status, source, priority, score, estimated_value, notes, next_action, next_action_date, created_at, updated_at, assigned_to_id, company_id, contact_id, assigned_agent) VALUES (37, 'unqualified', 'referral', 'medium', 55, 343468.00, 'Sample lead notes for lead 7', 'Follow up', '2025-08-07 07:47:01.714454+00', '2025-08-06 07:47:01.714881+00', '2025-08-06 07:47:01.714887+00', 3, 6, 1, NULL);
INSERT INTO public.api_lead (id, status, source, priority, score, estimated_value, notes, next_action, next_action_date, created_at, updated_at, assigned_to_id, company_id, contact_id, assigned_agent) VALUES (38, 'lost', 'corporate_search', 'high', 43, 52179.00, 'Sample lead notes for lead 8', 'Follow up', '2025-08-20 07:47:01.951449+00', '2025-08-06 07:47:01.951958+00', '2025-08-06 07:47:01.951965+00', 4, 4, 8, NULL);
INSERT INTO public.api_lead (id, status, source, priority, score, estimated_value, notes, next_action, next_action_date, created_at, updated_at, assigned_to_id, company_id, contact_id, assigned_agent) VALUES (39, 'proposal_sent', 'cold_outreach', 'high', 98, 335403.00, 'Sample lead notes for lead 9', 'Send proposal', '2025-08-17 07:47:02.188325+00', '2025-08-06 07:47:02.188693+00', '2025-08-06 07:47:02.1887+00', 4, 1, 4, NULL);
INSERT INTO public.api_lead (id, status, source, priority, score, estimated_value, notes, next_action, next_action_date, created_at, updated_at, assigned_to_id, company_id, contact_id, assigned_agent) VALUES (40, 'won', 'website', 'high', 11, 129373.00, 'Sample lead notes for lead 10', 'Schedule meeting', '2025-08-07 07:47:02.425157+00', '2025-08-06 07:47:02.425422+00', '2025-08-06 07:47:02.425427+00', 4, 3, 5, NULL);
INSERT INTO public.api_lead (id, status, source, priority, score, estimated_value, notes, next_action, next_action_date, created_at, updated_at, assigned_to_id, company_id, contact_id, assigned_agent) VALUES (41, 'won', 'cold_outreach', 'medium', 48, 122801.00, 'Sample lead notes for lead 11', 'Send proposal', '2025-08-16 07:47:02.661839+00', '2025-08-06 07:47:02.662152+00', '2025-08-06 07:47:02.662157+00', 6, 4, 8, NULL);
INSERT INTO public.api_lead (id, status, source, priority, score, estimated_value, notes, next_action, next_action_date, created_at, updated_at, assigned_to_id, company_id, contact_id, assigned_agent) VALUES (42, 'unqualified', 'referral', 'low', 65, 486586.00, 'Sample lead notes for lead 12', 'Send proposal', '2025-08-10 07:47:02.898484+00', '2025-08-06 07:47:02.898781+00', '2025-08-06 07:47:02.898785+00', 3, 2, 1, NULL);
INSERT INTO public.api_lead (id, status, source, priority, score, estimated_value, notes, next_action, next_action_date, created_at, updated_at, assigned_to_id, company_id, contact_id, assigned_agent) VALUES (43, 'qualified', 'corporate_search', 'low', 68, 445229.00, 'Sample lead notes for lead 13', 'Call client', '2025-08-10 07:47:03.135117+00', '2025-08-06 07:47:03.135432+00', '2025-08-06 07:47:03.135436+00', 6, 2, 1, NULL);
INSERT INTO public.api_lead (id, status, source, priority, score, estimated_value, notes, next_action, next_action_date, created_at, updated_at, assigned_to_id, company_id, contact_id, assigned_agent) VALUES (44, 'proposal_sent', 'website', 'urgent', 63, 472659.00, 'Sample lead notes for lead 14', 'Schedule meeting', '2025-08-11 07:47:03.371675+00', '2025-08-06 07:47:03.372028+00', '2025-08-06 07:47:03.372035+00', 7, 2, 5, NULL);
INSERT INTO public.api_lead (id, status, source, priority, score, estimated_value, notes, next_action, next_action_date, created_at, updated_at, assigned_to_id, company_id, contact_id, assigned_agent) VALUES (45, 'proposal_sent', 'marketing', 'urgent', 61, 351677.00, 'Sample lead notes for lead 15', 'Follow up', '2025-08-18 07:47:03.608309+00', '2025-08-06 07:47:03.608591+00', '2025-08-06 07:47:03.608596+00', 6, 3, 8, NULL);
INSERT INTO public.api_lead (id, status, source, priority, score, estimated_value, notes, next_action, next_action_date, created_at, updated_at, assigned_to_id, company_id, contact_id, assigned_agent) VALUES (46, 'lost', 'cold_outreach', 'medium', 93, 263581.00, 'Sample lead notes for lead 1', 'Follow up', '2025-08-08 07:48:26.073537+00', '2025-08-06 07:48:26.074097+00', '2025-08-06 07:48:26.074107+00', 6, 5, 7, NULL);
INSERT INTO public.api_lead (id, status, source, priority, score, estimated_value, notes, next_action, next_action_date, created_at, updated_at, assigned_to_id, company_id, contact_id, assigned_agent) VALUES (47, 'won', 'website', 'medium', 92, 380041.00, 'Sample lead notes for lead 2', 'Follow up', '2025-09-03 07:48:26.311226+00', '2025-08-06 07:48:26.31155+00', '2025-08-06 07:48:26.311556+00', 3, 5, 4, NULL);
INSERT INTO public.api_lead (id, status, source, priority, score, estimated_value, notes, next_action, next_action_date, created_at, updated_at, assigned_to_id, company_id, contact_id, assigned_agent) VALUES (48, 'proposal_sent', 'referral', 'urgent', 40, 457954.00, 'Sample lead notes for lead 3', 'Schedule meeting', '2025-08-11 07:48:26.546704+00', '2025-08-06 07:48:26.547147+00', '2025-08-06 07:48:26.547158+00', 7, 3, 8, NULL);
INSERT INTO public.api_lead (id, status, source, priority, score, estimated_value, notes, next_action, next_action_date, created_at, updated_at, assigned_to_id, company_id, contact_id, assigned_agent) VALUES (49, 'lost', 'cold_outreach', 'high', 42, 152332.00, 'Sample lead notes for lead 4', 'Follow up', '2025-08-11 07:48:26.782331+00', '2025-08-06 07:48:26.782593+00', '2025-08-06 07:48:26.782598+00', 3, 6, 5, NULL);
INSERT INTO public.api_lead (id, status, source, priority, score, estimated_value, notes, next_action, next_action_date, created_at, updated_at, assigned_to_id, company_id, contact_id, assigned_agent) VALUES (50, 'unqualified', 'marketing', 'urgent', 57, 72962.00, 'Sample lead notes for lead 5', 'Schedule meeting', '2025-08-20 07:48:27.020842+00', '2025-08-06 07:48:27.021128+00', '2025-08-06 07:48:27.021133+00', 7, 4, 3, NULL);
INSERT INTO public.api_lead (id, status, source, priority, score, estimated_value, notes, next_action, next_action_date, created_at, updated_at, assigned_to_id, company_id, contact_id, assigned_agent) VALUES (51, 'unqualified', 'referral', 'medium', 100, 204624.00, 'Sample lead notes for lead 6', 'Follow up', '2025-09-05 07:48:27.257554+00', '2025-08-06 07:48:27.257843+00', '2025-08-06 07:48:27.257848+00', 7, 6, 8, NULL);
INSERT INTO public.api_lead (id, status, source, priority, score, estimated_value, notes, next_action, next_action_date, created_at, updated_at, assigned_to_id, company_id, contact_id, assigned_agent) VALUES (52, 'contacted', 'cold_outreach', 'high', 41, 258544.00, 'Sample lead notes for lead 7', 'Follow up', '2025-09-05 07:48:27.496878+00', '2025-08-06 07:48:27.497208+00', '2025-08-06 07:48:27.497224+00', 4, 1, 5, NULL);
INSERT INTO public.api_lead (id, status, source, priority, score, estimated_value, notes, next_action, next_action_date, created_at, updated_at, assigned_to_id, company_id, contact_id, assigned_agent) VALUES (53, 'qualified', 'website', 'low', 70, 447617.00, 'Sample lead notes for lead 8', 'Call client', '2025-09-04 07:48:27.732282+00', '2025-08-06 07:48:27.732567+00', '2025-08-06 07:48:27.732573+00', 5, 3, 3, NULL);
INSERT INTO public.api_lead (id, status, source, priority, score, estimated_value, notes, next_action, next_action_date, created_at, updated_at, assigned_to_id, company_id, contact_id, assigned_agent) VALUES (54, 'won', 'marketing', 'high', 67, 475579.00, 'Sample lead notes for lead 9', 'Follow up', '2025-08-10 07:48:27.967601+00', '2025-08-06 07:48:27.967958+00', '2025-08-06 07:48:27.967965+00', 3, 3, 7, NULL);
INSERT INTO public.api_lead (id, status, source, priority, score, estimated_value, notes, next_action, next_action_date, created_at, updated_at, assigned_to_id, company_id, contact_id, assigned_agent) VALUES (55, 'contacted', 'corporate_search', 'high', 30, 236640.00, 'Sample lead notes for lead 10', 'Call client', '2025-08-25 07:48:28.204505+00', '2025-08-06 07:48:28.204897+00', '2025-08-06 07:48:28.204905+00', 4, 6, 4, NULL);
INSERT INTO public.api_lead (id, status, source, priority, score, estimated_value, notes, next_action, next_action_date, created_at, updated_at, assigned_to_id, company_id, contact_id, assigned_agent) VALUES (56, 'new', 'referral', 'urgent', 46, 190052.00, 'Sample lead notes for lead 11', 'Send proposal', '2025-09-02 07:48:28.439872+00', '2025-08-06 07:48:28.440143+00', '2025-08-06 07:48:28.440148+00', 4, 5, 8, NULL);
INSERT INTO public.api_lead (id, status, source, priority, score, estimated_value, notes, next_action, next_action_date, created_at, updated_at, assigned_to_id, company_id, contact_id, assigned_agent) VALUES (57, 'won', 'referral', 'urgent', 48, 172788.00, 'Sample lead notes for lead 12', 'Follow up', '2025-08-27 07:48:28.675382+00', '2025-08-06 07:48:28.675675+00', '2025-08-06 07:48:28.67568+00', 3, 2, 8, NULL);
INSERT INTO public.api_lead (id, status, source, priority, score, estimated_value, notes, next_action, next_action_date, created_at, updated_at, assigned_to_id, company_id, contact_id, assigned_agent) VALUES (58, 'unqualified', 'website', 'high', 56, 452880.00, 'Sample lead notes for lead 13', 'Follow up', '2025-08-11 07:48:28.911267+00', '2025-08-06 07:48:28.91152+00', '2025-08-06 07:48:28.911527+00', 6, 1, 6, NULL);
INSERT INTO public.api_lead (id, status, source, priority, score, estimated_value, notes, next_action, next_action_date, created_at, updated_at, assigned_to_id, company_id, contact_id, assigned_agent) VALUES (59, 'qualified', 'referral', 'low', 27, 59583.00, 'Sample lead notes for lead 14', 'Send proposal', '2025-08-17 07:48:29.146463+00', '2025-08-06 07:48:29.14677+00', '2025-08-06 07:48:29.146778+00', 5, 3, 2, NULL);
INSERT INTO public.api_lead (id, status, source, priority, score, estimated_value, notes, next_action, next_action_date, created_at, updated_at, assigned_to_id, company_id, contact_id, assigned_agent) VALUES (60, 'contacted', 'corporate_search', 'high', 67, 362501.00, 'Sample lead notes for lead 15', 'Send proposal', '2025-08-25 07:48:29.381825+00', '2025-08-06 07:48:29.382104+00', '2025-08-06 07:48:29.382109+00', 6, 4, 4, NULL);
INSERT INTO public.api_lead (id, status, source, priority, score, estimated_value, notes, next_action, next_action_date, created_at, updated_at, assigned_to_id, company_id, contact_id, assigned_agent) VALUES (71, 'new', 'corporate_search', 'high', 97, 2305437.00, 'Moved from corporate search. AI Score: 97. High-potential corporate client with strong growth indicators. Excellent opportunity for partnership.. Specialties: web-application, Android-app, crmtool. Travel Frequency: Bi-weekly. Preferred Class: Business/First.', '', NULL, '2025-08-25 07:29:12.783985+00', '2025-08-25 07:29:12.783999+00', NULL, 20, 19, NULL);
INSERT INTO public.api_lead (id, status, source, priority, score, estimated_value, notes, next_action, next_action_date, created_at, updated_at, assigned_to_id, company_id, contact_id, assigned_agent) VALUES (72, 'new', 'corporate_search', 'high', 99, 2818683.00, 'Moved from corporate search. AI Score: 99. Established company with consistent business patterns. Good candidate for long-term contracts.. Specialties: web-application, Android-app, crmtool. Travel Frequency: Bi-weekly. Preferred Class: Business/First.', '', NULL, '2025-08-25 07:44:02.515591+00', '2025-08-25 07:44:02.515607+00', NULL, 20, 20, NULL);
INSERT INTO public.api_lead (id, status, source, priority, score, estimated_value, notes, next_action, next_action_date, created_at, updated_at, assigned_to_id, company_id, contact_id, assigned_agent) VALUES (69, 'new', 'corporate_search', 'medium', 93, 630334.00, 'Moved from corporate search. AI Score: 93. High-potential corporate client with strong growth indicators. Excellent opportunity for partnership.. Specialties: Business Services, Corporate Solutions. Travel Frequency: Quarterly. Preferred Class: Economy.

Assigned to: John Doe
Priority: High Priority
Assignment Notes: demo

Assigned to: John Doe
Priority: Medium Priority
Assignment Notes: demo

Assigned to: Jane Smith
Priority: High Priority


Assigned to: Mike Johnson
Priority: Urgent
Assignment Notes: new', 'Follow up', NULL, '2025-08-14 06:53:19.921802+00', '2025-08-21 10:54:19.726712+00', NULL, 11, 17, 'Mike Johnson');
INSERT INTO public.api_lead (id, status, source, priority, score, estimated_value, notes, next_action, next_action_date, created_at, updated_at, assigned_to_id, company_id, contact_id, assigned_agent) VALUES (70, 'new', 'corporate_search', 'high', 85, 856267.00, 'Moved from corporate search. AI Score: 85. Growing organization with expanding travel needs. Consider volume-based pricing strategies.. Specialties: Business Services, Corporate Solutions. Travel Frequency: Quarterly. Preferred Class: Economy Plus.', '', NULL, '2025-08-21 13:01:38.551483+00', '2025-08-21 13:01:38.551498+00', NULL, 18, 18, NULL);
INSERT INTO public.api_lead (id, status, source, priority, score, estimated_value, notes, next_action, next_action_date, created_at, updated_at, assigned_to_id, company_id, contact_id, assigned_agent) VALUES (67, 'qualified', 'Cold Call', 'medium', 50, 1000.00, 'demo check

[2025-08-13 06:53] Disqualified: ', 'Initial contact', '2025-08-15 00:00:00+00', '2025-08-13 06:01:11.599344+00', '2025-08-13 11:52:04.1159+00', NULL, 22, 15, NULL);
INSERT INTO public.api_lead (id, status, source, priority, score, estimated_value, notes, next_action, next_action_date, created_at, updated_at, assigned_to_id, company_id, contact_id, assigned_agent) VALUES (73, 'new', 'corporate_search', 'high', 93, 2158730.00, 'Moved from corporate search. AI Score: 93. Established company with consistent business patterns. Good candidate for long-term contracts.. Specialties: web-application, Android-app, crmtool. Travel Frequency: Bi-weekly. Preferred Class: Business/First.', '', NULL, '2025-08-25 07:53:04.667792+00', '2025-08-25 07:53:04.667805+00', NULL, 20, 21, NULL);
INSERT INTO public.api_lead (id, status, source, priority, score, estimated_value, notes, next_action, next_action_date, created_at, updated_at, assigned_to_id, company_id, contact_id, assigned_agent) VALUES (68, 'new', 'corporate_search', 'urgent', 91, 837042.00, 'Moved from corporate search. AI Score: 91. High-potential corporate client with strong growth indicators. Excellent opportunity for partnership.. Specialties: Business Services, Corporate Solutions. Travel Frequency: Quarterly. Preferred Class: Economy Plus.

Assigned to: John Doe
Priority: High Priority
Assignment Notes: test', 'Follow up test', NULL, '2025-08-14 06:32:54.14079+00', '2025-08-19 14:25:49.887478+00', NULL, 22, 16, 'Jane Smith');
INSERT INTO public.api_lead (id, status, source, priority, score, estimated_value, notes, next_action, next_action_date, created_at, updated_at, assigned_to_id, company_id, contact_id, assigned_agent) VALUES (63, 'unqualified', 'corporate_search', 'low', 91, 721224.00, 'muniraj', 'Follow up', NULL, '2025-08-08 11:28:15.733459+00', '2025-08-11 09:08:48.881888+00', NULL, 1, 11, NULL);
INSERT INTO public.api_lead (id, status, source, priority, score, estimated_value, notes, next_action, next_action_date, created_at, updated_at, assigned_to_id, company_id, contact_id, assigned_agent) VALUES (65, 'won', 'corporate_search', 'high', 85, 3461043.00, 'Moved from corporate search. AI Score: 85. Premium client with sophisticated requirements. Focus on high-service offerings.. Specialties: Business Services, Corporate Solutions. Travel Frequency: Weekly. Preferred Class: Business.', 'Follow up', NULL, '2025-08-08 12:10:48.047159+00', '2025-08-22 07:08:47.83938+00', NULL, 1, 13, NULL);
INSERT INTO public.api_lead (id, status, source, priority, score, estimated_value, notes, next_action, next_action_date, created_at, updated_at, assigned_to_id, company_id, contact_id, assigned_agent) VALUES (64, 'won', 'corporate_search', 'high', 91, 721224.00, 'Moved from corporate search. AI Score: 91. Established company with consistent business patterns. Good candidate for long-term contracts.. Specialties: Business Services, Corporate Solutions. Travel Frequency: Weekly. Preferred Class: Business/First.', '', NULL, '2025-08-08 11:28:17.392331+00', '2025-08-20 06:38:11.591229+00', NULL, 1, 12, NULL);
INSERT INTO public.api_lead (id, status, source, priority, score, estimated_value, notes, next_action, next_action_date, created_at, updated_at, assigned_to_id, company_id, contact_id, assigned_agent) VALUES (62, 'won', 'corporate_search', 'low', 92, 1436339.00, 'Moved from corporate search. AI Score: 92. Established company with consistent business patterns. Good candidate for long-term contracts.. Specialties: web-application, Android-app, crmtool. Travel Frequency: Bi-weekly. Preferred Class: Business/First.

[2025-08-11 10:01] Disqualified: checking this 

[2025-08-11 10:04] Disqualified: testing nagedran corporate
zzzzzzzzzzzzzzzzzzzzzzzzzzzzzzzzzzzzz

[2025-08-11 13:09] Disqualified: ', 'talk with them and wait', NULL, '2025-08-08 11:09:45.72581+00', '2025-08-13 12:22:47.490932+00', NULL, 20, 10, NULL);
INSERT INTO public.api_lead (id, status, source, priority, score, estimated_value, notes, next_action, next_action_date, created_at, updated_at, assigned_to_id, company_id, contact_id, assigned_agent) VALUES (61, 'won', 'Cold Call', 'medium', 50, 55.00, '55ttrreeeee', '', NULL, '2025-08-08 09:53:05.131206+00', '2025-08-13 12:29:06.603106+00', NULL, 21, 9, NULL);
INSERT INTO public.api_lead (id, status, source, priority, score, estimated_value, notes, next_action, next_action_date, created_at, updated_at, assigned_to_id, company_id, contact_id, assigned_agent) VALUES (66, 'won', 'corporate_search', 'high', 94, 2484189.00, 'Moved from corporate search. AI Score: 94. High-potential corporate client with strong growth indicators. Excellent opportunity for partnership.. Specialties: Business Services, Corporate Solutions. Travel Frequency: Monthly. Preferred Class: First.', 'Follow up', NULL, '2025-08-12 07:03:27.599178+00', '2025-08-20 06:49:22.036451+00', NULL, 1, 14, NULL);


--
-- Data for Name: api_opportunity; Type: TABLE DATA; Schema: public; Owner: -
--

INSERT INTO public.api_opportunity (id, name, stage, probability, estimated_close_date, actual_close_date, value, description, next_steps, created_at, updated_at, lead_id) VALUES (2, 'Travel Services Opportunity - HealthTech Innovations', 'negotiation', 47, '2025-12-05', NULL, 252496.00, 'Corporate travel services opportunity with HealthTech Innovations', 'Prepare detailed proposal and schedule presentation', '2025-08-06 07:44:46.314879+00', '2025-08-06 07:44:46.314893+00', 3);
INSERT INTO public.api_opportunity (id, name, stage, probability, estimated_close_date, actual_close_date, value, description, next_steps, created_at, updated_at, lead_id) VALUES (3, 'Travel Services Opportunity - Manufacturing Plus', 'closed_lost', 16, '2025-10-31', NULL, 863696.00, 'Corporate travel services opportunity with Manufacturing Plus', 'Prepare detailed proposal and schedule presentation', '2025-08-06 07:44:46.549573+00', '2025-08-06 07:44:46.549586+00', 4);
INSERT INTO public.api_opportunity (id, name, stage, probability, estimated_close_date, actual_close_date, value, description, next_steps, created_at, updated_at, lead_id) VALUES (4, 'Travel Services Opportunity - ConsultPro Services', 'closed_won', 14, '2025-12-09', NULL, 414085.00, 'Corporate travel services opportunity with ConsultPro Services', 'Prepare detailed proposal and schedule presentation', '2025-08-06 07:44:46.78439+00', '2025-08-06 07:44:46.7844+00', 5);
INSERT INTO public.api_opportunity (id, name, stage, probability, estimated_close_date, actual_close_date, value, description, next_steps, created_at, updated_at, lead_id) VALUES (6, 'Travel Services Opportunity - Retail Dynamics', 'discovery', 25, '2026-01-27', NULL, 693476.00, 'Corporate travel services opportunity with Retail Dynamics', 'Prepare detailed proposal and schedule presentation', '2025-08-06 07:44:47.253797+00', '2025-08-06 07:44:47.253811+00', 9);
INSERT INTO public.api_opportunity (id, name, stage, probability, estimated_close_date, actual_close_date, value, description, next_steps, created_at, updated_at, lead_id) VALUES (7, 'Travel Services Opportunity - Global Finance Ltd', 'discovery', 49, '2025-10-20', NULL, 482255.00, 'Corporate travel services opportunity with Global Finance Ltd', 'Prepare detailed proposal and schedule presentation', '2025-08-06 07:44:47.488425+00', '2025-08-06 07:44:47.488439+00', 10);
INSERT INTO public.api_opportunity (id, name, stage, probability, estimated_close_date, actual_close_date, value, description, next_steps, created_at, updated_at, lead_id) VALUES (8, 'Travel Services Opportunity - Global Finance Ltd', 'proposal', 75, '2026-01-15', NULL, 430439.00, 'Corporate travel services opportunity with Global Finance Ltd', 'Prepare detailed proposal and schedule presentation', '2025-08-06 07:44:47.722855+00', '2025-08-06 07:44:47.722865+00', 11);
INSERT INTO public.api_opportunity (id, name, stage, probability, estimated_close_date, actual_close_date, value, description, next_steps, created_at, updated_at, lead_id) VALUES (9, 'Travel Services Opportunity - Global Finance Ltd', 'negotiation', 58, '2025-11-08', NULL, 880738.00, 'Corporate travel services opportunity with Global Finance Ltd', 'Prepare detailed proposal and schedule presentation', '2025-08-06 07:45:37.715565+00', '2025-08-06 07:45:37.715577+00', 17);
INSERT INTO public.api_opportunity (id, name, stage, probability, estimated_close_date, actual_close_date, value, description, next_steps, created_at, updated_at, lead_id) VALUES (11, 'Travel Services Opportunity - Retail Dynamics', 'closed_won', 35, '2025-09-14', NULL, 968480.00, 'Corporate travel services opportunity with Retail Dynamics', 'Prepare detailed proposal and schedule presentation', '2025-08-06 07:45:38.186387+00', '2025-08-06 07:45:38.186397+00', 19);
INSERT INTO public.api_opportunity (id, name, stage, probability, estimated_close_date, actual_close_date, value, description, next_steps, created_at, updated_at, lead_id) VALUES (12, 'Travel Services Opportunity - Global Finance Ltd', 'closed_won', 19, '2025-10-27', NULL, 813625.00, 'Corporate travel services opportunity with Global Finance Ltd', 'Prepare detailed proposal and schedule presentation', '2025-08-06 07:45:38.421154+00', '2025-08-06 07:45:38.421167+00', 20);
INSERT INTO public.api_opportunity (id, name, stage, probability, estimated_close_date, actual_close_date, value, description, next_steps, created_at, updated_at, lead_id) VALUES (13, 'Travel Services Opportunity - ConsultPro Services', 'closed_won', 17, '2025-10-26', NULL, 391712.00, 'Corporate travel services opportunity with ConsultPro Services', 'Prepare detailed proposal and schedule presentation', '2025-08-06 07:45:38.65563+00', '2025-08-06 07:45:38.655639+00', 21);
INSERT INTO public.api_opportunity (id, name, stage, probability, estimated_close_date, actual_close_date, value, description, next_steps, created_at, updated_at, lead_id) VALUES (14, 'Travel Services Opportunity - TechCorp Solutions', 'negotiation', 78, '2025-09-15', NULL, 243296.00, 'Corporate travel services opportunity with TechCorp Solutions', 'Prepare detailed proposal and schedule presentation', '2025-08-06 07:45:38.890919+00', '2025-08-06 07:45:38.890928+00', 23);
INSERT INTO public.api_opportunity (id, name, stage, probability, estimated_close_date, actual_close_date, value, description, next_steps, created_at, updated_at, lead_id) VALUES (15, 'Travel Services Opportunity - HealthTech Innovations', 'negotiation', 25, '2025-12-31', NULL, 749762.00, 'Corporate travel services opportunity with HealthTech Innovations', 'Prepare detailed proposal and schedule presentation', '2025-08-06 07:45:39.125355+00', '2025-08-06 07:45:39.125364+00', 24);
INSERT INTO public.api_opportunity (id, name, stage, probability, estimated_close_date, actual_close_date, value, description, next_steps, created_at, updated_at, lead_id) VALUES (16, 'Travel Services Opportunity - TechCorp Solutions', 'closed_won', 12, '2025-11-01', NULL, 144770.00, 'Corporate travel services opportunity with TechCorp Solutions', 'Prepare detailed proposal and schedule presentation', '2025-08-06 07:45:39.359834+00', '2025-08-06 07:45:39.359843+00', 26);
INSERT INTO public.api_opportunity (id, name, stage, probability, estimated_close_date, actual_close_date, value, description, next_steps, created_at, updated_at, lead_id) VALUES (17, 'Travel Services Opportunity - Global Finance Ltd', 'closed_won', 41, '2025-11-26', NULL, 358864.00, 'Corporate travel services opportunity with Global Finance Ltd', 'Prepare detailed proposal and schedule presentation', '2025-08-06 07:47:03.845637+00', '2025-08-06 07:47:03.84565+00', 34);
INSERT INTO public.api_opportunity (id, name, stage, probability, estimated_close_date, actual_close_date, value, description, next_steps, created_at, updated_at, lead_id) VALUES (18, 'Travel Services Opportunity - TechCorp Solutions', 'closed_won', 43, '2026-01-04', NULL, 940373.00, 'Corporate travel services opportunity with TechCorp Solutions', 'Prepare detailed proposal and schedule presentation', '2025-08-06 07:47:04.084066+00', '2025-08-06 07:47:04.084075+00', 36);
INSERT INTO public.api_opportunity (id, name, stage, probability, estimated_close_date, actual_close_date, value, description, next_steps, created_at, updated_at, lead_id) VALUES (19, 'Travel Services Opportunity - TechCorp Solutions', 'proposal', 18, '2025-10-29', NULL, 601150.00, 'Corporate travel services opportunity with TechCorp Solutions', 'Prepare detailed proposal and schedule presentation', '2025-08-06 07:47:04.320698+00', '2025-08-06 07:47:04.320767+00', 39);
INSERT INTO public.api_opportunity (id, name, stage, probability, estimated_close_date, actual_close_date, value, description, next_steps, created_at, updated_at, lead_id) VALUES (20, 'Travel Services Opportunity - HealthTech Innovations', 'closed_lost', 29, '2025-12-14', NULL, 424110.00, 'Corporate travel services opportunity with HealthTech Innovations', 'Prepare detailed proposal and schedule presentation', '2025-08-06 07:47:04.560486+00', '2025-08-06 07:47:04.5605+00', 40);
INSERT INTO public.api_opportunity (id, name, stage, probability, estimated_close_date, actual_close_date, value, description, next_steps, created_at, updated_at, lead_id) VALUES (21, 'Travel Services Opportunity - Manufacturing Plus', 'closed_won', 50, '2025-10-04', NULL, 806918.00, 'Corporate travel services opportunity with Manufacturing Plus', 'Prepare detailed proposal and schedule presentation', '2025-08-06 07:47:04.797008+00', '2025-08-06 07:47:04.797017+00', 41);
INSERT INTO public.api_opportunity (id, name, stage, probability, estimated_close_date, actual_close_date, value, description, next_steps, created_at, updated_at, lead_id) VALUES (22, 'Travel Services Opportunity - Global Finance Ltd', 'discovery', 66, '2025-09-06', NULL, 389245.00, 'Corporate travel services opportunity with Global Finance Ltd', 'Prepare detailed proposal and schedule presentation', '2025-08-06 07:47:05.033412+00', '2025-08-06 07:47:05.033422+00', 43);
INSERT INTO public.api_opportunity (id, name, stage, probability, estimated_close_date, actual_close_date, value, description, next_steps, created_at, updated_at, lead_id) VALUES (23, 'Travel Services Opportunity - Global Finance Ltd', 'negotiation', 70, '2025-12-31', NULL, 413775.00, 'Corporate travel services opportunity with Global Finance Ltd', 'Prepare detailed proposal and schedule presentation', '2025-08-06 07:47:05.269967+00', '2025-08-06 07:47:05.269983+00', 44);
INSERT INTO public.api_opportunity (id, name, stage, probability, estimated_close_date, actual_close_date, value, description, next_steps, created_at, updated_at, lead_id) VALUES (24, 'Travel Services Opportunity - HealthTech Innovations', 'proposal', 43, '2025-12-11', NULL, 856388.00, 'Corporate travel services opportunity with HealthTech Innovations', 'Prepare detailed proposal and schedule presentation', '2025-08-06 07:47:05.507883+00', '2025-08-06 07:47:05.507893+00', 45);
INSERT INTO public.api_opportunity (id, name, stage, probability, estimated_close_date, actual_close_date, value, description, next_steps, created_at, updated_at, lead_id) VALUES (25, 'Travel Services Opportunity - Retail Dynamics', 'discovery', 54, '2025-09-09', NULL, 309026.00, 'Corporate travel services opportunity with Retail Dynamics', 'Prepare detailed proposal and schedule presentation', '2025-08-06 07:48:29.618259+00', '2025-08-06 07:48:29.618269+00', 47);
INSERT INTO public.api_opportunity (id, name, stage, probability, estimated_close_date, actual_close_date, value, description, next_steps, created_at, updated_at, lead_id) VALUES (26, 'Travel Services Opportunity - HealthTech Innovations', 'closed_lost', 64, '2025-10-14', NULL, 921382.00, 'Corporate travel services opportunity with HealthTech Innovations', 'Prepare detailed proposal and schedule presentation', '2025-08-06 07:48:29.854813+00', '2025-08-06 07:48:29.854825+00', 48);
INSERT INTO public.api_opportunity (id, name, stage, probability, estimated_close_date, actual_close_date, value, description, next_steps, created_at, updated_at, lead_id) VALUES (28, 'Travel Services Opportunity - HealthTech Innovations', 'discovery', 12, '2025-09-30', NULL, 695467.00, 'Corporate travel services opportunity with HealthTech Innovations', 'Prepare detailed proposal and schedule presentation', '2025-08-06 07:48:30.325885+00', '2025-08-06 07:48:30.325894+00', 53);
INSERT INTO public.api_opportunity (id, name, stage, probability, estimated_close_date, actual_close_date, value, description, next_steps, created_at, updated_at, lead_id) VALUES (29, 'Travel Services Opportunity - HealthTech Innovations', 'negotiation', 21, '2025-11-23', NULL, 754013.00, 'Corporate travel services opportunity with HealthTech Innovations', 'Prepare detailed proposal and schedule presentation', '2025-08-06 07:48:30.561134+00', '2025-08-06 07:48:30.561143+00', 54);
INSERT INTO public.api_opportunity (id, name, stage, probability, estimated_close_date, actual_close_date, value, description, next_steps, created_at, updated_at, lead_id) VALUES (30, 'Travel Services Opportunity - ConsultPro Services', 'closed_won', 81, '2025-09-15', NULL, 281210.00, 'Corporate travel services opportunity with ConsultPro Services', 'Prepare detailed proposal and schedule presentation', '2025-08-06 07:48:30.79634+00', '2025-08-06 07:48:30.79635+00', 55);
INSERT INTO public.api_opportunity (id, name, stage, probability, estimated_close_date, actual_close_date, value, description, next_steps, created_at, updated_at, lead_id) VALUES (1, 'Travel Services Opportunity - Global Finance Ltd', 'negotiation', 23, '2026-01-16', NULL, 884348.00, 'demo ', 'Prepare detailed proposal and schedule presentation', '2025-08-06 07:44:46.077375+00', '2025-08-06 07:44:46.077389+00', 1);
INSERT INTO public.api_opportunity (id, name, stage, probability, estimated_close_date, actual_close_date, value, description, next_steps, created_at, updated_at, lead_id) VALUES (27, 'Travel Services Opportunity - TechCorp Solutions', 'negotiation', 79, '2025-11-23', NULL, 989784.00, 'Corporate travel services opportunity with TechCorp Solutions', 'Prepare detailed proposal and schedule presentation', '2025-08-06 07:48:30.090308+00', '2025-08-13 12:32:27.857942+00', 52);
INSERT INTO public.api_opportunity (id, name, stage, probability, estimated_close_date, actual_close_date, value, description, next_steps, created_at, updated_at, lead_id) VALUES (10, 'Travel Services Opportunity - Retail Dynamics', 'negotiation', 80, '2025-09-11', NULL, 499971.00, 'Corporate travel services opportunity with Retail Dynamics', 'Prepare detailed proposal and schedule presentation', '2025-08-06 07:45:37.951783+00', '2025-08-22 10:49:42.039365+00', 18);
INSERT INTO public.api_opportunity (id, name, stage, probability, estimated_close_date, actual_close_date, value, description, next_steps, created_at, updated_at, lead_id) VALUES (32, 'Travel Services Opportunity - HealthTech Innovations', 'closed_lost', 51, '2025-12-18', NULL, 223403.00, 'Corporate travel services opportunity with HealthTech Innovations', 'Prepare detailed proposal and schedule presentation', '2025-08-06 07:48:31.269323+00', '2025-08-06 07:48:31.269337+00', 59);
INSERT INTO public.api_opportunity (id, name, stage, probability, estimated_close_date, actual_close_date, value, description, next_steps, created_at, updated_at, lead_id) VALUES (33, 'Infiniti software - Corporate Travel Solution', 'negotiation', 65, '2025-09-12', NULL, 250000.00, 'Opportunity created from qualified lead. demo check

[2025-08-13 06:53] Disqualified: ', 'Send initial proposal and schedule presentation', '2025-08-13 07:40:33.780447+00', '2025-08-13 12:01:33.755377+00', 67);
INSERT INTO public.api_opportunity (id, name, stage, probability, estimated_close_date, actual_close_date, value, description, next_steps, created_at, updated_at, lead_id) VALUES (34, 'nagendran - Corporate Travel Solution', 'proposal', 65, '2025-09-12', NULL, 1436339.00, 'Opportunity created from qualified lead. Moved from corporate search. AI Score: 92. Established company with consistent business patterns. Good candidate for long-term contracts.. Specialties: web-application, Android-app, crmtool. Travel Frequency: Bi-weekly. Preferred Class: Business/First.

[2025-08-11 10:01] Disqualified: checking this 

[2025-08-11 10:04] Disqualified: testing nagedran corporate
zzzzzzzzzzzzzzzzzzzzzzzzzzzzzzzzzzzzz

[2025-08-11 13:09] Disqualified: ', 'Send initial proposal and schedule presentation', '2025-08-13 12:22:47.244172+00', '2025-08-13 12:22:47.244184+00', 62);
INSERT INTO public.api_opportunity (id, name, stage, probability, estimated_close_date, actual_close_date, value, description, next_steps, created_at, updated_at, lead_id) VALUES (35, 'muni - Corporate Travel Solution', 'proposal', 65, '2025-09-12', NULL, 55.00, 'Opportunity created from qualified lead. 55ttrreeeee', 'Send initial proposal and schedule presentation', '2025-08-13 12:29:06.359255+00', '2025-08-13 12:29:06.359273+00', 61);
INSERT INTO public.api_opportunity (id, name, stage, probability, estimated_close_date, actual_close_date, value, description, next_steps, created_at, updated_at, lead_id) VALUES (36, 'TechCorp Solutions - Corporate Travel Solution', 'proposal', 65, '2025-09-19', NULL, 721224.00, 'Opportunity created from qualified lead. Moved from corporate search. AI Score: 91. Established company with consistent business patterns. Good candidate for long-term contracts.. Specialties: Business Services, Corporate Solutions. Travel Frequency: Weekly. Preferred Class: Business/First.', 'Send initial proposal and schedule presentation', '2025-08-20 06:38:11.339182+00', '2025-08-20 06:38:11.339194+00', 64);
INSERT INTO public.api_opportunity (id, name, stage, probability, estimated_close_date, actual_close_date, value, description, next_steps, created_at, updated_at, lead_id) VALUES (37, 'TechCorp Solutions - Corporate Travel Solution', 'proposal', 65, '2025-09-19', NULL, 2484189.00, 'Opportunity created from qualified lead. Moved from corporate search. AI Score: 94. High-potential corporate client with strong growth indicators. Excellent opportunity for partnership.. Specialties: Business Services, Corporate Solutions. Travel Frequency: Monthly. Preferred Class: First.', 'Send initial proposal and schedule presentation', '2025-08-20 06:49:21.786946+00', '2025-08-20 06:49:21.786965+00', 66);
INSERT INTO public.api_opportunity (id, name, stage, probability, estimated_close_date, actual_close_date, value, description, next_steps, created_at, updated_at, lead_id) VALUES (31, 'Travel Services Opportunity - Global Finance Ltd', 'discovery', 88, '2025-12-01', NULL, 167105.00, 'Corporate travel services opportunity with Global Finance Ltdxxxxxxxxxxxx', 'Prepare detailed proposal and schedule presentationddddddddd', '2025-08-06 07:48:31.031574+00', '2025-08-21 10:50:55.806474+00', 57);
INSERT INTO public.api_opportunity (id, name, stage, probability, estimated_close_date, actual_close_date, value, description, next_steps, created_at, updated_at, lead_id) VALUES (38, 'TechCorp Solutions - Corporate Travel Solution', 'proposal', 65, '2025-09-21', NULL, 3461043.00, 'Opportunity created from qualified lead. Moved from corporate search. AI Score: 85. Premium client with sophisticated requirements. Focus on high-service offerings.. Specialties: Business Services, Corporate Solutions. Travel Frequency: Weekly. Preferred Class: Business.', 'Send initial proposal and schedule presentation', '2025-08-22 07:08:47.590268+00', '2025-08-22 07:08:47.590281+00', 65);
INSERT INTO public.api_opportunity (id, name, stage, probability, estimated_close_date, actual_close_date, value, description, next_steps, created_at, updated_at, lead_id) VALUES (5, 'Travel Services Opportunity - TechCorp Solutions', 'closed_lost', 99, '2025-10-05', NULL, 6666666.00, 'Corporate travel services opportunity with TechCorpdd', 'Prepare detailed proposal and schedule presentationzzzzzzzzzzzzz', '2025-08-06 07:44:47.019117+00', '2025-08-22 07:13:35.159763+00', 7);


--
-- Data for Name: api_contract; Type: TABLE DATA; Schema: public; Owner: -
--

INSERT INTO public.api_contract (id, contract_number, title, contract_type, status, start_date, end_date, value, terms, renewal_terms, auto_renewal, notice_period_days, risk_score, created_at, updated_at, company_id, opportunity_id) VALUES (1, 'CNT-2024-1001', 'Corporate Travel Agreement - Global Finance Ltd', 'master_agreement', 'pending_signature', '2025-08-06', '2026-08-06', 884348.00, 'Standard corporate travel agreement terms and conditions', 'Auto-renewal for 12 months unless terminated with 30 days notice', true, 90, 8, '2025-08-06 07:44:47.957942+00', '2025-08-06 07:44:47.957952+00', 2, 1);
INSERT INTO public.api_contract (id, contract_number, title, contract_type, status, start_date, end_date, value, terms, renewal_terms, auto_renewal, notice_period_days, risk_score, created_at, updated_at, company_id, opportunity_id) VALUES (2, 'CNT-2024-1002', 'Corporate Travel Agreement - HealthTech Innovations', 'corporate_travel', 'expired', '2025-08-06', '2026-08-06', 252496.00, 'Standard corporate travel agreement terms and conditions', 'Auto-renewal for 12 months unless terminated with 30 days notice', false, 60, 1, '2025-08-06 07:44:48.198567+00', '2025-08-06 07:44:48.19858+00', 3, 2);
INSERT INTO public.api_contract (id, contract_number, title, contract_type, status, start_date, end_date, value, terms, renewal_terms, auto_renewal, notice_period_days, risk_score, created_at, updated_at, company_id, opportunity_id) VALUES (3, 'CNT-2024-1003', 'Corporate Travel Agreement - Manufacturing Plus', 'service_agreement', 'draft', '2025-08-06', '2026-08-06', 863696.00, 'Standard corporate travel agreement terms and conditions', 'Auto-renewal for 12 months unless terminated with 30 days notice', false, 90, 5, '2025-08-06 07:44:48.433497+00', '2025-08-06 07:4