--
-- PostgreSQL database dump
--

-- Dumped from database version 16.9
-- Dumped by pg_dump version 16.9

-- Started on 2025-08-25 09:34:45 UTC

SET statement_timeout = 0;
SET lock_timeout = 0;
SET idle_in_transaction_session_timeout = 0;
SET client_encoding = 'UTF8';
SET standard_conforming_strings = on;
SELECT pg_catalog.set_config('search_path', '', false);
SET check_function_bodies = false;
SET xmloption = content;
SET client_min_messages = warning;
SET row_security = off;

ALTER TABLE IF EXISTS ONLY public.django_admin_log DROP CONSTRAINT IF EXISTS django_admin_log_user_id_c564eba6_fk_auth_user_id;
ALTER TABLE IF EXISTS ONLY public.django_admin_log DROP CONSTRAINT IF EXISTS django_admin_log_content_type_id_c4bce8eb_fk_django_co;
ALTER TABLE IF EXISTS ONLY public.auth_user_user_permissions DROP CONSTRAINT IF EXISTS auth_user_user_permissions_user_id_a95ead1b_fk_auth_user_id;
ALTER TABLE IF EXISTS ONLY public.auth_user_user_permissions DROP CONSTRAINT IF EXISTS auth_user_user_permi_permission_id_1fbb5f2c_fk_auth_perm;
ALTER TABLE IF EXISTS ONLY public.auth_user_groups DROP CONSTRAINT IF EXISTS auth_user_groups_user_id_6a12ed8b_fk_auth_user_id;
ALTER TABLE IF EXISTS ONLY public.auth_user_groups DROP CONSTRAINT IF EXISTS auth_user_groups_group_id_97559544_fk_auth_group_id;
ALTER TABLE IF EXISTS ONLY public.auth_permission DROP CONSTRAINT IF EXISTS auth_permission_content_type_id_2f476e4b_fk_django_co;
ALTER TABLE IF EXISTS ONLY public.auth_group_permissions DROP CONSTRAINT IF EXISTS auth_group_permissions_group_id_b120cbf9_fk_auth_group_id;
ALTER TABLE IF EXISTS ONLY public.auth_group_permissions DROP CONSTRAINT IF EXISTS auth_group_permissio_permission_id_84c5c92e_fk_auth_perm;
ALTER TABLE IF EXISTS ONLY public.api_traveloffer_target_companies DROP CONSTRAINT IF EXISTS api_traveloffer_targ_traveloffer_id_f5ff6ed7_fk_api_trave;
ALTER TABLE IF EXISTS ONLY public.api_traveloffer_target_companies DROP CONSTRAINT IF EXISTS api_traveloffer_targ_company_id_b7ac8b17_fk_api_compa;
ALTER TABLE IF EXISTS ONLY public.api_traveloffer DROP CONSTRAINT IF EXISTS api_traveloffer_created_by_id_8302f089_fk_auth_user_id;
ALTER TABLE IF EXISTS ONLY public.api_supportticket DROP CONSTRAINT IF EXISTS api_supportticket_contact_id_f88e966f_fk_api_contact_id;
ALTER TABLE IF EXISTS ONLY public.api_supportticket DROP CONSTRAINT IF EXISTS api_supportticket_company_id_37091f98_fk_api_company_id;
ALTER TABLE IF EXISTS ONLY public.api_supportticket DROP CONSTRAINT IF EXISTS api_supportticket_assigned_to_id_58ef3c94_fk_auth_user_id;
ALTER TABLE IF EXISTS ONLY public.api_opportunityactivity DROP CONSTRAINT IF EXISTS api_opportunityactivity_created_by_id_145d5cd4_fk_auth_user_id;
ALTER TABLE IF EXISTS ONLY public.api_opportunityactivity DROP CONSTRAINT IF EXISTS api_opportunityactiv_opportunity_id_4ca456a3_fk_api_oppor;
ALTER TABLE IF EXISTS ONLY public.api_opportunity DROP CONSTRAINT IF EXISTS api_opportunity_lead_id_18545556_fk_api_lead_id;
ALTER TABLE IF EXISTS ONLY public.api_leadnote DROP CONSTRAINT IF EXISTS api_leadnote_lead_id_b0673144_fk_api_lead_id;
ALTER TABLE IF EXISTS ONLY public.api_leadnote DROP CONSTRAINT IF EXISTS api_leadnote_created_by_id_1d483ee9_fk_auth_user_id;
ALTER TABLE IF EXISTS ONLY public.api_leadhistory DROP CONSTRAINT IF EXISTS api_leadhistory_user_id_ecc34f8a_fk_auth_user_id;
ALTER TABLE IF EXISTS ONLY public.api_leadhistory DROP CONSTRAINT IF EXISTS api_leadhistory_lead_id_7e0a62f4_fk_api_lead_id;
ALTER TABLE IF EXISTS ONLY public.api_lead DROP CONSTRAINT IF EXISTS api_lead_contact_id_dc816d20_fk_api_contact_id;
ALTER TABLE IF EXISTS ONLY public.api_lead DROP CONSTRAINT IF EXISTS api_lead_company_id_be70c00a_fk_api_company_id;
ALTER TABLE IF EXISTS ONLY public.api_lead DROP CONSTRAINT IF EXISTS api_lead_assigned_to_id_f0f68950_fk_auth_user_id;
ALTER TABLE IF EXISTS ONLY public.api_emailcampaign_target_leads DROP CONSTRAINT IF EXISTS api_emailcampaign_target_leads_lead_id_5af85417_fk_api_lead_id;
ALTER TABLE IF EXISTS ONLY public.api_emailcampaign_target_leads DROP CONSTRAINT IF EXISTS api_emailcampaign_ta_emailcampaign_id_214b3ace_fk_api_email;
ALTER TABLE IF EXISTS ONLY public.api_contractbreach DROP CONSTRAINT IF EXISTS api_contractbreach_contract_id_27a736ec_fk_api_contract_id;
ALTER TABLE IF EXISTS ONLY public.api_contract DROP CONSTRAINT IF EXISTS api_contract_opportunity_id_da447352_fk_api_opportunity_id;
ALTER TABLE IF EXISTS ONLY public.api_contract DROP CONSTRAINT IF EXISTS api_contract_company_id_e37b23ce_fk_api_company_id;
ALTER TABLE IF EXISTS ONLY public.api_contact DROP CONSTRAINT IF EXISTS api_contact_company_id_f4d09d00_fk_api_company_id;
ALTER TABLE IF EXISTS ONLY public.api_aiconversation DROP CONSTRAINT IF EXISTS api_aiconversation_user_id_1a71143d_fk_auth_user_id;
ALTER TABLE IF EXISTS ONLY public.api_activitylog DROP CONSTRAINT IF EXISTS api_activitylog_user_id_460724d0_fk_auth_user_id;
DROP INDEX IF EXISTS public.django_session_session_key_c0390e0f_like;
DROP INDEX IF EXISTS public.django_session_expire_date_a5c62663;
DROP INDEX IF EXISTS public.django_admin_log_user_id_c564eba6;
DROP INDEX IF EXISTS public.django_admin_log_content_type_id_c4bce8eb;
DROP INDEX IF EXISTS public.auth_user_username_6821ab7c_like;
DROP INDEX IF EXISTS public.auth_user_user_permissions_user_id_a95ead1b;
DROP INDEX IF EXISTS public.auth_user_user_permissions_permission_id_1fbb5f2c;
DROP INDEX IF EXISTS public.auth_user_groups_user_id_6a12ed8b;
DROP INDEX IF EXISTS public.auth_user_groups_group_id_97559544;
DROP INDEX IF EXISTS public.auth_permission_content_type_id_2f476e4b;
DROP INDEX IF EXISTS public.auth_group_permissions_permission_id_84c5c92e;
DROP INDEX IF EXISTS public.auth_group_permissions_group_id_b120cbf9;
DROP INDEX IF EXISTS public.auth_group_name_a6ea08ec_like;
DROP INDEX IF EXISTS public.api_traveloffer_target_companies_traveloffer_id_f5ff6ed7;
DROP INDEX IF EXISTS public.api_traveloffer_target_companies_company_id_b7ac8b17;
DROP INDEX IF EXISTS public.api_traveloffer_created_by_id_8302f089;
DROP INDEX IF EXISTS public.api_supportticket_ticket_number_e2907423_like;
DROP INDEX IF EXISTS public.api_supportticket_contact_id_f88e966f;
DROP INDEX IF EXISTS public.api_supportticket_company_id_37091f98;
DROP INDEX IF EXISTS public.api_supportticket_assigned_to_id_58ef3c94;
DROP INDEX IF EXISTS public.api_opportunityactivity_opportunity_id_4ca456a3;
DROP INDEX IF EXISTS public.api_opportunityactivity_created_by_id_145d5cd4;
DROP INDEX IF EXISTS public.api_leadnote_lead_id_b0673144;
DROP INDEX IF EXISTS public.api_leadnote_created_by_id_1d483ee9;
DROP INDEX IF EXISTS public.api_leadhistory_user_id_ecc34f8a;
DROP INDEX IF EXISTS public.api_leadhistory_lead_id_7e0a62f4;
DROP INDEX IF EXISTS public.api_lead_contact_id_dc816d20;
DROP INDEX IF EXISTS public.api_lead_company_id_be70c00a;
DROP INDEX IF EXISTS public.api_lead_assigned_to_id_f0f68950;
DROP INDEX IF EXISTS public.api_emailcampaign_target_leads_lead_id_5af85417;
DROP INDEX IF EXISTS public.api_emailcampaign_target_leads_emailcampaign_id_214b3ace;
DROP INDEX IF EXISTS public.api_contractbreach_contract_id_27a736ec;
DROP INDEX IF EXISTS public.api_contract_contract_number_f1accfc0_like;
DROP INDEX IF EXISTS public.api_contract_company_id_e37b23ce;
DROP INDEX IF EXISTS public.api_contact_company_id_f4d09d00;
DROP INDEX IF EXISTS public.api_aiconversation_user_id_1a71143d;
DROP INDEX IF EXISTS public.api_activitylog_user_id_460724d0;
ALTER TABLE IF EXISTS ONLY public.django_session DROP CONSTRAINT IF EXISTS django_session_pkey;
ALTER TABLE IF EXISTS ONLY public.django_migrations DROP CONSTRAINT IF EXISTS django_migrations_pkey;
ALTER TABLE IF EXISTS ONLY public.django_content_type DROP CONSTRAINT IF EXISTS django_content_type_pkey;
ALTER TABLE IF EXISTS ONLY public.django_content_type DROP CONSTRAINT IF EXISTS django_content_type_app_label_model_76bd3d3b_uniq;
ALTER TABLE IF EXISTS ONLY public.django_admin_log DROP CONSTRAINT IF EXISTS django_admin_log_pkey;
ALTER TABLE IF EXISTS ONLY public.auth_user DROP CONSTRAINT IF EXISTS auth_user_username_key;
ALTER TABLE IF EXISTS ONLY public.auth_user_user_permissions DROP CONSTRAINT IF EXISTS auth_user_user_permissions_user_id_permission_id_14a6b632_uniq;
ALTER TABLE IF EXISTS ONLY public.auth_user_user_permissions DROP CONSTRAINT IF EXISTS auth_user_user_permissions_pkey;
ALTER TABLE IF EXISTS ONLY public.auth_user DROP CONSTRAINT IF EXISTS auth_user_pkey;
ALTER TABLE IF EXISTS ONLY public.auth_user_groups DROP CONSTRAINT IF EXISTS auth_user_groups_user_id_group_id_94350c0c_uniq;
ALTER TABLE IF EXISTS ONLY public.auth_user_groups DROP CONSTRAINT IF EXISTS auth_user_groups_pkey;
ALTER TABLE IF EXISTS ONLY public.auth_permission DROP CONSTRAINT IF EXISTS auth_permission_pkey;
ALTER TABLE IF EXISTS ONLY public.auth_permission DROP CONSTRAINT IF EXISTS auth_permission_content_type_id_codename_01ab375a_uniq;
ALTER TABLE IF EXISTS ONLY public.auth_group DROP CONSTRAINT IF EXISTS auth_group_pkey;
ALTER TABLE IF EXISTS ONLY public.auth_group_permissions DROP CONSTRAINT IF EXISTS auth_group_permissions_pkey;
ALTER TABLE IF EXISTS ONLY public.auth_group_permissions DROP CONSTRAINT IF EXISTS auth_group_permissions_group_id_permission_id_0cd325b0_uniq;
ALTER TABLE IF EXISTS ONLY public.auth_group DROP CONSTRAINT IF EXISTS auth_group_name_key;
ALTER TABLE IF EXISTS ONLY public.api_traveloffer_target_companies DROP CONSTRAINT IF EXISTS api_traveloffer_target_companies_pkey;
ALTER TABLE IF EXISTS ONLY public.api_traveloffer_target_companies DROP CONSTRAINT IF EXISTS api_traveloffer_target_c_traveloffer_id_company_i_79bd13d8_uniq;
ALTER TABLE IF EXISTS ONLY public.api_traveloffer DROP CONSTRAINT IF EXISTS api_traveloffer_pkey;
ALTER TABLE IF EXISTS ONLY public.api_supportticket DROP CONSTRAINT IF EXISTS api_supportticket_ticket_number_key;
ALTER TABLE IF EXISTS ONLY public.api_supportticket DROP CONSTRAINT IF EXISTS api_supportticket_pkey;
ALTER TABLE IF EXISTS ONLY public.api_revenueforecast DROP CONSTRAINT IF EXISTS api_revenueforecast_pkey;
ALTER TABLE IF EXISTS ONLY public.api_opportunityactivity DROP CONSTRAINT IF EXISTS api_opportunityactivity_pkey;
ALTER TABLE IF EXISTS ONLY public.api_opportunity DROP CONSTRAINT IF EXISTS api_opportunity_pkey;
ALTER TABLE IF EXISTS ONLY public.api_opportunity DROP CONSTRAINT IF EXISTS api_opportunity_lead_id_key;
ALTER TABLE IF EXISTS ONLY public.api_leadnote DROP CONSTRAINT IF EXISTS api_leadnote_pkey;
ALTER TABLE IF EXISTS ONLY public.api_leadhistory DROP CONSTRAINT IF EXISTS api_leadhistory_pkey;
ALTER TABLE IF EXISTS ONLY public.api_lead DROP CONSTRAINT IF EXISTS api_lead_pkey;
ALTER TABLE IF EXISTS ONLY public.api_emailcampaign_target_leads DROP CONSTRAINT IF EXISTS api_emailcampaign_target_leads_pkey;
ALTER TABLE IF EXISTS ONLY public.api_emailcampaign_target_leads DROP CONSTRAINT IF EXISTS api_emailcampaign_target_emailcampaign_id_lead_id_be87f6f2_uniq;
ALTER TABLE IF EXISTS ONLY public.api_emailcampaign DROP CONSTRAINT IF EXISTS api_emailcampaign_pkey;
ALTER TABLE IF EXISTS ONLY public.api_contractbreach DROP CONSTRAINT IF EXISTS api_contractbreach_pkey;
ALTER TABLE IF EXISTS ONLY public.api_contract DROP CONSTRAINT IF EXISTS api_contract_pkey;
ALTER TABLE IF EXISTS ONLY public.api_contract DROP CONSTRAINT IF EXISTS api_contract_opportunity_id_key;
ALTER TABLE IF EXISTS ONLY public.api_contract DROP CONSTRAINT IF EXISTS api_contract_contract_number_key;
ALTER TABLE IF EXISTS ONLY public.api_contact DROP CONSTRAINT IF EXISTS api_contact_pkey;
ALTER TABLE IF EXISTS ONLY public.api_company DROP CONSTRAINT IF EXISTS api_company_pkey;
ALTER TABLE IF EXISTS ONLY public.api_aiconversation DROP CONSTRAINT IF EXISTS api_aiconversation_session_id_key;
ALTER TABLE IF EXISTS ONLY public.api_aiconversation DROP CONSTRAINT IF EXISTS api_aiconversation_pkey;
ALTER TABLE IF EXISTS ONLY public.api_activitylog DROP CONSTRAINT IF EXISTS api_activitylog_pkey;
DROP TABLE IF EXISTS public.django_session;
DROP TABLE IF EXISTS public.django_migrations;
DROP TABLE IF EXISTS public.django_content_type;
DROP TABLE IF EXISTS public.django_admin_log;
DROP TABLE IF EXISTS public.auth_user_user_permissions;
DROP TABLE IF EXISTS public.auth_user_groups;
DROP TABLE IF EXISTS public.auth_user;
DROP TABLE IF EXISTS public.auth_permission;
DROP TABLE IF EXISTS public.auth_group_permissions;
DROP TABLE IF EXISTS public.auth_group;
DROP TABLE IF EXISTS public.api_traveloffer_target_companies;
DROP TABLE IF EXISTS public.api_traveloffer;
DROP TABLE IF EXISTS public.api_supportticket;
DROP TABLE IF EXISTS public.api_revenueforecast;
DROP TABLE IF EXISTS public.api_opportunityactivity;
DROP TABLE IF EXISTS public.api_opportunity;
DROP TABLE IF EXISTS public.api_leadnote;
DROP TABLE IF EXISTS public.api_leadhistory;
DROP TABLE IF EXISTS public.api_lead;
DROP TABLE IF EXISTS public.api_emailcampaign_target_leads;
DROP TABLE IF EXISTS public.api_emailcampaign;
DROP TABLE IF EXISTS public.api_contractbreach;
DROP TABLE IF EXISTS public.api_contract;
DROP TABLE IF EXISTS public.api_contact;
DROP TABLE IF EXISTS public.api_company;
DROP TABLE IF EXISTS public.api_aiconversation;
DROP TABLE IF EXISTS public.api_activitylog;
SET default_tablespace = '';

SET default_table_access_method = heap;

--
-- TOC entry 261 (class 1259 OID 32884)
-- Name: api_activitylog; Type: TABLE; Schema: public; Owner: -
--

CREATE TABLE public.api_activitylog (
    id bigint NOT NULL,
    action_type character varying(20) NOT NULL,
    action character varying(255) NOT NULL,
    entity_type character varying(100) NOT NULL,
    entity_id integer NOT NULL,
    details jsonb NOT NULL,
    ip_address inet,
    "timestamp" timestamp with time zone NOT NULL,
    user_id integer NOT NULL
);


--
-- TOC entry 260 (class 1259 OID 32883)
-- Name: api_activitylog_id_seq; Type: SEQUENCE; Schema: public; Owner: -
--

ALTER TABLE public.api_activitylog ALTER COLUMN id ADD GENERATED BY DEFAULT AS IDENTITY (
    SEQUENCE NAME public.api_activitylog_id_seq
    START WITH 1
    INCREMENT BY 1
    NO MINVALUE
    NO MAXVALUE
    CACHE 1
);


--
-- TOC entry 259 (class 1259 OID 32874)
-- Name: api_aiconversation; Type: TABLE; Schema: public; Owner: -
--

CREATE TABLE public.api_aiconversation (
    id bigint NOT NULL,
    session_id uuid NOT NULL,
    query text NOT NULL,
    response text NOT NULL,
    context jsonb NOT NULL,
    entities_mentioned jsonb NOT NULL,
    actions_suggested jsonb NOT NULL,
    created_at timestamp with time zone NOT NULL,
    user_id integer NOT NULL
);


--
-- TOC entry 258 (class 1259 OID 32873)
-- Name: api_aiconversation_id_seq; Type: SEQUENCE; Schema: public; Owner: -
--

ALTER TABLE public.api_aiconversation ALTER COLUMN id ADD GENERATED BY DEFAULT AS IDENTITY (
    SEQUENCE NAME public.api_aiconversation_id_seq
    START WITH 1
    INCREMENT BY 1
    NO MINVALUE
    NO MAXVALUE
    CACHE 1
);


--
-- TOC entry 235 (class 1259 OID 32769)
-- Name: api_company; Type: TABLE; Schema: public; Owner: -
--

CREATE TABLE public.api_company (
    id bigint NOT NULL,
    name character varying(255) NOT NULL,
    industry character varying(50) NOT NULL,
    size character varying(20) NOT NULL,
    location character varying(255) NOT NULL,
    website character varying(200),
    annual_revenue numeric(15,2),
    employee_count integer,
    travel_budget numeric(12,2),
    description text NOT NULL,
    is_active boolean NOT NULL,
    created_at timestamp with time zone NOT NULL,
    updated_at timestamp with time zone NOT NULL,
    annual_travel_volume character varying(100) NOT NULL,
    company_type character varying(50) NOT NULL,
    credit_rating character varying(10) NOT NULL,
    current_airlines text NOT NULL,
    email character varying(254) NOT NULL,
    expansion_plans character varying(20) NOT NULL,
    payment_terms character varying(20) NOT NULL,
    phone character varying(20) NOT NULL,
    preferred_class character varying(20) NOT NULL,
    risk_level character varying(20) NOT NULL,
    specialties text NOT NULL,
    sustainability_focus character varying(20) NOT NULL,
    technology_integration text NOT NULL,
    travel_frequency character varying(20) NOT NULL,
    year_established integer,
    move_as_lead boolean NOT NULL
);


--
-- TOC entry 234 (class 1259 OID 32768)
-- Name: api_company_id_seq; Type: SEQUENCE; Schema: public; Owner: -
--

ALTER TABLE public.api_company ALTER COLUMN id ADD GENERATED BY DEFAULT AS IDENTITY (
    SEQUENCE NAME public.api_company_id_seq
    START WITH 1
    INCREMENT BY 1
    NO MINVALUE
    NO MAXVALUE
    CACHE 1
);


--
-- TOC entry 237 (class 1259 OID 32777)
-- Name: api_contact; Type: TABLE; Schema: public; Owner: -
--

CREATE TABLE public.api_contact (
    id bigint NOT NULL,
    first_name character varying(100) NOT NULL,
    last_name character varying(100) NOT NULL,
    email character varying(254) NOT NULL,
    phone character varying(20) NOT NULL,
    "position" character varying(100) NOT NULL,
    department character varying(20) NOT NULL,
    is_decision_maker boolean NOT NULL,
    linkedin_profile character varying(200) NOT NULL,
    notes text NOT NULL,
    created_at timestamp with time zone NOT NULL,
    updated_at timestamp with time zone NOT NULL,
    company_id bigint NOT NULL
);


--
-- TOC entry 236 (class 1259 OID 32776)
-- Name: api_contact_id_seq; Type: SEQUENCE; Schema: public; Owner: -
--

ALTER TABLE public.api_contact ALTER COLUMN id ADD GENERATED BY DEFAULT AS IDENTITY (
    SEQUENCE NAME public.api_contact_id_seq
    START WITH 1
    INCREMENT BY 1
    NO MINVALUE
    NO MAXVALUE
    CACHE 1
);


--
-- TOC entry 239 (class 1259 OID 32785)
-- Name: api_contract; Type: TABLE; Schema: public; Owner: -
--

CREATE TABLE public.api_contract (
    id bigint NOT NULL,
    contract_number character varying(50) NOT NULL,
    title character varying(255) NOT NULL,
    contract_type character varying(30) NOT NULL,
    status character varying(20) NOT NULL,
    start_date date NOT NULL,
    end_date date NOT NULL,
    value numeric(12,2) NOT NULL,
    terms text NOT NULL,
    renewal_terms text NOT NULL,
    auto_renewal boolean NOT NULL,
    notice_period_days integer NOT NULL,
    risk_score integer NOT NULL,
    created_at timestamp with time zone NOT NULL,
    updated_at timestamp with time zone NOT NULL,
    company_id bigint NOT NULL,
    opportunity_id bigint
);


--
-- TOC entry 238 (class 1259 OID 32784)
-- Name: api_contract_id_seq; Type: SEQUENCE; Schema: public; Owner: -
--

ALTER TABLE public.api_contract ALTER COLUMN id ADD GENERATED BY DEFAULT AS IDENTITY (
    SEQUENCE NAME public.api_contract_id_seq
    START WITH 1
    INCREMENT BY 1
    NO MINVALUE
    NO MAXVALUE
    CACHE 1
);


--
-- TOC entry 257 (class 1259 OID 32859)
-- Name: api_contractbreach; Type: TABLE; Schema: public; Owner: -
--

CREATE TABLE public.api_contractbreach (
    id bigint NOT NULL,
    breach_type character varying(20) NOT NULL,
    severity character varying(10) NOT NULL,
    description text NOT NULL,
    detected_date timestamp with time zone NOT NULL,
    resolved_date timestamp with time zone,
    is_resolved boolean NOT NULL,
    financial_impact numeric(10,2),
    resolution_notes text NOT NULL,
    contract_id bigint NOT NULL
);


--
-- TOC entry 256 (class 1259 OID 32858)
-- Name: api_contractbreach_id_seq; Type: SEQUENCE; Schema: public; Owner: -
--

ALTER TABLE public.api_contractbreach ALTER COLUMN id ADD GENERATED BY DEFAULT AS IDENTITY (
    SEQUENCE NAME public.api_contractbreach_id_seq
    START WITH 1
    INCREMENT BY 1
    NO MINVALUE
    NO MAXVALUE
    CACHE 1
);


--
-- TOC entry 253 (class 1259 OID 32845)
-- Name: api_emailcampaign; Type: TABLE; Schema: public; Owner: -
--

CREATE TABLE public.api_emailcampaign (
    id bigint NOT NULL,
    name character varying(255) NOT NULL,
    description text NOT NULL,
    campaign_type character varying(20) NOT NULL,
    status character varying(20) NOT NULL,
    subject_line character varying(255) NOT NULL,
    email_content text NOT NULL,
    scheduled_date timestamp with time zone,
    sent_date timestamp with time zone,
    emails_sent integer NOT NULL,
    emails_opened integer NOT NULL,
    emails_clicked integer NOT NULL,
    created_at timestamp with time zone NOT NULL,
    updated_at timestamp with time zone NOT NULL
);


--
-- TOC entry 252 (class 1259 OID 32844)
-- Name: api_emailcampaign_id_seq; Type: SEQUENCE; Schema: public; Owner: -
--

ALTER TABLE public.api_emailcampaign ALTER COLUMN id ADD GENERATED BY DEFAULT AS IDENTITY (
    SEQUENCE NAME public.api_emailcampaign_id_seq
    START WITH 1
    INCREMENT BY 1
    NO MINVALUE
    NO MAXVALUE
    CACHE 1
);


--
-- TOC entry 255 (class 1259 OID 32853)
-- Name: api_emailcampaign_target_leads; Type: TABLE; Schema: public; Owner: -
--

CREATE TABLE public.api_emailcampaign_target_leads (
    id bigint NOT NULL,
    emailcampaign_id bigint NOT NULL,
    lead_id bigint NOT NULL
);


--
-- TOC entry 254 (class 1259 OID 32852)
-- Name: api_emailcampaign_target_leads_id_seq; Type: SEQUENCE; Schema: public; Owner: -
--

ALTER TABLE public.api_emailcampaign_target_leads ALTER COLUMN id ADD GENERATED BY DEFAULT AS IDENTITY (
    SEQUENCE NAME public.api_emailcampaign_target_leads_id_seq
    START WITH 1
    INCREMENT BY 1
    NO MINVALUE
    NO MAXVALUE
    CACHE 1
);


--
-- TOC entry 241 (class 1259 OID 32795)
-- Name: api_lead; Type: TABLE; Schema: public; Owner: -
--

CREATE TABLE public.api_lead (
    id bigint NOT NULL,
    status character varying(20) NOT NULL,
    source character varying(20) NOT NULL,
    priority character varying(10) NOT NULL,
    score integer NOT NULL,
    estimated_value numeric(12,2),
    notes text NOT NULL,
    next_action character varying(255) NOT NULL,
    next_action_date timestamp with time zone,
    created_at timestamp with time zone NOT NULL,
    updated_at timestamp with time zone NOT NULL,
    assigned_to_id integer,
    company_id bigint NOT NULL,
    contact_id bigint NOT NULL,
    assigned_agent character varying(255)
);


--
-- TOC entry 240 (class 1259 OID 32794)
-- Name: api_lead_id_seq; Type: SEQUENCE; Schema: public; Owner: -
--

ALTER TABLE public.api_lead ALTER COLUMN id ADD GENERATED BY DEFAULT AS IDENTITY (
    SEQUENCE NAME public.api_lead_id_seq
    START WITH 1
    INCREMENT BY 1
    NO MINVALUE
    NO MAXVALUE
    CACHE 1
);


--
-- TOC entry 265 (class 1259 OID 90134)
-- Name: api_leadhistory; Type: TABLE; Schema: public; Owner: -
--

CREATE TABLE public.api_leadhistory (
    id bigint NOT NULL,
    history_type character varying(255) NOT NULL,
    action character varying(255) NOT NULL,
    details text NOT NULL,
    icon character varying(20) NOT NULL,
    metadata jsonb NOT NULL,
    "timestamp" timestamp with time zone NOT NULL,
    lead_id bigint NOT NULL,
    user_id integer
);


--
-- TOC entry 264 (class 1259 OID 90133)
-- Name: api_leadhistory_id_seq; Type: SEQUENCE; Schema: public; Owner: -
--

ALTER TABLE public.api_leadhistory ALTER COLUMN id ADD GENERATED BY DEFAULT AS IDENTITY (
    SEQUENCE NAME public.api_leadhistory_id_seq
    START WITH 1
    INCREMENT BY 1
    NO MINVALUE
    NO MAXVALUE
    CACHE 1
);


--
-- TOC entry 263 (class 1259 OID 90114)
-- Name: api_leadnote; Type: TABLE; Schema: public; Owner: -
--

CREATE TABLE public.api_leadnote (
    id bigint NOT NULL,
    note text NOT NULL,
    next_action character varying(255) NOT NULL,
    urgency character varying(10) NOT NULL,
    created_at timestamp with time zone NOT NULL,
    updated_at timestamp with time zone NOT NULL,
    created_by_id integer,
    lead_id bigint NOT NULL
);


--
-- TOC entry 262 (class 1259 OID 90113)
-- Name: api_leadnote_id_seq; Type: SEQUENCE; Schema: public; Owner: -
--

ALTER TABLE public.api_leadnote ALTER COLUMN id ADD GENERATED BY DEFAULT AS IDENTITY (
    SEQUENCE NAME public.api_leadnote_id_seq
    START WITH 1
    INCREMENT BY 1
    NO MINVALUE
    NO MAXVALUE
    CACHE 1
);


--
-- TOC entry 251 (class 1259 OID 32835)
-- Name: api_opportunity; Type: TABLE; Schema: public; Owner: -
--

CREATE TABLE public.api_opportunity (
    id bigint NOT NULL,
    name character varying(255) NOT NULL,
    stage character varying(20) NOT NULL,
    probability integer NOT NULL,
    estimated_close_date date NOT NULL,
    actual_close_date date,
    value numeric(12,2) NOT NULL,
    description text NOT NULL,
    next_steps text NOT NULL,
    created_at timestamp with time zone NOT NULL,
    updated_at timestamp with time zone NOT NULL,
    lead_id bigint NOT NULL
);


--
-- TOC entry 250 (class 1259 OID 32834)
-- Name: api_opportunity_id_seq; Type: SEQUENCE; Schema: public; Owner: -
--

ALTER TABLE public.api_opportunity ALTER COLUMN id ADD GENERATED BY DEFAULT AS IDENTITY (
    SEQUENCE NAME public.api_opportunity_id_seq
    START WITH 1
    INCREMENT BY 1
    NO MINVALUE
    NO MAXVALUE
    CACHE 1
);


--
-- TOC entry 267 (class 1259 OID 155649)
-- Name: api_opportunityactivity; Type: TABLE; Schema: public; Owner: -
--

CREATE TABLE public.api_opportunityactivity (
    id bigint NOT NULL,
    type character varying(20) NOT NULL,
    description text NOT NULL,
    date date NOT NULL,
    created_at timestamp with time zone NOT NULL,
    created_by_id integer,
    opportunity_id bigint NOT NULL
);


--
-- TOC entry 266 (class 1259 OID 155648)
-- Name: api_opportunityactivity_id_seq; Type: SEQUENCE; Schema: public; Owner: -
--

ALTER TABLE public.api_opportunityactivity ALTER COLUMN id ADD GENERATED BY DEFAULT AS IDENTITY (
    SEQUENCE NAME public.api_opportunityactivity_id_seq
    START WITH 1
    INCREMENT BY 1
    NO MINVALUE
    NO MAXVALUE
    CACHE 1
);


--
-- TOC entry 243 (class 1259 OID 32803)
-- Name: api_revenueforecast; Type: TABLE; Schema: public; Owner: -
--

CREATE TABLE public.api_revenueforecast (
    id bigint NOT NULL,
    period_type character varying(15) NOT NULL,
    period character varying(20) NOT NULL,
    forecasted_revenue numeric(15,2) NOT NULL,
    actual_revenue numeric(15,2),
    confidence_level integer NOT NULL,
    factors jsonb NOT NULL,
    notes text NOT NULL,
    created_at timestamp with time zone NOT NULL,
    updated_at timestamp with time zone NOT NULL
);


--
-- TOC entry 242 (class 1259 OID 32802)
-- Name: api_revenueforecast_id_seq; Type: SEQUENCE; Schema: public; Owner: -
--

ALTER TABLE public.api_revenueforecast ALTER COLUMN id ADD GENERATED BY DEFAULT AS IDENTITY (
    SEQUENCE NAME public.api_revenueforecast_id_seq
    START WITH 1
    INCREMENT BY 1
    NO MINVALUE
    NO MAXVALUE
    CACHE 1
);


--
-- TOC entry 249 (class 1259 OID 32825)
-- Name: api_supportticket; Type: TABLE; Schema: public; Owner: -
--

CREATE TABLE public.api_supportticket (
    id bigint NOT NULL,
    ticket_number character varying(20) NOT NULL,
    subject character varying(255) NOT NULL,
    description text NOT NULL,
    category character varying(15) NOT NULL,
    priority character varying(10) NOT NULL,
    status character varying(15) NOT NULL,
    resolution_notes text NOT NULL,
    satisfaction_rating integer,
    created_at timestamp with time zone NOT NULL,
    updated_at timestamp with time zone NOT NULL,
    resolved_at timestamp with time zone,
    assigned_to_id integer,
    company_id bigint NOT NULL,
    contact_id bigint NOT NULL
);


--
-- TOC entry 248 (class 1259 OID 32824)
-- Name: api_supportticket_id_seq; Type: SEQUENCE; Schema: public; Owner: -
--

ALTER TABLE public.api_supportticket ALTER COLUMN id ADD GENERATED BY DEFAULT AS IDENTITY (
    SEQUENCE NAME public.api_supportticket_id_seq
    START WITH 1
    INCREMENT BY 1
    NO MINVALUE
    NO MAXVALUE
    CACHE 1
);


--
-- TOC entry 245 (class 1259 OID 32811)
-- Name: api_traveloffer; Type: TABLE; Schema: public; Owner: -
--

CREATE TABLE public.api_traveloffer (
    id bigint NOT NULL,
    title character varying(255) NOT NULL,
    description text NOT NULL,
    offer_type character varying(20) NOT NULL,
    status character varying(15) NOT NULL,
    discount_percentage numeric(5,2),
    base_price numeric(10,2) NOT NULL,
    discounted_price numeric(10,2),
    valid_from timestamp with time zone NOT NULL,
    valid_until timestamp with time zone NOT NULL,
    terms_conditions text NOT NULL,
    bookings_count integer NOT NULL,
    revenue_generated numeric(12,2) NOT NULL,
    created_at timestamp with time zone NOT NULL,
    updated_at timestamp with time zone NOT NULL,
    created_by_id integer
);


--
-- TOC entry 244 (class 1259 OID 32810)
-- Name: api_traveloffer_id_seq; Type: SEQUENCE; Schema: public; Owner: -
--

ALTER TABLE public.api_traveloffer ALTER COLUMN id ADD GENERATED BY DEFAULT AS IDENTITY (
    SEQUENCE NAME public.api_traveloffer_id_seq
    START WITH 1
    INCREMENT BY 1
    NO MINVALUE
    NO MAXVALUE
    CACHE 1
);


--
-- TOC entry 247 (class 1259 OID 32819)
-- Name: api_traveloffer_target_companies; Type: TABLE; Schema: public; Owner: -
--

CREATE TABLE public.api_traveloffer_target_companies (
    id bigint NOT NULL,
    traveloffer_id bigint NOT NULL,
    company_id bigint NOT NULL
);


--
-- TOC entry 246 (class 1259 OID 32818)
-- Name: api_traveloffer_target_companies_id_seq; Type: SEQUENCE; Schema: public; Owner: -
--

ALTER TABLE public.api_traveloffer_target_companies ALTER COLUMN id ADD GENERATED BY DEFAULT AS IDENTITY (
    SEQUENCE NAME public.api_traveloffer_target_companies_id_seq
    START WITH 1
    INCREMENT BY 1
    NO MINVALUE
    NO MAXVALUE
    CACHE 1
);


--
-- TOC entry 222 (class 1259 OID 24599)
-- Name: auth_group; Type: TABLE; Schema: public; Owner: -
--

CREATE TABLE public.auth_group (
    id integer NOT NULL,
    name character varying(150) NOT NULL
);


--
-- TOC entry 221 (class 1259 OID 24598)
-- Name: auth_group_id_seq; Type: SEQUENCE; Schema: public; Owner: -
--

ALTER TABLE public.auth_group ALTER COLUMN id ADD GENERATED BY DEFAULT AS IDENTITY (
    SEQUENCE NAME public.auth_group_id_seq
    START WITH 1
    INCREMENT BY 1
    NO MINVALUE
    NO MAXVALUE
    CACHE 1
);


--
-- TOC entry 224 (class 1259 OID 24607)
-- Name: auth_group_permissions; Type: TABLE; Schema: public; Owner: -
--

CREATE TABLE public.auth_group_permissions (
    id bigint NOT NULL,
    group_id integer NOT NULL,
    permission_id integer NOT NULL
);


--
-- TOC entry 223 (class 1259 OID 24606)
-- Name: auth_group_permissions_id_seq; Type: SEQUENCE; Schema: public; Owner: -
--

ALTER TABLE public.auth_group_permissions ALTER COLUMN id ADD GENERATED BY DEFAULT AS IDENTITY (
    SEQUENCE NAME public.auth_group_permissions_id_seq
    START WITH 1
    INCREMENT BY 1
    NO MINVALUE
    NO MAXVALUE
    CACHE 1
);


--
-- TOC entry 220 (class 1259 OID 24593)
-- Name: auth_permission; Type: TABLE; Schema: public; Owner: -
--

CREATE TABLE public.auth_permission (
    id integer NOT NULL,
    name character varying(255) NOT NULL,
    content_type_id integer NOT NULL,
    codename character varying(100) NOT NULL
);


--
-- TOC entry 219 (class 1259 OID 24592)
-- Name: auth_permission_id_seq; Type: SEQUENCE; Schema: public; Owner: -
--

ALTER TABLE public.auth_permission ALTER COLUMN id ADD GENERATED BY DEFAULT AS IDENTITY (
    SEQUENCE NAME public.auth_permission_id_seq
    START WITH 1
    INCREMENT BY 1
    NO MINVALUE
    NO MAXVALUE
    CACHE 1
);


--
-- TOC entry 226 (class 1259 OID 24613)
-- Name: auth_user; Type: TABLE; Schema: public; Owner: -
--

CREATE TABLE public.auth_user (
    id integer NOT NULL,
    password character varying(128) NOT NULL,
    last_login timestamp with time zone,
    is_superuser boolean NOT NULL,
    username character varying(150) NOT NULL,
    first_name character varying(150) NOT NULL,
    last_name character varying(150) NOT NULL,
    email character varying(254) NOT NULL,
    is_staff boolean NOT NULL,
    is_active boolean NOT NULL,
    date_joined timestamp with time zone NOT NULL
);


--
-- TOC entry 228 (class 1259 OID 24621)
-- Name: auth_user_groups; Type: TABLE; Schema: public; Owner: -
--

CREATE TABLE public.auth_user_groups (
    id bigint NOT NULL,
    user_id integer NOT NULL,
    group_id integer NOT NULL
);


--
-- TOC entry 227 (class 1259 OID 24620)
-- Name: auth_user_groups_id_seq; Type: SEQUENCE; Schema: public; Owner: -
--

ALTER TABLE public.auth_user_groups ALTER COLUMN id ADD GENERATED BY DEFAULT AS IDENTITY (
    SEQUENCE NAME public.auth_user_groups_id_seq
    START WITH 1
    INCREMENT BY 1
    NO MINVALUE
    NO MAXVALUE
    CACHE 1
);


--
-- TOC entry 225 (class 1259 OID 24612)
-- Name: auth_user_id_seq; Type: SEQUENCE; Schema: public; Owner: -
--

ALTER TABLE public.auth_user ALTER COLUMN id ADD GENERATED BY DEFAULT AS IDENTITY (
    SEQUENCE NAME public.auth_user_id_seq
    START WITH 1
    INCREMENT BY 1
    NO MINVALUE
    NO MAXVALUE
    CACHE 1
);


--
-- TOC entry 230 (class 1259 OID 24627)
-- Name: auth_user_user_permissions; Type: TABLE; Schema: public; Owner: -
--

CREATE TABLE public.auth_user_user_permissions (
    id bigint NOT NULL,
    user_id integer NOT NULL,
    permission_id integer NOT NULL
);


--
-- TOC entry 229 (class 1259 OID 24626)
-- Name: auth_user_user_permissions_id_seq; Type: SEQUENCE; Schema: public; Owner: -
--

ALTER TABLE public.auth_user_user_permissions ALTER COLUMN id ADD GENERATED BY DEFAULT AS IDENTITY (
    SEQUENCE NAME public.auth_user_user_permissions_id_seq
    START WITH 1
    INCREMENT BY 1
    NO MINVALUE
    NO MAXVALUE
    CACHE 1
);


--
-- TOC entry 232 (class 1259 OID 24685)
-- Name: django_admin_log; Type: TABLE; Schema: public; Owner: -
--

CREATE TABLE public.django_admin_log (
    id integer NOT NULL,
    action_time timestamp with time zone NOT NULL,
    object_id text,
    object_repr character varying(200) NOT NULL,
    action_flag smallint NOT NULL,
    change_message text NOT NULL,
    content_type_id integer,
    user_id integer NOT NULL,
    CONSTRAINT django_admin_log_action_flag_check CHECK ((action_flag >= 0))
);


--
-- TOC entry 231 (class 1259 OID 24684)
-- Name: django_admin_log_id_seq; Type: SEQUENCE; Schema: public; Owner: -
--

ALTER TABLE public.django_admin_log ALTER COLUMN id ADD GENERATED BY DEFAULT AS IDENTITY (
    SEQUENCE NAME public.django_admin_log_id_seq
    START WITH 1
    INCREMENT BY 1
    NO MINVALUE
    NO MAXVALUE
    CACHE 1
);


--
-- TOC entry 218 (class 1259 OID 24585)
-- Name: django_content_type; Type: TABLE; Schema: public; Owner: -
--

CREATE TABLE public.django_content_type (
    id integer NOT NULL,
    app_label character varying(100) NOT NULL,
    model character varying(100) NOT NULL
);


--
-- TOC entry 217 (class 1259 OID 24584)
-- Name: django_content_type_id_seq; Type: SEQUENCE; Schema: public; Owner: -
--

ALTER TABLE public.django_content_type ALTER COLUMN id ADD GENERATED BY DEFAULT AS IDENTITY (
    SEQUENCE NAME public.django_content_type_id_seq
    START WITH 1
    INCREMENT BY 1
    NO MINVALUE
    NO MAXVALUE
    CACHE 1
);


--
-- TOC entry 216 (class 1259 OID 24577)
-- Name: django_migrations; Type: TABLE; Schema: public; Owner: -
--

CREATE TABLE public.django_migrations (
    id bigint NOT NULL,
    app character varying(255) NOT NULL,
    name character varying(255) NOT NULL,
    applied timestamp with time zone NOT NULL
);


--
-- TOC entry 215 (class 1259 OID 24576)
-- Name: django_migrations_id_seq; Type: SEQUENCE; Schema: public; Owner: -
--

ALTER TABLE public.django_migrations ALTER COLUMN id ADD GENERATED BY DEFAULT AS IDENTITY (
    SEQUENCE NAME public.django_migrations_id_seq
    START WITH 1
    INCREMENT BY 1
    NO MINVALUE
    NO MAXVALUE
    CACHE 1
);


--
-- TOC entry 233 (class 1259 OID 24713)
-- Name: django_session; Type: TABLE; Schema: public; Owner: -
--

CREATE TABLE public.django_session (
    session_key character varying(40) NOT NULL,
    session_data text NOT NULL,
    expire_date timestamp with time zone NOT NULL
);


--
-- TOC entry 3651 (class 0 OID 32884)
-- Dependencies: 261
-- Data for Name: api_activitylog; Type: TABLE DATA; Schema: public; Owner: -
--



--
-- TOC entry 3649 (class 0 OID 32874)
-- Dependencies: 259
-- Data for Name: api_aiconversation; Type: TABLE DATA; Schema: public; Owner: -
--



--
-- TOC entry 3625 (class 0 OID 32769)
-- Dependencies: 235
-- Data for Name: api_company; Type: TABLE DATA; Schema: public; Owner: -
--

INSERT INTO public.api_company (id, name, industry, size, location, website, annual_revenue, employee_count, travel_budget, description, is_active, created_at, updated_at, annual_travel_volume, company_type, credit_rating, current_airlines, email, expansion_plans, payment_terms, phone, preferred_class, risk_level, specialties, sustainability_focus, technology_integration, travel_frequency, year_established, move_as_lead) VALUES (2, 'Global Finance Ltd', 'finance', 'enterprise', 'New York, NY', 'https://globalfinance.com', 200000000.00, 2000, 5000000.00, 'International financial services company', true, '2025-08-06 07:44:30.621697+00', '2025-08-06 07:44:30.621797+00', '', '', '', '', '', '', '', '', '', '', '', '', '', '', NULL, false);
INSERT INTO public.api_company (id, name, industry, size, location, website, annual_revenue, employee_count, travel_budget, description, is_active, created_at, updated_at, annual_travel_volume, company_type, credit_rating, current_airlines, email, expansion_plans, payment_terms, phone, preferred_class, risk_level, specialties, sustainability_focus, technology_integration, travel_frequency, year_established, move_as_lead) VALUES (3, 'HealthTech Innovations', 'healthcare', 'medium', 'Boston, MA', 'https://healthtech.com', 25000000.00, 200, 800000.00, 'Healthcare technology and services', true, '2025-08-06 07:44:31.556545+00', '2025-08-06 07:44:31.55656+00', '', '', '', '', '', '', '', '', '', '', '', '', '', '', NULL, false);
INSERT INTO public.api_company (id, name, industry, size, location, website, annual_revenue, employee_count, travel_budget, description, is_active, created_at, updated_at, annual_travel_volume, company_type, credit_rating, current_airlines, email, expansion_plans, payment_terms, phone, preferred_class, risk_level, specialties, sustainability_focus, technology_integration, travel_frequency, year_established, move_as_lead) VALUES (4, 'Manufacturing Plus', 'manufacturing', 'large', 'Detroit, MI', 'https://mfgplus.com', 75000000.00, 800, 1500000.00, 'Advanced manufacturing solutions', true, '2025-08-06 07:44:32.491473+00', '2025-08-06 07:44:32.491492+00', '', '', '', '', '', '', '', '', '', '', '', '', '', '', NULL, false);
INSERT INTO public.api_company (id, name, industry, size, location, website, annual_revenue, employee_count, travel_budget, description, is_active, created_at, updated_at, annual_travel_volume, company_type, credit_rating, current_airlines, email, expansion_plans, payment_terms, phone, preferred_class, risk_level, specialties, sustainability_focus, technology_integration, travel_frequency, year_established, move_as_lead) VALUES (5, 'Retail Dynamics', 'retail', 'enterprise', 'Chicago, IL', 'https://retaildyn.com', 150000000.00, 1500, 3000000.00, 'Multi-channel retail operations', true, '2025-08-06 07:44:33.426666+00', '2025-08-06 07:44:33.426682+00', '', '', '', '', '', '', '', '', '', '', '', '', '', '', NULL, false);
INSERT INTO public.api_company (id, name, industry, size, location, website, annual_revenue, employee_count, travel_budget, description, is_active, created_at, updated_at, annual_travel_volume, company_type, credit_rating, current_airlines, email, expansion_plans, payment_terms, phone, preferred_class, risk_level, specialties, sustainability_focus, technology_integration, travel_frequency, year_established, move_as_lead) VALUES (6, 'ConsultPro Services', 'consulting', 'medium', 'Washington, DC', 'https://consultpro.com', 30000000.00, 150, 1200000.00, 'Strategic business consulting', true, '2025-08-06 07:44:34.361818+00', '2025-08-06 07:44:34.361835+00', '', '', '', '', '', '', '', '', '', '', '', '', '', '', NULL, false);
INSERT INTO public.api_company (id, name, industry, size, location, website, annual_revenue, employee_count, travel_budget, description, is_active, created_at, updated_at, annual_travel_volume, company_type, credit_rating, current_airlines, email, expansion_plans, payment_terms, phone, preferred_class, risk_level, specialties, sustainability_focus, technology_integration, travel_frequency, year_established, move_as_lead) VALUES (7, 'test1', 'retail', 'small', 'test', '', 33.00, 3333, NULL, '', true, '2025-08-06 10:00:19.539757+00', '2025-08-06 10:00:19.539778+00', '', '', '', '', '', '', '', '', '', '', '', '', '', '', NULL, false);
INSERT INTO public.api_company (id, name, industry, size, location, website, annual_revenue, employee_count, travel_budget, description, is_active, created_at, updated_at, annual_travel_volume, company_type, credit_rating, current_airlines, email, expansion_plans, payment_terms, phone, preferred_class, risk_level, specialties, sustainability_focus, technology_integration, travel_frequency, year_established, move_as_lead) VALUES (8, 'TechCorp International', 'technology', 'enterprise', 'San Francisco, USA', 'https://techcorp.com', 50000000.00, 2500, 2500000.00, 'Enterprise Software, Cloud Solutions, AI/ML Services', true, '2025-08-06 12:17:25.898459+00', '2025-08-06 12:17:25.898476+00', '', '', '', '', '', '', '', '', '', '', '', '', '', '', NULL, false);
INSERT INTO public.api_company (id, name, industry, size, location, website, annual_revenue, employee_count, travel_budget, description, is_active, created_at, updated_at, annual_travel_volume, company_type, credit_rating, current_airlines, email, expansion_plans, payment_terms, phone, preferred_class, risk_level, specialties, sustainability_focus, technology_integration, travel_frequency, year_established, move_as_lead) VALUES (9, 'Global Manufacturing Ltd', 'manufacturing', 'large', 'Detroit, USA', 'https://globalmanufacturing.com', 75000000.00, 5000, 1800000.00, 'Automotive Parts, Supply Chain, Quality Control', true, '2025-08-06 12:17:26.893589+00', '2025-08-06 12:17:26.893605+00', '', '', '', '', '', '', '', '', '', '', '', '', '', '', NULL, false);
INSERT INTO public.api_company (id, name, industry, size, location, website, annual_revenue, employee_count, travel_budget, description, is_active, created_at, updated_at, annual_travel_volume, company_type, credit_rating, current_airlines, email, expansion_plans, payment_terms, phone, preferred_class, risk_level, specialties, sustainability_focus, technology_integration, travel_frequency, year_established, move_as_lead) VALUES (10, 'Sunrise Financial Services', 'finance', 'large', 'New York, USA', 'https://sunrisefinancial.com', 120000000.00, 1200, 3200000.00, 'Investment Banking, Wealth Management, Corporate Finance', true, '2025-08-06 12:17:27.874708+00', '2025-08-06 12:17:27.874726+00', '', '', '', '', '', '', '', '', '', '', '', '', '', '', NULL, false);
INSERT INTO public.api_company (id, name, industry, size, location, website, annual_revenue, employee_count, travel_budget, description, is_active, created_at, updated_at, annual_travel_volume, company_type, credit_rating, current_airlines, email, expansion_plans, payment_terms, phone, preferred_class, risk_level, specialties, sustainability_focus, technology_integration, travel_frequency, year_established, move_as_lead) VALUES (11, 'EcoEnergy Solutions', 'energy', 'medium', 'Austin, USA', 'https://ecoenergy.com', 25000000.00, 800, 1200000.00, 'Solar Energy, Wind Power, Sustainability Consulting', true, '2025-08-06 12:17:28.855689+00', '2025-08-06 12:17:28.855707+00', '', '', '', '', '', '', '', '', '', '', '', '', '', '', NULL, false);
INSERT INTO public.api_company (id, name, industry, size, location, website, annual_revenue, employee_count, travel_budget, description, is_active, created_at, updated_at, annual_travel_volume, company_type, credit_rating, current_airlines, email, expansion_plans, payment_terms, phone, preferred_class, risk_level, specialties, sustainability_focus, technology_integration, travel_frequency, year_established, move_as_lead) VALUES (12, 'RetailMax Corporation', 'retail', 'large', 'Chicago, USA', 'https://retailmax.com', 200000000.00, 15000, 5000000.00, 'Retail Chain Management, E-commerce, Supply Chain', true, '2025-08-06 12:17:30.08161+00', '2025-08-06 12:17:30.081623+00', '', '', '', '', '', '', '', '', '', '', '', '', '', '', NULL, false);
INSERT INTO public.api_company (id, name, industry, size, location, website, annual_revenue, employee_count, travel_budget, description, is_active, created_at, updated_at, annual_travel_volume, company_type, credit_rating, current_airlines, email, expansion_plans, payment_terms, phone, preferred_class, risk_level, specialties, sustainability_focus, technology_integration, travel_frequency, year_established, move_as_lead) VALUES (13, 'TeleConnect Systems', 'telecommunications', 'large', 'Seattle, USA', 'https://teleconnect.com', 85000000.00, 3500, 2800000.00, '5G Infrastructure, Network Solutions, IoT Connectivity', true, '2025-08-06 12:17:31.308227+00', '2025-08-06 12:17:31.308244+00', '', '', '', '', '', '', '', '', '', '', '', '', '', '', NULL, false);
INSERT INTO public.api_company (id, name, industry, size, location, website, annual_revenue, employee_count, travel_budget, description, is_active, created_at, updated_at, annual_travel_volume, company_type, credit_rating, current_airlines, email, expansion_plans, payment_terms, phone, preferred_class, risk_level, specialties, sustainability_focus, technology_integration, travel_frequency, year_established, move_as_lead) VALUES (14, 'LogisticsPro International', 'transportation', 'large', 'Memphis, USA', 'https://logisticspro.com', 95000000.00, 4200, 3500000.00, 'Global Logistics, Freight Management, Supply Chain Optimization', true, '2025-08-06 12:17:32.288558+00', '2025-08-06 12:17:32.288573+00', '', '', '', '', '', '', '', '', '', '', '', '', '', '', NULL, false);
INSERT INTO public.api_company (id, name, industry, size, location, website, annual_revenue, employee_count, travel_budget, description, is_active, created_at, updated_at, annual_travel_volume, company_type, credit_rating, current_airlines, email, expansion_plans, payment_terms, phone, preferred_class, risk_level, specialties, sustainability_focus, technology_integration, travel_frequency, year_established, move_as_lead) VALUES (15, 'EduTech Learning', 'education', 'medium', 'Cambridge, USA', 'https://edutech.com', 18000000.00, 600, 800000.00, 'Online Learning Platforms, Educational Software, Training Solutions', true, '2025-08-06 12:17:33.269736+00', '2025-08-06 12:17:33.269752+00', '', '', '', '', '', '', '', '', '', '', '', '', '', '', NULL, false);
INSERT INTO public.api_company (id, name, industry, size, location, website, annual_revenue, employee_count, travel_budget, description, is_active, created_at, updated_at, annual_travel_volume, company_type, credit_rating, current_airlines, email, expansion_plans, payment_terms, phone, preferred_class, risk_level, specialties, sustainability_focus, technology_integration, travel_frequency, year_established, move_as_lead) VALUES (16, 'Innovation Startup Hub', 'technology', 'startup', 'Palo Alto, USA', 'https://innovationstartup.com', 2500000.00, 45, 250000.00, 'AI Startup, Machine Learning, SaaS Products', true, '2025-08-06 12:17:34.254702+00', '2025-08-06 12:17:34.254718+00', '', '', '', '', '', '', '', '', '', '', '', '', '', '', NULL, false);
INSERT INTO public.api_company (id, name, industry, size, location, website, annual_revenue, employee_count, travel_budget, description, is_active, created_at, updated_at, annual_travel_volume, company_type, credit_rating, current_airlines, email, expansion_plans, payment_terms, phone, preferred_class, risk_level, specialties, sustainability_focus, technology_integration, travel_frequency, year_established, move_as_lead) VALUES (17, 'GreenCorp Utilities', 'energy', 'large', 'Portland, USA', 'https://greencorp.com', 110000000.00, 2800, 2200000.00, 'Renewable Energy, Smart Grid Technology, Energy Storage', true, '2025-08-06 12:17:35.236993+00', '2025-08-06 12:17:35.237006+00', '', '', '', '', '', '', '', '', '', '', '', '', '', '', NULL, false);
INSERT INTO public.api_company (id, name, industry, size, location, website, annual_revenue, employee_count, travel_budget, description, is_active, created_at, updated_at, annual_travel_volume, company_type, credit_rating, current_airlines, email, expansion_plans, payment_terms, phone, preferred_class, risk_level, specialties, sustainability_focus, technology_integration, travel_frequency, year_established, move_as_lead) VALUES (18, 'INIFNITI', 'technology', 'medium', 'CHENNAI', 'https://scrumtool.infinitisoftware.net/dashboard/dashboardView', 500.00, 350, 25.00, 'We are providing a travel solutions for the Airlines', true, '2025-08-07 12:10:41.542185+00', '2025-08-07 12:10:41.542212+00', '', '', '', '', '', '', '', '', '', '', '', '', '', '', NULL, false);
INSERT INTO public.api_company (id, name, industry, size, location, website, annual_revenue, employee_count, travel_budget, description, is_active, created_at, updated_at, annual_travel_volume, company_type, credit_rating, current_airlines, email, expansion_plans, payment_terms, phone, preferred_class, risk_level, specialties, sustainability_focus, technology_integration, travel_frequency, year_established, move_as_lead) VALUES (19, 'muniraj', 'retail', 'enterprise', 'chennai', 'https://muniraj.com', 100000000.00, 8000, 40000000.00, 'testing by the muniraj', true, '2025-08-07 12:39:56.700924+00', '2025-08-07 12:39:56.700951+00', '9000', 'corporation', 'BBB', 'Indigo,Airindia,southwest', 'muniraj@infinitisoftware.net', 'Aggressive', 'Net 45', '999999999', 'Economy Plus', 'Very Low', 'React,Angular,Php,Python', 'High', 'API,Mobile,website', 'Daily', 2000, false);
INSERT INTO public.api_company (id, name, industry, size, location, website, annual_revenue, employee_count, travel_budget, description, is_active, created_at, updated_at, annual_travel_volume, company_type, credit_rating, current_airlines, email, expansion_plans, payment_terms, phone, preferred_class, risk_level, specialties, sustainability_focus, technology_integration, travel_frequency, year_established, move_as_lead) VALUES (1, 'TechCorp Solutions', 'technology', 'large', 'San Francisco, CA', 'https://techcorp.com', 50000000.00, 500, 2000000.00, 'Leading technology solutions provider', true, '2025-08-06 07:44:29.683758+00', '2025-08-06 07:44:29.68378+00', '50', '', '', '', '', '', '', '', '', '', '', '', '', '', NULL, false);
INSERT INTO public.api_company (id, name, industry, size, location, website, annual_revenue, employee_count, travel_budget, description, is_active, created_at, updated_at, annual_travel_volume, company_type, credit_rating, current_airlines, email, expansion_plans, payment_terms, phone, preferred_class, risk_level, specialties, sustainability_focus, technology_integration, travel_frequency, year_established, move_as_lead) VALUES (21, 'muni', 'Financial Services', 'medium', 'checnnai', NULL, 33.00, NULL, 55.00, '', true, '2025-08-08 09:53:04.165619+00', '2025-08-08 09:53:04.165635+00', '800', '', '', '', '', '', '', '', '', '', '', '', '', '', NULL, false);
INSERT INTO public.api_company (id, name, industry, size, location, website, annual_revenue, employee_count, travel_budget, description, is_active, created_at, updated_at, annual_travel_volume, company_type, credit_rating, current_airlines, email, expansion_plans, payment_terms, phone, preferred_class, risk_level, specialties, sustainability_focus, technology_integration, travel_frequency, year_established, move_as_lead) VALUES (22, 'Infiniti software', 'Banking', 'medium', 'chennai', NULL, 40.00, NULL, 1000.00, '', true, '2025-08-13 06:01:10.619668+00', '2025-08-13 06:01:10.619687+00', '', '', '', '', '', '', '', '', '', '', '', '', '', '', NULL, false);
INSERT INTO public.api_company (id, name, industry, size, location, website, annual_revenue, employee_count, travel_budget, description, is_active, created_at, updated_at, annual_travel_volume, company_type, credit_rating, current_airlines, email, expansion_plans, payment_terms, phone, preferred_class, risk_level, specialties, sustainability_focus, technology_integration, travel_frequency, year_established, move_as_lead) VALUES (23, 'Infiniti pro', 'telecommunications', 'small', 'chennai', 'https://github.com/Infifrontend/soar-ai', 33000000.00, 333, 333000000.00, 'Airline innovation', true, '2025-08-14 06:31:17.292813+00', '2025-08-14 06:31:17.29283+00', '3333', 'llc', 'BBB', 'indigo,airasia', 'muniraj@infinitisoftware.net', 'Conservative', 'Net 60', '987654322', 'Economy Plus', 'Low', 'innovation,airlinesolutions', 'High', 'React,Angular', 'Weekly', 2005, false);
INSERT INTO public.api_company (id, name, industry, size, location, website, annual_revenue, employee_count, travel_budget, description, is_active, created_at, updated_at, annual_travel_volume, company_type, credit_rating, current_airlines, email, expansion_plans, payment_terms, phone, preferred_class, risk_level, specialties, sustainability_focus, technology_integration, travel_frequency, year_established, move_as_lead) VALUES (20, 'nagendran', 'finance', 'medium', 'chennai', 'https://tailwindcss.com/', 150000000.00, 10000, 50000000.00, 'Only for testing purpose', true, '2025-08-07 13:25:30.764624+00', '2025-08-07 13:25:30.76464+00', '2500', 'partnership', 'AAA', 'spicejet,air-india,Indigo', 'nagendran.g@infinitisoftware.net', 'Moderate', 'Net 60', '9845984598', 'Business/First', 'High', 'web-application,Android-app,crmtool', 'High', 'Java,python,React,typescript,Angular', 'Bi-weekly', 2022, true);


--
-- TOC entry 3627 (class 0 OID 32777)
-- Dependencies: 237
-- Data for Name: api_contact; Type: TABLE DATA; Schema: public; Owner: -
--

INSERT INTO public.api_contact (id, first_name, last_name, email, phone, "position", department, is_decision_maker, linkedin_profile, notes, created_at, updated_at, company_id) VALUES (1, 'Robert', 'Anderson', 'r.anderson@techcorp.com', '+1-555-3329', 'CTO', 'executive', true, '', '', '2025-08-06 07:44:35.297564+00', '2025-08-06 07:44:35.297579+00', 1);
INSERT INTO public.api_contact (id, first_name, last_name, email, phone, "position", department, is_decision_maker, linkedin_profile, notes, created_at, updated_at, company_id) VALUES (2, 'Lisa', 'Martinez', 'l.martinez@techcorp.com', '+1-555-1169', 'Travel Manager', 'travel', false, '', '', '2025-08-06 07:44:36.235023+00', '2025-08-06 07:44:36.235039+00', 2);
INSERT INTO public.api_contact (id, first_name, last_name, email, phone, "position", department, is_decision_maker, linkedin_profile, notes, created_at, updated_at, company_id) VALUES (3, 'Michael', 'Thompson', 'm.thompson@globalfinance.com', '+1-555-9833', 'CFO', 'finance', true, '', '', '2025-08-06 07:44:37.169853+00', '2025-08-06 07:44:37.169864+00', 3);
INSERT INTO public.api_contact (id, first_name, last_name, email, phone, "position", department, is_decision_maker, linkedin_profile, notes, created_at, updated_at, company_id) VALUES (4, 'Jennifer', 'White', 'j.white@globalfinance.com', '+1-555-5778', 'Operations Director', 'operations', true, '', '', '2025-08-06 07:44:38.105533+00', '2025-08-06 07:44:38.105549+00', 4);
INSERT INTO public.api_contact (id, first_name, last_name, email, phone, "position", department, is_decision_maker, linkedin_profile, notes, created_at, updated_at, company_id) VALUES (5, 'David', 'Garcia', 'd.garcia@healthtech.com', '+1-555-4711', 'CEO', 'executive', true, '', '', '2025-08-06 07:44:39.041248+00', '2025-08-06 07:44:39.041261+00', 5);
INSERT INTO public.api_contact (id, first_name, last_name, email, phone, "position", department, is_decision_maker, linkedin_profile, notes, created_at, updated_at, company_id) VALUES (6, 'Amanda', 'Rodriguez', 'a.rodriguez@mfgplus.com', '+1-555-2422', 'VP Operations', 'operations', true, '', '', '2025-08-06 07:44:39.978423+00', '2025-08-06 07:44:39.978439+00', 6);
INSERT INTO public.api_contact (id, first_name, last_name, email, phone, "position", department, is_decision_maker, linkedin_profile, notes, created_at, updated_at, company_id) VALUES (7, 'James', 'Wilson', 'j.wilson@retaildyn.com', '+1-555-9329', 'Travel Coordinator', 'travel', false, '', '', '2025-08-06 07:44:40.913606+00', '2025-08-06 07:44:40.913618+00', 1);
INSERT INTO public.api_contact (id, first_name, last_name, email, phone, "position", department, is_decision_maker, linkedin_profile, notes, created_at, updated_at, company_id) VALUES (8, 'Sarah', 'Lee', 's.lee@consultpro.com', '+1-555-6483', 'Managing Partner', 'executive', true, '', '', '2025-08-06 07:44:41.848751+00', '2025-08-06 07:44:41.848764+00', 2);
INSERT INTO public.api_contact (id, first_name, last_name, email, phone, "position", department, is_decision_maker, linkedin_profile, notes, created_at, updated_at, company_id) VALUES (9, 'muni', '', 'muni@gmail.com', '987654321234', 'muni', '', false, '', '', '2025-08-08 09:53:04.888689+00', '2025-08-08 09:53:04.888704+00', 21);
INSERT INTO public.api_contact (id, first_name, last_name, email, phone, "position", department, is_decision_maker, linkedin_profile, notes, created_at, updated_at, company_id) VALUES (10, 'Contact', 'Person', 'nagendran.g@infinitisoftware.net', '9845984598', 'Decision Maker', '', true, '', '', '2025-08-08 11:09:45.466722+00', '2025-08-08 11:09:45.466737+00', 20);
INSERT INTO public.api_contact (id, first_name, last_name, email, phone, "position", department, is_decision_maker, linkedin_profile, notes, created_at, updated_at, company_id) VALUES (11, 'Contact', 'Person', 'contact@techcorpsolutions.com', '+1 (555) 531-6688', 'Decision Maker', '', true, '', '', '2025-08-08 11:28:15.469453+00', '2025-08-08 11:28:15.469472+00', 1);
INSERT INTO public.api_contact (id, first_name, last_name, email, phone, "position", department, is_decision_maker, linkedin_profile, notes, created_at, updated_at, company_id) VALUES (12, 'Contact', 'Person', 'contact@techcorpsolutions.com', '+1 (555) 531-6688', 'Decision Maker', '', true, '', '', '2025-08-08 11:28:17.142549+00', '2025-08-08 11:28:17.142563+00', 1);
INSERT INTO public.api_contact (id, first_name, last_name, email, phone, "position", department, is_decision_maker, linkedin_profile, notes, created_at, updated_at, company_id) VALUES (13, 'Contact', 'Person', 'contact@techcorpsolutions.com', '+1 (555) 452-2006', 'Decision Maker', '', true, '', '', '2025-08-08 12:10:47.789926+00', '2025-08-08 12:10:47.789943+00', 1);
INSERT INTO public.api_contact (id, first_name, last_name, email, phone, "position", department, is_decision_maker, linkedin_profile, notes, created_at, updated_at, company_id) VALUES (14, 'Contact', 'Person', 'contact@techcorpsolutions.com', '+1 (555) 285-8967', 'Decision Maker', '', true, '', '', '2025-08-12 07:03:27.34347+00', '2025-08-12 07:03:27.343484+00', 1);
INSERT INTO public.api_contact (id, first_name, last_name, email, phone, "position", department, is_decision_maker, linkedin_profile, notes, created_at, updated_at, company_id) VALUES (15, 'nagendran', '', 'nagu@infinitisoftware.net', '9839393930', 'software enginner', '', true, '', '', '2025-08-13 06:01:11.354174+00', '2025-08-13 06:01:11.354188+00', 22);
INSERT INTO public.api_contact (id, first_name, last_name, email, phone, "position", department, is_decision_maker, linkedin_profile, notes, created_at, updated_at, company_id) VALUES (16, 'Contact', 'Person', 'contact@infinitisoftware.com', '+1 (555) 938-3936', 'Decision Maker', '', true, '', '', '2025-08-14 06:32:53.890876+00', '2025-08-14 06:32:53.890892+00', 22);
INSERT INTO public.api_contact (id, first_name, last_name, email, phone, "position", department, is_decision_maker, linkedin_profile, notes, created_at, updated_at, company_id) VALUES (17, 'Contact', 'Person', 'contact@ecoenergysolutions.com', '+1 (555) 978-5263', 'Decision Maker', '', true, '', '', '2025-08-14 06:53:19.665053+00', '2025-08-14 06:53:19.665073+00', 11);
INSERT INTO public.api_contact (id, first_name, last_name, email, phone, "position", department, is_decision_maker, linkedin_profile, notes, created_at, updated_at, company_id) VALUES (18, 'Contact', 'Person', 'contact@inifniti.com', '+1 (555) 221-1336', 'Decision Maker', '', true, '', '', '2025-08-21 13:01:38.288274+00', '2025-08-21 13:01:38.288288+00', 18);
INSERT INTO public.api_contact (id, first_name, last_name, email, phone, "position", department, is_decision_maker, linkedin_profile, notes, created_at, updated_at, company_id) VALUES (19, 'Contact', 'Person', 'nagendran.g@infinitisoftware.net', '9845984598', 'Decision Maker', '', true, '', '', '2025-08-25 07:29:12.529972+00', '2025-08-25 07:29:12.529989+00', 20);
INSERT INTO public.api_contact (id, first_name, last_name, email, phone, "position", department, is_decision_maker, linkedin_profile, notes, created_at, updated_at, company_id) VALUES (20, 'Contact', 'Person', 'nagendran.g@infinitisoftware.net', '9845984598', 'Decision Maker', '', true, '', '', '2025-08-25 07:44:02.27062+00', '2025-08-25 07:44:02.270641+00', 20);
INSERT INTO public.api_contact (id, first_name, last_name, email, phone, "position", department, is_decision_maker, linkedin_profile, notes, created_at, updated_at, company_id) VALUES (21, 'Contact', 'Person', 'nagendran.g@infinitisoftware.net', '9845984598', 'Decision Maker', '', true, '', '', '2025-08-25 07:53:04.415442+00', '2025-08-25 07:53:04.415467+00', 20);


--
-- TOC entry 3629 (class 0 OID 32785)
-- Dependencies: 239
-- Data for Name: api_contract; Type: TABLE DATA; Schema: public; Owner: -
--

INSERT INTO public.api_contract (id, contract_number, title, contract_type, status, start_date, end_date, value, terms, renewal_terms, auto_renewal, notice_period_days, risk_score, created_at, updated_at, company_id, opportunity_id) VALUES (1, 'CNT-2024-1001', 'Corporate Travel Agreement - Global Finance Ltd', 'master_agreement', 'pending_signature', '2025-08-06', '2026-08-06', 884348.00, 'Standard corporate travel agreement terms and conditions', 'Auto-renewal for 12 months unless terminated with 30 days notice', true, 90, 8, '2025-08-06 07:44:47.957942+00', '2025-08-06 07:44:47.957952+00', 2, 1);
INSERT INTO public.api_contract (id, contract_number, title, contract_type, status, start_date, end_date, value, terms, renewal_terms, auto_renewal, notice_period_days, risk_score, created_at, updated_at, company_id, opportunity_id) VALUES (2, 'CNT-2024-1002', 'Corporate Travel Agreement - HealthTech Innovations', 'corporate_travel', 'expired', '2025-08-06', '2026-08-06', 252496.00, 'Standard corporate travel agreement terms and conditions', 'Auto-renewal for 12 months unless terminated with 30 days notice', false, 60, 1, '2025-08-06 07:44:48.198567+00', '2025-08-06 07:44:48.19858+00', 3, 2);
INSERT INTO public.api_contract (id, contract_number, title, contract_type, status, start_date, end_date, value, terms, renewal_terms, auto_renewal, notice_period_days, risk_score, created_at, updated_at, company_id, opportunity_id) VALUES (3, 'CNT-2024-1003', 'Corporate Travel Agreement - Manufacturing Plus', 'service_agreement', 'draft', '2025-08-06', '2026-08-06', 863696.00, 'Standard corporate travel agreement terms and conditions', 'Auto-renewal for 12 months unless terminated with 30 days notice', false, 90, 5, '2025-08-06 07:44:48.433497+00', '2025-08-06 07:44:48.433506+00', 4, 3);
INSERT INTO public.api_contract (id, contract_number, title, contract_type, status, start_date, end_date, value, terms, renewal_terms, auto_renewal, notice_period_days, risk_score, created_at, updated_at, company_id, opportunity_id) VALUES (4, 'CNT-2024-1004', 'Corporate Travel Agreement - ConsultPro Services', 'corporate_travel', 'pending_signature', '2025-08-06', '2026-08-06', 414085.00, 'Standard corporate travel agreement terms and conditions', 'Auto-renewal for 12 months unless terminated with 30 days notice', false, 60, 2, '2025-08-06 07:44:48.668485+00', '2025-08-06 07:44:48.668498+00', 6, 4);
INSERT INTO public.api_contract (id, contract_number, title, contract_type, status, start_date, end_date, value, terms, renewal_terms, auto_renewal, notice_period_days, risk_score, created_at, updated_at, company_id, opportunity_id) VALUES (5, 'CNT-2024-1005', 'Corporate Travel Agreement - TechCorp Solutions', 'corporate_travel', 'pending_signature', '2025-08-06', '2026-08-06', 433377.00, 'Standard corporate travel agreement terms and conditions', 'Auto-renewal for 12 months unless terminated with 30 days notice', false, 60, 3, '2025-08-06 07:44:48.903748+00', '2025-08-06 07:44:48.90376+00', 1, 5);
INSERT INTO public.api_contract (id, contract_number, title, contract_type, status, start_date, end_date, value, terms, renewal_terms, auto_renewal, notice_period_days, risk_score, created_at, updated_at, company_id, opportunity_id) VALUES (6, 'CNT-2024-1006', 'Corporate Travel Agreement - Retail Dynamics', 'corporate_travel', 'terminated', '2025-08-06', '2026-08-06', 693476.00, 'Standard corporate travel agreement terms and conditions', 'Auto-renewal for 12 months unless terminated with 30 days notice', true, 60, 7, '2025-08-06 07:44:49.138422+00', '2025-08-06 07:44:49.138431+00', 5, 6);


--
-- TOC entry 3647 (class 0 OID 32859)
-- Dependencies: 257
-- Data for Name: api_contractbreach; Type: TABLE DATA; Schema: public; Owner: -
--



--
-- TOC entry 3643 (class 0 OID 32845)
-- Dependencies: 253
-- Data for Name: api_emailcampaign; Type: TABLE DATA; Schema: public; Owner: -
--



--
-- TOC entry 3645 (class 0 OID 32853)
-- Dependencies: 255
-- Data for Name: api_emailcampaign_target_leads; Type: TABLE DATA; Schema: public; Owner: -
--



--
-- TOC entry 3631 (class 0 OID 32795)
-- Dependencies: 241
-- Data for Name: api_lead; Type: TABLE DATA; Schema: public; Owner: -
--

INSERT INTO public.api_lead (id, status, source, priority, score, estimated_value, notes, next_action, next_action_date, created_at, updated_at, assigned_to_id, company_id, contact_id, assigned_agent) VALUES (1, 'qualified', 'website', 'high', 95, 235387.00, 'Sample lead notes for lead 1', 'Send proposal', '2025-08-22 07:44:42.549345+00', '2025-08-06 07:44:42.549762+00', '2025-08-06 07:44:42.549767+00', 4, 2, 1, NULL);
INSERT INTO public.api_lead (id, status, source, priority, score, estimated_value, notes, next_action, next_action_date, created_at, updated_at, assigned_to_id, company_id, contact_id, assigned_agent) VALUES (2, 'lost', 'website', 'medium', 81, 72725.00, 'Sample lead notes for lead 2', 'Follow up', '2025-08-15 07:44:42.790515+00', '2025-08-06 07:44:42.790811+00', '2025-08-06 07:44:42.790816+00', 7, 3, 1, NULL);
INSERT INTO public.api_lead (id, status, source, priority, score, estimated_value, notes, next_action, next_action_date, created_at, updated_at, assigned_to_id, company_id, contact_id, assigned_agent) VALUES (3, 'proposal_sent', 'referral', 'medium', 48, 487729.00, 'Sample lead notes for lead 3', 'Call client', '2025-08-09 07:44:43.02555+00', '2025-08-06 07:44:43.025957+00', '2025-08-06 07:44:43.025965+00', 3, 3, 6, NULL);
INSERT INTO public.api_lead (id, status, source, priority, score, estimated_value, notes, next_action, next_action_date, created_at, updated_at, assigned_to_id, company_id, contact_id, assigned_agent) VALUES (4, 'negotiation', 'cold_outreach', 'high', 52, 228674.00, 'Sample lead notes for lead 4', 'Call client', '2025-08-25 07:44:43.260519+00', '2025-08-06 07:44:43.260862+00', '2025-08-06 07:44:43.260868+00', 3, 4, 4, NULL);
INSERT INTO public.api_lead (id, status, source, priority, score, estimated_value, notes, next_action, next_action_date, created_at, updated_at, assigned_to_id, company_id, contact_id, assigned_agent) VALUES (5, 'contacted', 'marketing', 'urgent', 9, 242379.00, 'Sample lead notes for lead 5', 'Follow up', '2025-08-25 07:44:43.495062+00', '2025-08-06 07:44:43.495381+00', '2025-08-06 07:44:43.495388+00', 4, 6, 4, NULL);
INSERT INTO public.api_lead (id, status, source, priority, score, estimated_value, notes, next_action, next_action_date, created_at, updated_at, assigned_to_id, company_id, contact_id, assigned_agent) VALUES (6, 'lost', 'marketing', 'urgent', 98, 411678.00, 'Sample lead notes for lead 6', 'Send proposal', '2025-08-19 07:44:43.729805+00', '2025-08-06 07:44:43.730116+00', '2025-08-06 07:44:43.730123+00', 4, 4, 4, NULL);
INSERT INTO public.api_lead (id, status, source, priority, score, estimated_value, notes, next_action, next_action_date, created_at, updated_at, assigned_to_id, company_id, contact_id, assigned_agent) VALUES (7, 'qualified', 'corporate_search', 'high', 7, 331012.00, 'Sample lead notes for lead 7', 'Follow up', '2025-08-30 07:44:43.964334+00', '2025-08-06 07:44:43.96469+00', '2025-08-06 07:44:43.964695+00', 6, 1, 4, NULL);
INSERT INTO public.api_lead (id, status, source, priority, score, estimated_value, notes, next_action, next_action_date, created_at, updated_at, assigned_to_id, company_id, contact_id, assigned_agent) VALUES (8, 'new', 'referral', 'low', 85, 455512.00, 'Sample lead notes for lead 8', 'Follow up', '2025-09-04 07:44:44.199007+00', '2025-08-06 07:44:44.19936+00', '2025-08-06 07:44:44.199369+00', 7, 1, 3, NULL);
INSERT INTO public.api_lead (id, status, source, priority, score, estimated_value, notes, next_action, next_action_date, created_at, updated_at, assigned_to_id, company_id, contact_id, assigned_agent) VALUES (9, 'qualified', 'referral', 'low', 45, 130129.00, 'Sample lead notes for lead 9', 'Call client', '2025-08-12 07:44:44.434033+00', '2025-08-06 07:44:44.434284+00', '2025-08-06 07:44:44.434289+00', 3, 5, 7, NULL);
INSERT INTO public.api_lead (id, status, source, priority, score, estimated_value, notes, next_action, next_action_date, created_at, updated_at, assigned_to_id, company_id, contact_id, assigned_agent) VALUES (10, 'proposal_sent', 'website', 'urgent', 39, 455966.00, 'Sample lead notes for lead 10', 'Call client', '2025-08-31 07:44:44.668457+00', '2025-08-06 07:44:44.668767+00', '2025-08-06 07:44:44.668772+00', 7, 2, 7, NULL);
INSERT INTO public.api_lead (id, status, source, priority, score, estimated_value, notes, next_action, next_action_date, created_at, updated_at, assigned_to_id, company_id, contact_id, assigned_agent) VALUES (11, 'proposal_sent', 'marketing', 'high', 16, 212135.00, 'Sample lead notes for lead 11', 'Call client', '2025-08-23 07:44:44.902887+00', '2025-08-06 07:44:44.903198+00', '2025-08-06 07:44:44.903203+00', 4, 2, 8, NULL);
INSERT INTO public.api_lead (id, status, source, priority, score, estimated_value, notes, next_action, next_action_date, created_at, updated_at, assigned_to_id, company_id, contact_id, assigned_agent) VALUES (12, 'new', 'corporate_search', 'high', 23, 446968.00, 'Sample lead notes for lead 12', 'Call client', '2025-08-21 07:44:45.137437+00', '2025-08-06 07:44:45.137828+00', '2025-08-06 07:44:45.137835+00', 3, 4, 6, NULL);
INSERT INTO public.api_lead (id, status, source, priority, score, estimated_value, notes, next_action, next_action_date, created_at, updated_at, assigned_to_id, company_id, contact_id, assigned_agent) VALUES (13, 'negotiation', 'referral', 'urgent', 94, 465703.00, 'Sample lead notes for lead 13', 'Send proposal', '2025-08-25 07:44:45.371969+00', '2025-08-06 07:44:45.372233+00', '2025-08-06 07:44:45.372238+00', 5, 3, 2, NULL);
INSERT INTO public.api_lead (id, status, source, priority, score, estimated_value, notes, next_action, next_action_date, created_at, updated_at, assigned_to_id, company_id, contact_id, assigned_agent) VALUES (14, 'negotiation', 'website', 'high', 88, 379413.00, 'Sample lead notes for lead 14', 'Follow up', '2025-08-31 07:44:45.606905+00', '2025-08-06 07:44:45.607238+00', '2025-08-06 07:44:45.607244+00', 7, 5, 2, NULL);
INSERT INTO public.api_lead (id, status, source, priority, score, estimated_value, notes, next_action, next_action_date, created_at, updated_at, assigned_to_id, company_id, contact_id, assigned_agent) VALUES (15, 'proposal_sent', 'marketing', 'medium', 65, 123871.00, 'Sample lead notes for lead 15', 'Follow up', '2025-08-25 07:44:45.841441+00', '2025-08-06 07:44:45.841867+00', '2025-08-06 07:44:45.841875+00', 4, 3, 6, NULL);
INSERT INTO public.api_lead (id, status, source, priority, score, estimated_value, notes, next_action, next_action_date, created_at, updated_at, assigned_to_id, company_id, contact_id, assigned_agent) VALUES (16, 'unqualified', 'website', 'urgent', 63, 138759.00, 'Sample lead notes for lead 1', 'Follow up', '2025-08-07 07:45:34.19065+00', '2025-08-06 07:45:34.191285+00', '2025-08-06 07:45:34.191292+00', 4, 3, 3, NULL);
INSERT INTO public.api_lead (id, status, source, priority, score, estimated_value, notes, next_action, next_action_date, created_at, updated_at, assigned_to_id, company_id, contact_id, assigned_agent) VALUES (17, 'contacted', 'marketing', 'urgent', 28, 482191.00, 'Sample lead notes for lead 2', 'Send proposal', '2025-09-02 07:45:34.427481+00', '2025-08-06 07:45:34.427823+00', '2025-08-06 07:45:34.427829+00', 6, 2, 4, NULL);
INSERT INTO public.api_lead (id, status, source, priority, score, estimated_value, notes, next_action, next_action_date, created_at, updated_at, assigned_to_id, company_id, contact_id, assigned_agent) VALUES (18, 'won', 'referral', 'medium', 15, 275073.00, 'Sample lead notes for lead 3', 'Send proposal', '2025-08-22 07:45:34.66237+00', '2025-08-06 07:45:34.66267+00', '2025-08-06 07:45:34.662678+00', 3, 5, 8, NULL);
INSERT INTO public.api_lead (id, status, source, priority, score, estimated_value, notes, next_action, next_action_date, created_at, updated_at, assigned_to_id, company_id, contact_id, assigned_agent) VALUES (19, 'won', 'corporate_search', 'low', 31, 111853.00, 'Sample lead notes for lead 4', 'Send proposal', '2025-08-20 07:45:34.897278+00', '2025-08-06 07:45:34.897572+00', '2025-08-06 07:45:34.897577+00', 5, 5, 8, NULL);
INSERT INTO public.api_lead (id, status, source, priority, score, estimated_value, notes, next_action, next_action_date, created_at, updated_at, assigned_to_id, company_id, contact_id, assigned_agent) VALUES (20, 'negotiation', 'cold_outreach', 'low', 50, 199073.00, 'Sample lead notes for lead 5', 'Send proposal', '2025-08-22 07:45:35.132144+00', '2025-08-06 07:45:35.13245+00', '2025-08-06 07:45:35.132456+00', 7, 2, 5, NULL);
INSERT INTO public.api_lead (id, status, source, priority, score, estimated_value, notes, next_action, next_action_date, created_at, updated_at, assigned_to_id, company_id, contact_id, assigned_agent) VALUES (21, 'proposal_sent', 'marketing', 'medium', 13, 490709.00, 'Sample lead notes for lead 6', 'Send proposal', '2025-08-23 07:45:35.366859+00', '2025-08-06 07:45:35.367204+00', '2025-08-06 07:45:35.367211+00', 5, 6, 4, NULL);
INSERT INTO public.api_lead (id, status, source, priority, score, estimated_value, notes, next_action, next_action_date, created_at, updated_at, assigned_to_id, company_id, contact_id, assigned_agent) VALUES (22, 'new', 'cold_outreach', 'medium', 55, 206487.00, 'Sample lead notes for lead 7', 'Schedule meeting', '2025-08-21 07:45:35.601752+00', '2025-08-06 07:45:35.602104+00', '2025-08-06 07:45:35.602112+00', 7, 2, 8, NULL);
INSERT INTO public.api_lead (id, status, source, priority, score, estimated_value, notes, next_action, next_action_date, created_at, updated_at, assigned_to_id, company_id, contact_id, assigned_agent) VALUES (23, 'won', 'cold_outreach', 'low', 95, 140882.00, 'Sample lead notes for lead 8', 'Schedule meeting', '2025-09-03 07:45:35.836496+00', '2025-08-06 07:45:35.83694+00', '2025-08-06 07:45:35.83695+00', 6, 1, 3, NULL);
INSERT INTO public.api_lead (id, status, source, priority, score, estimated_value, notes, next_action, next_action_date, created_at, updated_at, assigned_to_id, company_id, contact_id, assigned_agent) VALUES (24, 'negotiation', 'cold_outreach', 'low', 65, 390655.00, 'Sample lead notes for lead 9', 'Schedule meeting', '2025-08-15 07:45:36.071378+00', '2025-08-06 07:45:36.071728+00', '2025-08-06 07:45:36.071751+00', 3, 3, 4, NULL);
INSERT INTO public.api_lead (id, status, source, priority, score, estimated_value, notes, next_action, next_action_date, created_at, updated_at, assigned_to_id, company_id, contact_id, assigned_agent) VALUES (25, 'unqualified', 'marketing', 'urgent', 95, 74058.00, 'Sample lead notes for lead 10', 'Schedule meeting', '2025-08-14 07:45:36.306308+00', '2025-08-06 07:45:36.306636+00', '2025-08-06 07:45:36.306643+00', 5, 3, 6, NULL);
INSERT INTO public.api_lead (id, status, source, priority, score, estimated_value, notes, next_action, next_action_date, created_at, updated_at, assigned_to_id, company_id, contact_id, assigned_agent) VALUES (26, 'negotiation', 'marketing', 'low', 84, 185307.00, 'Sample lead notes for lead 11', 'Follow up', '2025-09-01 07:45:36.540953+00', '2025-08-06 07:45:36.541218+00', '2025-08-06 07:45:36.541223+00', 4, 1, 5, NULL);
INSERT INTO public.api_lead (id, status, source, priority, score, estimated_value, notes, next_action, next_action_date, created_at, updated_at, assigned_to_id, company_id, contact_id, assigned_agent) VALUES (27, 'lost', 'referral', 'urgent', 61, 117852.00, 'Sample lead notes for lead 12', 'Call client', '2025-08-25 07:45:36.775756+00', '2025-08-06 07:45:36.776113+00', '2025-08-06 07:45:36.77612+00', 6, 6, 5, NULL);
INSERT INTO public.api_lead (id, status, source, priority, score, estimated_value, notes, next_action, next_action_date, created_at, updated_at, assigned_to_id, company_id, contact_id, assigned_agent) VALUES (28, 'won', 'marketing', 'low', 12, 76612.00, 'Sample lead notes for lead 13', 'Follow up', '2025-08-24 07:45:37.010532+00', '2025-08-06 07:45:37.010829+00', '2025-08-06 07:45:37.010835+00', 5, 6, 4, NULL);
INSERT INTO public.api_lead (id, status, source, priority, score, estimated_value, notes, next_action, next_action_date, created_at, updated_at, assigned_to_id, company_id, contact_id, assigned_agent) VALUES (29, 'lost', 'cold_outreach', 'medium', 20, 150362.00, 'Sample lead notes for lead 14', 'Follow up', '2025-08-12 07:45:37.245169+00', '2025-08-06 07:45:37.245412+00', '2025-08-06 07:45:37.245416+00', 5, 2, 6, NULL);
INSERT INTO public.api_lead (id, status, source, priority, score, estimated_value, notes, next_action, next_action_date, created_at, updated_at, assigned_to_id, company_id, contact_id, assigned_agent) VALUES (30, 'proposal_sent', 'referral', 'urgent', 95, 269032.00, 'Sample lead notes for lead 15', 'Follow up', '2025-08-19 07:45:37.4799+00', '2025-08-06 07:45:37.480225+00', '2025-08-06 07:45:37.480232+00', 5, 5, 6, NULL);
INSERT INTO public.api_lead (id, status, source, priority, score, estimated_value, notes, next_action, next_action_date, created_at, updated_at, assigned_to_id, company_id, contact_id, assigned_agent) VALUES (31, 'lost', 'marketing', 'urgent', 16, 135862.00, 'Sample lead notes for lead 1', 'Call client', '2025-08-12 07:47:00.291816+00', '2025-08-06 07:47:00.292361+00', '2025-08-06 07:47:00.29237+00', 4, 6, 6, NULL);
INSERT INTO public.api_lead (id, status, source, priority, score, estimated_value, notes, next_action, next_action_date, created_at, updated_at, assigned_to_id, company_id, contact_id, assigned_agent) VALUES (32, 'new', 'referral', 'high', 76, 480062.00, 'Sample lead notes for lead 2', 'Follow up', '2025-08-28 07:47:00.530478+00', '2025-08-06 07:47:00.530919+00', '2025-08-06 07:47:00.530927+00', 4, 6, 8, NULL);
INSERT INTO public.api_lead (id, status, source, priority, score, estimated_value, notes, next_action, next_action_date, created_at, updated_at, assigned_to_id, company_id, contact_id, assigned_agent) VALUES (33, 'new', 'marketing', 'high', 39, 309451.00, 'Sample lead notes for lead 3', 'Follow up', '2025-08-30 07:47:00.767325+00', '2025-08-06 07:47:00.767591+00', '2025-08-06 07:47:00.767599+00', 6, 4, 4, NULL);
INSERT INTO public.api_lead (id, status, source, priority, score, estimated_value, notes, next_action, next_action_date, created_at, updated_at, assigned_to_id, company_id, contact_id, assigned_agent) VALUES (34, 'proposal_sent', 'marketing', 'urgent', 73, 379669.00, 'Sample lead notes for lead 4', 'Call client', '2025-08-17 07:47:01.004106+00', '2025-08-06 07:47:01.004395+00', '2025-08-06 07:47:01.0044+00', 6, 2, 7, NULL);
INSERT INTO public.api_lead (id, status, source, priority, score, estimated_value, notes, next_action, next_action_date, created_at, updated_at, assigned_to_id, company_id, contact_id, assigned_agent) VALUES (35, 'new', 'marketing', 'urgent', 95, 152971.00, 'Sample lead notes for lead 5', 'Send proposal', '2025-08-29 07:47:01.240771+00', '2025-08-06 07:47:01.241056+00', '2025-08-06 07:47:01.241061+00', 3, 6, 2, NULL);
INSERT INTO public.api_lead (id, status, source, priority, score, estimated_value, notes, next_action, next_action_date, created_at, updated_at, assigned_to_id, company_id, contact_id, assigned_agent) VALUES (36, 'proposal_sent', 'corporate_search', 'medium', 84, 332086.00, 'Sample lead notes for lead 6', 'Follow up', '2025-08-14 07:47:01.477436+00', '2025-08-06 07:47:01.477776+00', '2025-08-06 07:47:01.477782+00', 7, 1, 3, NULL);
INSERT INTO public.api_lead (id, status, source, priority, score, estimated_value, notes, next_action, next_action_date, created_at, updated_at, assigned_to_id, company_id, contact_id, assigned_agent) VALUES (37, 'unqualified', 'referral', 'medium', 55, 343468.00, 'Sample lead notes for lead 7', 'Follow up', '2025-08-07 07:47:01.714454+00', '2025-08-06 07:47:01.714881+00', '2025-08-06 07:47:01.714887+00', 3, 6, 1, NULL);
INSERT INTO public.api_lead (id, status, source, priority, score, estimated_value, notes, next_action, next_action_date, created_at, updated_at, assigned_to_id, company_id, contact_id, assigned_agent) VALUES (38, 'lost', 'corporate_search', 'high', 43, 52179.00, 'Sample lead notes for lead 8', 'Follow up', '2025-08-20 07:47:01.951449+00', '2025-08-06 07:47:01.951958+00', '2025-08-06 07:47:01.951965+00', 4, 4, 8, NULL);
INSERT INTO public.api_lead (id, status, source, priority, score, estimated_value, notes, next_action, next_action_date, created_at, updated_at, assigned_to_id, company_id, contact_id, assigned_agent) VALUES (39, 'proposal_sent', 'cold_outreach', 'high', 98, 335403.00, 'Sample lead notes for lead 9', 'Send proposal', '2025-08-17 07:47:02.188325+00', '2025-08-06 07:47:02.188693+00', '2025-08-06 07:47:02.1887+00', 4, 1, 4, NULL);
INSERT INTO public.api_lead (id, status, source, priority, score, estimated_value, notes, next_action, next_action_date, created_at, updated_at, assigned_to_id, company_id, contact_id, assigned_agent) VALUES (40, 'won', 'website', 'high', 11, 129373.00, 'Sample lead notes for lead 10', 'Schedule meeting', '2025-08-07 07:47:02.425157+00', '2025-08-06 07:47:02.425422+00', '2025-08-06 07:47:02.425427+00', 4, 3, 5, NULL);
INSERT INTO public.api_lead (id, status, source, priority, score, estimated_value, notes, next_action, next_action_date, created_at, updated_at, assigned_to_id, company_id, contact_id, assigned_agent) VALUES (41, 'won', 'cold_outreach', 'medium', 48, 122801.00, 'Sample lead notes for lead 11', 'Send proposal', '2025-08-16 07:47:02.661839+00', '2025-08-06 07:47:02.662152+00', '2025-08-06 07:47:02.662157+00', 6, 4, 8, NULL);
INSERT INTO public.api_lead (id, status, source, priority, score, estimated_value, notes, next_action, next_action_date, created_at, updated_at, assigned_to_id, company_id, contact_id, assigned_agent) VALUES (42, 'unqualified', 'referral', 'low', 65, 486586.00, 'Sample lead notes for lead 12', 'Send proposal', '2025-08-10 07:47:02.898484+00', '2025-08-06 07:47:02.898781+00', '2025-08-06 07:47:02.898785+00', 3, 2, 1, NULL);
INSERT INTO public.api_lead (id, status, source, priority, score, estimated_value, notes, next_action, next_action_date, created_at, updated_at, assigned_to_id, company_id, contact_id, assigned_agent) VALUES (43, 'qualified', 'corporate_search', 'low', 68, 445229.00, 'Sample lead notes for lead 13', 'Call client', '2025-08-10 07:47:03.135117+00', '2025-08-06 07:47:03.135432+00', '2025-08-06 07:47:03.135436+00', 6, 2, 1, NULL);
INSERT INTO public.api_lead (id, status, source, priority, score, estimated_value, notes, next_action, next_action_date, created_at, updated_at, assigned_to_id, company_id, contact_id, assigned_agent) VALUES (44, 'proposal_sent', 'website', 'urgent', 63, 472659.00, 'Sample lead notes for lead 14', 'Schedule meeting', '2025-08-11 07:47:03.371675+00', '2025-08-06 07:47:03.372028+00', '2025-08-06 07:47:03.372035+00', 7, 2, 5, NULL);
INSERT INTO public.api_lead (id, status, source, priority, score, estimated_value, notes, next_action, next_action_date, created_at, updated_at, assigned_to_id, company_id, contact_id, assigned_agent) VALUES (45, 'proposal_sent', 'marketing', 'urgent', 61, 351677.00, 'Sample lead notes for lead 15', 'Follow up', '2025-08-18 07:47:03.608309+00', '2025-08-06 07:47:03.608591+00', '2025-08-06 07:47:03.608596+00', 6, 3, 8, NULL);
INSERT INTO public.api_lead (id, status, source, priority, score, estimated_value, notes, next_action, next_action_date, created_at, updated_at, assigned_to_id, company_id, contact_id, assigned_agent) VALUES (46, 'lost', 'cold_outreach', 'medium', 93, 263581.00, 'Sample lead notes for lead 1', 'Follow up', '2025-08-08 07:48:26.073537+00', '2025-08-06 07:48:26.074097+00', '2025-08-06 07:48:26.074107+00', 6, 5, 7, NULL);
INSERT INTO public.api_lead (id, status, source, priority, score, estimated_value, notes, next_action, next_action_date, created_at, updated_at, assigned_to_id, company_id, contact_id, assigned_agent) VALUES (47, 'won', 'website', 'medium', 92, 380041.00, 'Sample lead notes for lead 2', 'Follow up', '2025-09-03 07:48:26.311226+00', '2025-08-06 07:48:26.31155+00', '2025-08-06 07:48:26.311556+00', 3, 5, 4, NULL);
INSERT INTO public.api_lead (id, status, source, priority, score, estimated_value, notes, next_action, next_action_date, created_at, updated_at, assigned_to_id, company_id, contact_id, assigned_agent) VALUES (48, 'proposal_sent', 'referral', 'urgent', 40, 457954.00, 'Sample lead notes for lead 3', 'Schedule meeting', '2025-08-11 07:48:26.546704+00', '2025-08-06 07:48:26.547147+00', '2025-08-06 07:48:26.547158+00', 7, 3, 8, NULL);
INSERT INTO public.api_lead (id, status, source, priority, score, estimated_value, notes, next_action, next_action_date, created_at, updated_at, assigned_to_id, company_id, contact_id, assigned_agent) VALUES (49, 'lost', 'cold_outreach', 'high', 42, 152332.00, 'Sample lead notes for lead 4', 'Follow up', '2025-08-11 07:48:26.782331+00', '2025-08-06 07:48:26.782593+00', '2025-08-06 07:48:26.782598+00', 3, 6, 5, NULL);
INSERT INTO public.api_lead (id, status, source, priority, score, estimated_value, notes, next_action, next_action_date, created_at, updated_at, assigned_to_id, company_id, contact_id, assigned_agent) VALUES (50, 'unqualified', 'marketing', 'urgent', 57, 72962.00, 'Sample lead notes for lead 5', 'Schedule meeting', '2025-08-20 07:48:27.020842+00', '2025-08-06 07:48:27.021128+00', '2025-08-06 07:48:27.021133+00', 7, 4, 3, NULL);
INSERT INTO public.api_lead (id, status, source, priority, score, estimated_value, notes, next_action, next_action_date, created_at, updated_at, assigned_to_id, company_id, contact_id, assigned_agent) VALUES (51, 'unqualified', 'referral', 'medium', 100, 204624.00, 'Sample lead notes for lead 6', 'Follow up', '2025-09-05 07:48:27.257554+00', '2025-08-06 07:48:27.257843+00', '2025-08-06 07:48:27.257848+00', 7, 6, 8, NULL);
INSERT INTO public.api_lead (id, status, source, priority, score, estimated_value, notes, next_action, next_action_date, created_at, updated_at, assigned_to_id, company_id, contact_id, assigned_agent) VALUES (52, 'contacted', 'cold_outreach', 'high', 41, 258544.00, 'Sample lead notes for lead 7', 'Follow up', '2025-09-05 07:48:27.496878+00', '2025-08-06 07:48:27.497208+00', '2025-08-06 07:48:27.497224+00', 4, 1, 5, NULL);
INSERT INTO public.api_lead (id, status, source, priority, score, estimated_value, notes, next_action, next_action_date, created_at, updated_at, assigned_to_id, company_id, contact_id, assigned_agent) VALUES (53, 'qualified', 'website', 'low', 70, 447617.00, 'Sample lead notes for lead 8', 'Call client', '2025-09-04 07:48:27.732282+00', '2025-08-06 07:48:27.732567+00', '2025-08-06 07:48:27.732573+00', 5, 3, 3, NULL);
INSERT INTO public.api_lead (id, status, source, priority, score, estimated_value, notes, next_action, next_action_date, created_at, updated_at, assigned_to_id, company_id, contact_id, assigned_agent) VALUES (54, 'won', 'marketing', 'high', 67, 475579.00, 'Sample lead notes for lead 9', 'Follow up', '2025-08-10 07:48:27.967601+00', '2025-08-06 07:48:27.967958+00', '2025-08-06 07:48:27.967965+00', 3, 3, 7, NULL);
INSERT INTO public.api_lead (id, status, source, priority, score, estimated_value, notes, next_action, next_action_date, created_at, updated_at, assigned_to_id, company_id, contact_id, assigned_agent) VALUES (55, 'contacted', 'corporate_search', 'high', 30, 236640.00, 'Sample lead notes for lead 10', 'Call client', '2025-08-25 07:48:28.204505+00', '2025-08-06 07:48:28.204897+00', '2025-08-06 07:48:28.204905+00', 4, 6, 4, NULL);
INSERT INTO public.api_lead (id, status, source, priority, score, estimated_value, notes, next_action, next_action_date, created_at, updated_at, assigned_to_id, company_id, contact_id, assigned_agent) VALUES (56, 'new', 'referral', 'urgent', 46, 190052.00, 'Sample lead notes for lead 11', 'Send proposal', '2025-09-02 07:48:28.439872+00', '2025-08-06 07:48:28.440143+00', '2025-08-06 07:48:28.440148+00', 4, 5, 8, NULL);
INSERT INTO public.api_lead (id, status, source, priority, score, estimated_value, notes, next_action, next_action_date, created_at, updated_at, assigned_to_id, company_id, contact_id, assigned_agent) VALUES (57, 'won', 'referral', 'urgent', 48, 172788.00, 'Sample lead notes for lead 12', 'Follow up', '2025-08-27 07:48:28.675382+00', '2025-08-06 07:48:28.675675+00', '2025-08-06 07:48:28.67568+00', 3, 2, 8, NULL);
INSERT INTO public.api_lead (id, status, source, priority, score, estimated_value, notes, next_action, next_action_date, created_at, updated_at, assigned_to_id, company_id, contact_id, assigned_agent) VALUES (58, 'unqualified', 'website', 'high', 56, 452880.00, 'Sample lead notes for lead 13', 'Follow up', '2025-08-11 07:48:28.911267+00', '2025-08-06 07:48:28.91152+00', '2025-08-06 07:48:28.911527+00', 6, 1, 6, NULL);
INSERT INTO public.api_lead (id, status, source, priority, score, estimated_value, notes, next_action, next_action_date, created_at, updated_at, assigned_to_id, company_id, contact_id, assigned_agent) VALUES (59, 'qualified', 'referral', 'low', 27, 59583.00, 'Sample lead notes for lead 14', 'Send proposal', '2025-08-17 07:48:29.146463+00', '2025-08-06 07:48:29.14677+00', '2025-08-06 07:48:29.146778+00', 5, 3, 2, NULL);
INSERT INTO public.api_lead (id, status, source, priority, score, estimated_value, notes, next_action, next_action_date, created_at, updated_at, assigned_to_id, company_id, contact_id, assigned_agent) VALUES (60, 'contacted', 'corporate_search', 'high', 67, 362501.00, 'Sample lead notes for lead 15', 'Send proposal', '2025-08-25 07:48:29.381825+00', '2025-08-06 07:48:29.382104+00', '2025-08-06 07:48:29.382109+00', 6, 4, 4, NULL);
INSERT INTO public.api_lead (id, status, source, priority, score, estimated_value, notes, next_action, next_action_date, created_at, updated_at, assigned_to_id, company_id, contact_id, assigned_agent) VALUES (71, 'new', 'corporate_search', 'high', 97, 2305437.00, 'Moved from corporate search. AI Score: 97. High-potential corporate client with strong growth indicators. Excellent opportunity for partnership.. Specialties: web-application, Android-app, crmtool. Travel Frequency: Bi-weekly. Preferred Class: Business/First.', '', NULL, '2025-08-25 07:29:12.783985+00', '2025-08-25 07:29:12.783999+00', NULL, 20, 19, NULL);
INSERT INTO public.api_lead (id, status, source, priority, score, estimated_value, notes, next_action, next_action_date, created_at, updated_at, assigned_to_id, company_id, contact_id, assigned_agent) VALUES (72, 'new', 'corporate_search', 'high', 99, 2818683.00, 'Moved from corporate search. AI Score: 99. Established company with consistent business patterns. Good candidate for long-term contracts.. Specialties: web-application, Android-app, crmtool. Travel Frequency: Bi-weekly. Preferred Class: Business/First.', '', NULL, '2025-08-25 07:44:02.515591+00', '2025-08-25 07:44:02.515607+00', NULL, 20, 20, NULL);
INSERT INTO public.api_lead (id, status, source, priority, score, estimated_value, notes, next_action, next_action_date, created_at, updated_at, assigned_to_id, company_id, contact_id, assigned_agent) VALUES (69, 'new', 'corporate_search', 'medium', 93, 630334.00, 'Moved from corporate search. AI Score: 93. High-potential corporate client with strong growth indicators. Excellent opportunity for partnership.. Specialties: Business Services, Corporate Solutions. Travel Frequency: Quarterly. Preferred Class: Economy.

Assigned to: John Doe
Priority: High Priority
Assignment Notes: demo

Assigned to: John Doe
Priority: Medium Priority
Assignment Notes: demo

Assigned to: Jane Smith
Priority: High Priority


Assigned to: Mike Johnson
Priority: Urgent
Assignment Notes: new', 'Follow up', NULL, '2025-08-14 06:53:19.921802+00', '2025-08-21 10:54:19.726712+00', NULL, 11, 17, 'Mike Johnson');
INSERT INTO public.api_lead (id, status, source, priority, score, estimated_value, notes, next_action, next_action_date, created_at, updated_at, assigned_to_id, company_id, contact_id, assigned_agent) VALUES (70, 'new', 'corporate_search', 'high', 85, 856267.00, 'Moved from corporate search. AI Score: 85. Growing organization with expanding travel needs. Consider volume-based pricing strategies.. Specialties: Business Services, Corporate Solutions. Travel Frequency: Quarterly. Preferred Class: Economy Plus.', '', NULL, '2025-08-21 13:01:38.551483+00', '2025-08-21 13:01:38.551498+00', NULL, 18, 18, NULL);
INSERT INTO public.api_lead (id, status, source, priority, score, estimated_value, notes, next_action, next_action_date, created_at, updated_at, assigned_to_id, company_id, contact_id, assigned_agent) VALUES (67, 'qualified', 'Cold Call', 'medium', 50, 1000.00, 'demo check

[2025-08-13 06:53] Disqualified: ', 'Initial contact', '2025-08-15 00:00:00+00', '2025-08-13 06:01:11.599344+00', '2025-08-13 11:52:04.1159+00', NULL, 22, 15, NULL);
INSERT INTO public.api_lead (id, status, source, priority, score, estimated_value, notes, next_action, next_action_date, created_at, updated_at, assigned_to_id, company_id, contact_id, assigned_agent) VALUES (73, 'new', 'corporate_search', 'high', 93, 2158730.00, 'Moved from corporate search. AI Score: 93. Established company with consistent business patterns. Good candidate for long-term contracts.. Specialties: web-application, Android-app, crmtool. Travel Frequency: Bi-weekly. Preferred Class: Business/First.', '', NULL, '2025-08-25 07:53:04.667792+00', '2025-08-25 07:53:04.667805+00', NULL, 20, 21, NULL);
INSERT INTO public.api_lead (id, status, source, priority, score, estimated_value, notes, next_action, next_action_date, created_at, updated_at, assigned_to_id, company_id, contact_id, assigned_agent) VALUES (68, 'new', 'corporate_search', 'urgent', 91, 837042.00, 'Moved from corporate search. AI Score: 91. High-potential corporate client with strong growth indicators. Excellent opportunity for partnership.. Specialties: Business Services, Corporate Solutions. Travel Frequency: Quarterly. Preferred Class: Economy Plus.

Assigned to: John Doe
Priority: High Priority
Assignment Notes: test', 'Follow up test', NULL, '2025-08-14 06:32:54.14079+00', '2025-08-19 14:25:49.887478+00', NULL, 22, 16, 'Jane Smith');
INSERT INTO public.api_lead (id, status, source, priority, score, estimated_value, notes, next_action, next_action_date, created_at, updated_at, assigned_to_id, company_id, contact_id, assigned_agent) VALUES (63, 'unqualified', 'corporate_search', 'low', 91, 721224.00, 'muniraj', 'Follow up', NULL, '2025-08-08 11:28:15.733459+00', '2025-08-11 09:08:48.881888+00', NULL, 1, 11, NULL);
INSERT INTO public.api_lead (id, status, source, priority, score, estimated_value, notes, next_action, next_action_date, created_at, updated_at, assigned_to_id, company_id, contact_id, assigned_agent) VALUES (65, 'won', 'corporate_search', 'high', 85, 3461043.00, 'Moved from corporate search. AI Score: 85. Premium client with sophisticated requirements. Focus on high-service offerings.. Specialties: Business Services, Corporate Solutions. Travel Frequency: Weekly. Preferred Class: Business.', 'Follow up', NULL, '2025-08-08 12:10:48.047159+00', '2025-08-22 07:08:47.83938+00', NULL, 1, 13, NULL);
INSERT INTO public.api_lead (id, status, source, priority, score, estimated_value, notes, next_action, next_action_date, created_at, updated_at, assigned_to_id, company_id, contact_id, assigned_agent) VALUES (64, 'won', 'corporate_search', 'high', 91, 721224.00, 'Moved from corporate search. AI Score: 91. Established company with consistent business patterns. Good candidate for long-term contracts.. Specialties: Business Services, Corporate Solutions. Travel Frequency: Weekly. Preferred Class: Business/First.', '', NULL, '2025-08-08 11:28:17.392331+00', '2025-08-20 06:38:11.591229+00', NULL, 1, 12, NULL);
INSERT INTO public.api_lead (id, status, source, priority, score, estimated_value, notes, next_action, next_action_date, created_at, updated_at, assigned_to_id, company_id, contact_id, assigned_agent) VALUES (62, 'won', 'corporate_search', 'low', 92, 1436339.00, 'Moved from corporate search. AI Score: 92. Established company with consistent business patterns. Good candidate for long-term contracts.. Specialties: web-application, Android-app, crmtool. Travel Frequency: Bi-weekly. Preferred Class: Business/First.

[2025-08-11 10:01] Disqualified: checking this 

[2025-08-11 10:04] Disqualified: testing nagedran corporate
zzzzzzzzzzzzzzzzzzzzzzzzzzzzzzzzzzzzz

[2025-08-11 13:09] Disqualified: ', 'talk with them and wait', NULL, '2025-08-08 11:09:45.72581+00', '2025-08-13 12:22:47.490932+00', NULL, 20, 10, NULL);
INSERT INTO public.api_lead (id, status, source, priority, score, estimated_value, notes, next_action, next_action_date, created_at, updated_at, assigned_to_id, company_id, contact_id, assigned_agent) VALUES (61, 'won', 'Cold Call', 'medium', 50, 55.00, '55ttrreeeee', '', NULL, '2025-08-08 09:53:05.131206+00', '2025-08-13 12:29:06.603106+00', NULL, 21, 9, NULL);
INSERT INTO public.api_lead (id, status, source, priority, score, estimated_value, notes, next_action, next_action_date, created_at, updated_at, assigned_to_id, company_id, contact_id, assigned_agent) VALUES (66, 'won', 'corporate_search', 'high', 94, 2484189.00, 'Moved from corporate search. AI Score: 94. High-potential corporate client with strong growth indicators. Excellent opportunity for partnership.. Specialties: Business Services, Corporate Solutions. Travel Frequency: Monthly. Preferred Class: First.', 'Follow up', NULL, '2025-08-12 07:03:27.599178+00', '2025-08-20 06:49:22.036451+00', NULL, 1, 14, NULL);


--
-- TOC entry 3655 (class 0 OID 90134)
-- Dependencies: 265
-- Data for Name: api_leadhistory; Type: TABLE DATA; Schema: public; Owner: -
--

INSERT INTO public.api_leadhistory (id, history_type, action, details, icon, metadata, "timestamp", lead_id, user_id) VALUES (1, 'creation', 'Lead created', 'Lead created from website source. Initial contact information collected for Global Finance Ltd.', 'plus', '{}', '2025-08-19 07:08:37.687307+00', 1, 8);
INSERT INTO public.api_leadhistory (id, history_type, action, details, icon, metadata, "timestamp", lead_id, user_id) VALUES (2, 'assignment', 'Lead assigned', 'Lead assigned to Jane Johnson for follow-up.', 'user', '{}', '2025-08-19 07:08:38.162833+00', 1, 8);
INSERT INTO public.api_leadhistory (id, history_type, action, details, icon, metadata, "timestamp", lead_id, user_id) VALUES (3, 'score_update', 'Lead score updated to 95', 'Lead score updated to 95 based on engagement metrics and profile analysis.', 'trending-up', '{}', '2025-08-19 07:08:38.398607+00', 1, 8);
INSERT INTO public.api_leadhistory (id, history_type, action, details, icon, metadata, "timestamp", lead_id, user_id) VALUES (4, 'contact_made', 'Initial contact made', 'Initial contact made with Robert. Outreach sent via email.', 'mail', '{}', '2025-08-19 07:08:38.872461+00', 1, 4);
INSERT INTO public.api_leadhistory (id, history_type, action, details, icon, metadata, "timestamp", lead_id, user_id) VALUES (5, 'call_made', 'Discovery call completed', 'Scheduled and completed 30-minute discovery call. Discussed travel requirements and current pain points.', 'phone', '{}', '2025-08-19 07:08:39.107988+00', 1, 4);
INSERT INTO public.api_leadhistory (id, history_type, action, details, icon, metadata, "timestamp", lead_id, user_id) VALUES (6, 'qualification', 'Lead qualified', 'Lead qualified based on budget (235387.00), authority, and timeline. Ready for proposal stage.', 'check-circle', '{}', '2025-08-19 07:08:39.343828+00', 1, 4);
INSERT INTO public.api_leadhistory (id, history_type, action, details, icon, metadata, "timestamp", lead_id, user_id) VALUES (7, 'status_change', 'Status changed to Qualified', 'Lead status updated from contacted to qualified. Lead is now qualified.', 'check-circle', '{}', '2025-08-19 07:08:39.584234+00', 1, 4);
INSERT INTO public.api_leadhistory (id, history_type, action, details, icon, metadata, "timestamp", lead_id, user_id) VALUES (8, 'note_added', 'Follow-up note added', 'Added follow-up notes regarding client requirements and next steps.', 'message-square', '{}', '2025-08-19 07:08:39.81983+00', 1, 4);
INSERT INTO public.api_leadhistory (id, history_type, action, details, icon, metadata, "timestamp", lead_id, user_id) VALUES (9, 'creation', 'Lead created', 'Lead created from website source. Initial contact information collected for HealthTech Innovations.', 'plus', '{}', '2025-08-19 07:08:40.993722+00', 2, 8);
INSERT INTO public.api_leadhistory (id, history_type, action, details, icon, metadata, "timestamp", lead_id, user_id) VALUES (10, 'assignment', 'Lead assigned', 'Lead assigned to David Wilson for follow-up.', 'user', '{}', '2025-08-19 07:08:41.464831+00', 2, 8);
INSERT INTO public.api_leadhistory (id, history_type, action, details, icon, metadata, "timestamp", lead_id, user_id) VALUES (11, 'score_update', 'Lead score updated to 81', 'Lead score updated to 81 based on engagement metrics and profile analysis.', 'trending-up', '{}', '2025-08-19 07:08:41.700162+00', 2, 8);
INSERT INTO public.api_leadhistory (id, history_type, action, details, icon, metadata, "timestamp", lead_id, user_id) VALUES (12, 'contact_made', 'Initial contact made', 'Initial contact made with Robert. Outreach sent via email.', 'mail', '{}', '2025-08-19 07:08:42.170592+00', 2, 7);
INSERT INTO public.api_leadhistory (id, history_type, action, details, icon, metadata, "timestamp", lead_id, user_id) VALUES (13, 'qualification', 'Lead qualified', 'Lead qualified and moved to proposal stage.', 'check-circle', '{}', '2025-08-19 07:08:42.405942+00', 2, 7);
INSERT INTO public.api_leadhistory (id, history_type, action, details, icon, metadata, "timestamp", lead_id, user_id) VALUES (14, 'proposal_sent', 'Proposal sent', 'Comprehensive travel management proposal sent to decision maker.', 'file-text', '{}', '2025-08-19 07:08:42.641667+00', 2, 7);
INSERT INTO public.api_leadhistory (id, history_type, action, details, icon, metadata, "timestamp", lead_id, user_id) VALUES (15, 'lost', 'Lead lost', 'Lead chose competitor solution. Opportunity closed as lost.', 'x', '{}', '2025-08-19 07:08:42.877288+00', 2, 7);
INSERT INTO public.api_leadhistory (id, history_type, action, details, icon, metadata, "timestamp", lead_id, user_id) VALUES (16, 'status_change', 'Status changed to Lost', 'Lead status updated from proposal_sent to lost. Lead is now lost.', 'x', '{}', '2025-08-19 07:08:43.112843+00', 2, 7);
INSERT INTO public.api_leadhistory (id, history_type, action, details, icon, metadata, "timestamp", lead_id, user_id) VALUES (17, 'creation', 'Lead created', 'Lead created from referral source. Initial contact information collected for HealthTech Innovations.', 'plus', '{}', '2025-08-19 07:08:44.285534+00', 3, 8);
INSERT INTO public.api_leadhistory (id, history_type, action, details, icon, metadata, "timestamp", lead_id, user_id) VALUES (18, 'assignment', 'Lead assigned', 'Lead assigned to John Smith for follow-up.', 'user', '{}', '2025-08-19 07:08:44.755891+00', 3, 8);
INSERT INTO public.api_leadhistory (id, history_type, action, details, icon, metadata, "timestamp", lead_id, user_id) VALUES (19, 'score_update', 'Lead score updated to 48', 'Lead score updated to 48 based on engagement metrics and profile analysis.', 'trending-up', '{}', '2025-08-19 07:08:44.991252+00', 3, 8);
INSERT INTO public.api_leadhistory (id, history_type, action, details, icon, metadata, "timestamp", lead_id, user_id) VALUES (20, 'contact_made', 'Initial contact made', 'Initial contact made with Amanda. Outreach sent via email.', 'mail', '{}', '2025-08-19 07:08:45.461502+00', 3, 3);
INSERT INTO public.api_leadhistory (id, history_type, action, details, icon, metadata, "timestamp", lead_id, user_id) VALUES (21, 'qualification', 'Lead qualified', 'Lead qualified and moved to proposal stage.', 'check-circle', '{}', '2025-08-19 07:08:45.697093+00', 3, 3);
INSERT INTO public.api_leadhistory (id, history_type, action, details, icon, metadata, "timestamp", lead_id, user_id) VALUES (22, 'proposal_sent', 'Proposal sent', 'Comprehensive travel management proposal sent to decision maker.', 'file-text', '{}', '2025-08-19 07:08:45.932701+00', 3, 3);
INSERT INTO public.api_leadhistory (id, history_type, action, details, icon, metadata, "timestamp", lead_id, user_id) VALUES (23, 'status_change', 'Status changed to Proposal Sent', 'Lead status updated from qualified to proposal_sent. Lead is now proposal sent.', 'file-text', '{}', '2025-08-19 07:08:46.168846+00', 3, 3);
INSERT INTO public.api_leadhistory (id, history_type, action, details, icon, metadata, "timestamp", lead_id, user_id) VALUES (24, 'note_added', 'Follow-up note added', 'Added follow-up notes regarding client requirements and next steps.', 'message-square', '{}', '2025-08-19 07:08:46.404722+00', 3, 3);
INSERT INTO public.api_leadhistory (id, history_type, action, details, icon, metadata, "timestamp", lead_id, user_id) VALUES (25, 'creation', 'Lead created', 'Lead created from cold_outreach source. Initial contact information collected for Manufacturing Plus.', 'plus', '{}', '2025-08-19 07:08:47.577572+00', 4, 8);
INSERT INTO public.api_leadhistory (id, history_type, action, details, icon, metadata, "timestamp", lead_id, user_id) VALUES (26, 'assignment', 'Lead assigned', 'Lead assigned to John Smith for follow-up.', 'user', '{}', '2025-08-19 07:08:48.04769+00', 4, 8);
INSERT INTO public.api_leadhistory (id, history_type, action, details, icon, metadata, "timestamp", lead_id, user_id) VALUES (27, 'score_update', 'Lead score updated to 52', 'Lead score updated to 52 based on engagement metrics and profile analysis.', 'trending-up', '{}', '2025-08-19 07:08:48.283221+00', 4, 8);
INSERT INTO public.api_leadhistory (id, history_type, action, details, icon, metadata, "timestamp", lead_id, user_id) VALUES (28, 'contact_made', 'Initial contact made', 'Initial contact made with Jennifer. Outreach sent via email.', 'mail', '{}', '2025-08-19 07:08:48.753735+00', 4, 3);
INSERT INTO public.api_leadhistory (id, history_type, action, details, icon, metadata, "timestamp", lead_id, user_id) VALUES (29, 'qualification', 'Lead qualified', 'Lead qualified and moved to proposal stage.', 'check-circle', '{}', '2025-08-19 07:08:48.989174+00', 4, 3);
INSERT INTO public.api_leadhistory (id, history_type, action, details, icon, metadata, "timestamp", lead_id, user_id) VALUES (30, 'proposal_sent', 'Proposal sent', 'Comprehensive travel management proposal sent to decision maker.', 'file-text', '{}', '2025-08-19 07:08:49.224875+00', 4, 3);
INSERT INTO public.api_leadhistory (id, history_type, action, details, icon, metadata, "timestamp", lead_id, user_id) VALUES (31, 'negotiation_started', 'Negotiation started', 'Client responded to proposal. Negotiating terms and pricing.', 'handshake', '{}', '2025-08-19 07:08:49.460278+00', 4, 3);
INSERT INTO public.api_leadhistory (id, history_type, action, details, icon, metadata, "timestamp", lead_id, user_id) VALUES (32, 'status_change', 'Status changed to In Negotiation', 'Lead status updated from proposal_sent to negotiation. Lead is now in negotiation.', 'handshake', '{}', '2025-08-19 07:08:49.695662+00', 4, 3);
INSERT INTO public.api_leadhistory (id, history_type, action, details, icon, metadata, "timestamp", lead_id, user_id) VALUES (33, 'note_added', 'Follow-up note added', 'Added follow-up notes regarding client requirements and next steps.', 'message-square', '{}', '2025-08-19 07:08:49.931166+00', 4, 3);
INSERT INTO public.api_leadhistory (id, history_type, action, details, icon, metadata, "timestamp", lead_id, user_id) VALUES (34, 'creation', 'Lead created', 'Lead created from marketing source. Initial contact information collected for ConsultPro Services.', 'plus', '{}', '2025-08-19 07:08:51.103872+00', 5, 8);
INSERT INTO public.api_leadhistory (id, history_type, action, details, icon, metadata, "timestamp", lead_id, user_id) VALUES (35, 'assignment', 'Lead assigned', 'Lead assigned to Jane Johnson for follow-up.', 'user', '{}', '2025-08-19 07:08:51.57393+00', 5, 8);
INSERT INTO public.api_leadhistory (id, history_type, action, details, icon, metadata, "timestamp", lead_id, user_id) VALUES (36, 'score_update', 'Lead score updated to 9', 'Lead score updated to 9 based on engagement metrics and profile analysis.', 'trending-up', '{}', '2025-08-19 07:08:51.809731+00', 5, 8);
INSERT INTO public.api_leadhistory (id, history_type, action, details, icon, metadata, "timestamp", lead_id, user_id) VALUES (37, 'contact_made', 'Initial contact made', 'Initial contact made with Jennifer. Outreach sent via email.', 'mail', '{}', '2025-08-19 07:08:52.280097+00', 5, 4);
INSERT INTO public.api_leadhistory (id, history_type, action, details, icon, metadata, "timestamp", lead_id, user_id) VALUES (38, 'status_change', 'Status changed to Contacted', 'Lead status updated from new to contacted. Lead is now contacted.', 'mail', '{}', '2025-08-19 07:08:52.51562+00', 5, 4);
INSERT INTO public.api_leadhistory (id, history_type, action, details, icon, metadata, "timestamp", lead_id, user_id) VALUES (39, 'creation', 'Lead created', 'Lead created from marketing source. Initial contact information collected for Manufacturing Plus.', 'plus', '{}', '2025-08-19 07:08:53.688458+00', 6, 8);
INSERT INTO public.api_leadhistory (id, history_type, action, details, icon, metadata, "timestamp", lead_id, user_id) VALUES (40, 'assignment', 'Lead assigned', 'Lead assigned to Jane Johnson for follow-up.', 'user', '{}', '2025-08-19 07:08:54.158706+00', 6, 8);
INSERT INTO public.api_leadhistory (id, history_type, action, details, icon, metadata, "timestamp", lead_id, user_id) VALUES (41, 'score_update', 'Lead score updated to 98', 'Lead score updated to 98 based on engagement metrics and profile analysis.', 'trending-up', '{}', '2025-08-19 07:08:54.394191+00', 6, 8);
INSERT INTO public.api_leadhistory (id, history_type, action, details, icon, metadata, "timestamp", lead_id, user_id) VALUES (42, 'contact_made', 'Initial contact made', 'Initial contact made with Jennifer. Outreach sent via email.', 'mail', '{}', '2025-08-19 07:08:54.864654+00', 6, 4);
INSERT INTO public.api_leadhistory (id, history_type, action, details, icon, metadata, "timestamp", lead_id, user_id) VALUES (43, 'qualification', 'Lead qualified', 'Lead qualified and moved to proposal stage.', 'check-circle', '{}', '2025-08-19 07:08:55.10058+00', 6, 4);
INSERT INTO public.api_leadhistory (id, history_type, action, details, icon, metadata, "timestamp", lead_id, user_id) VALUES (44, 'proposal_sent', 'Proposal sent', 'Comprehensive travel management proposal sent to decision maker.', 'file-text', '{}', '2025-08-19 07:08:55.335994+00', 6, 4);
INSERT INTO public.api_leadhistory (id, history_type, action, details, icon, metadata, "timestamp", lead_id, user_id) VALUES (45, 'lost', 'Lead lost', 'Lead chose competitor solution. Opportunity closed as lost.', 'x', '{}', '2025-08-19 07:08:55.571474+00', 6, 4);
INSERT INTO public.api_leadhistory (id, history_type, action, details, icon, metadata, "timestamp", lead_id, user_id) VALUES (46, 'status_change', 'Status changed to Lost', 'Lead status updated from proposal_sent to lost. Lead is now lost.', 'x', '{}', '2025-08-19 07:08:55.806832+00', 6, 4);
INSERT INTO public.api_leadhistory (id, history_type, action, details, icon, metadata, "timestamp", lead_id, user_id) VALUES (47, 'creation', 'Lead created', 'Lead created from corporate_search source. Initial contact information collected for TechCorp Solutions.', 'plus', '{}', '2025-08-19 07:08:56.979509+00', 7, 8);
INSERT INTO public.api_leadhistory (id, history_type, action, details, icon, metadata, "timestamp", lead_id, user_id) VALUES (48, 'assignment', 'Lead assigned', 'Lead assigned to Sarah Davis for follow-up.', 'user', '{}', '2025-08-19 07:08:57.454737+00', 7, 8);
INSERT INTO public.api_leadhistory (id, history_type, action, details, icon, metadata, "timestamp", lead_id, user_id) VALUES (49, 'score_update', 'Lead score updated to 7', 'Lead score updated to 7 based on engagement metrics and profile analysis.', 'trending-up', '{}', '2025-08-19 07:08:57.690215+00', 7, 8);
INSERT INTO public.api_leadhistory (id, history_type, action, details, icon, metadata, "timestamp", lead_id, user_id) VALUES (50, 'contact_made', 'Initial contact made', 'Initial contact made with Jennifer. Outreach sent via email.', 'mail', '{}', '2025-08-19 07:08:58.160643+00', 7, 6);
INSERT INTO public.api_leadhistory (id, history_type, action, details, icon, metadata, "timestamp", lead_id, user_id) VALUES (51, 'call_made', 'Discovery call completed', 'Scheduled and completed 30-minute discovery call. Discussed travel requirements and current pain points.', 'phone', '{}', '2025-08-19 07:08:58.396023+00', 7, 6);
INSERT INTO public.api_leadhistory (id, history_type, action, details, icon, metadata, "timestamp", lead_id, user_id) VALUES (52, 'qualification', 'Lead qualified', 'Lead qualified based on budget (331012.00), authority, and timeline. Ready for proposal stage.', 'check-circle', '{}', '2025-08-19 07:08:58.631474+00', 7, 6);
INSERT INTO public.api_leadhistory (id, history_type, action, details, icon, metadata, "timestamp", lead_id, user_id) VALUES (53, 'status_change', 'Status changed to Qualified', 'Lead status updated from contacted to qualified. Lead is now qualified.', 'check-circle', '{}', '2025-08-19 07:08:58.866856+00', 7, 6);
INSERT INTO public.api_leadhistory (id, history_type, action, details, icon, metadata, "timestamp", lead_id, user_id) VALUES (54, 'note_added', 'Follow-up note added', 'Added follow-up notes regarding client requirements and next steps.', 'message-square', '{}', '2025-08-19 07:08:59.102214+00', 7, 6);
INSERT INTO public.api_leadhistory (id, history_type, action, details, icon, metadata, "timestamp", lead_id, user_id) VALUES (55, 'creation', 'Lead created', 'Lead created from referral source. Initial contact information collected for TechCorp Solutions.', 'plus', '{}', '2025-08-19 07:09:00.275077+00', 8, 8);
INSERT INTO public.api_leadhistory (id, history_type, action, details, icon, metadata, "timestamp", lead_id, user_id) VALUES (56, 'assignment', 'Lead assigned', 'Lead assigned to David Wilson for follow-up.', 'user', '{}', '2025-08-19 07:09:00.744988+00', 8, 8);
INSERT INTO public.api_leadhistory (id, history_type, action, details, icon, metadata, "timestamp", lead_id, user_id) VALUES (57, 'score_update', 'Lead score updated to 85', 'Lead score updated to 85 based on engagement metrics and profile analysis.', 'trending-up', '{}', '2025-08-19 07:09:00.980486+00', 8, 8);
INSERT INTO public.api_leadhistory (id, history_type, action, details, icon, metadata, "timestamp", lead_id, user_id) VALUES (58, 'creation', 'Lead created', 'Lead created from referral source. Initial contact information collected for Retail Dynamics.', 'plus', '{}', '2025-08-19 07:09:02.153216+00', 9, 8);
INSERT INTO public.api_leadhistory (id, history_type, action, details, icon, metadata, "timestamp", lead_id, user_id) VALUES (59, 'assignment', 'Lead assigned', 'Lead assigned to John Smith for follow-up.', 'user', '{}', '2025-08-19 07:09:02.626954+00', 9, 8);
INSERT INTO public.api_leadhistory (id, history_type, action, details, icon, metadata, "timestamp", lead_id, user_id) VALUES (60, 'score_update', 'Lead score updated to 45', 'Lead score updated to 45 based on engagement metrics and profile analysis.', 'trending-up', '{}', '2025-08-19 07:09:02.86254+00', 9, 8);
INSERT INTO public.api_leadhistory (id, history_type, action, details, icon, metadata, "timestamp", lead_id, user_id) VALUES (61, 'contact_made', 'Initial contact made', 'Initial contact made with James. Outreach sent via email.', 'mail', '{}', '2025-08-19 07:09:03.333819+00', 9, 3);
INSERT INTO public.api_leadhistory (id, history_type, action, details, icon, metadata, "timestamp", lead_id, user_id) VALUES (62, 'call_made', 'Discovery call completed', 'Scheduled and completed 30-minute discovery call. Discussed travel requirements and current pain points.', 'phone', '{}', '2025-08-19 07:09:03.569549+00', 9, 3);
INSERT INTO public.api_leadhistory (id, history_type, action, details, icon, metadata, "timestamp", lead_id, user_id) VALUES (63, 'qualification', 'Lead qualified', 'Lead qualified based on budget (130129.00), authority, and timeline. Ready for proposal stage.', 'check-circle', '{}', '2025-08-19 07:09:03.805082+00', 9, 3);
INSERT INTO public.api_leadhistory (id, history_type, action, details, icon, metadata, "timestamp", lead_id, user_id) VALUES (64, 'status_change', 'Status changed to Qualified', 'Lead status updated from contacted to qualified. Lead is now qualified.', 'check-circle', '{}', '2025-08-19 07:09:04.040551+00', 9, 3);
INSERT INTO public.api_leadhistory (id, history_type, action, details, icon, metadata, "timestamp", lead_id, user_id) VALUES (65, 'note_added', 'Follow-up note added', 'Added follow-up notes regarding client requirements and next steps.', 'message-square', '{}', '2025-08-19 07:09:04.275954+00', 9, 3);
INSERT INTO public.api_leadhistory (id, history_type, action, details, icon, metadata, "timestamp", lead_id, user_id) VALUES (66, 'creation', 'Lead created', 'Lead created from website source. Initial contact information collected for Global Finance Ltd.', 'plus', '{}', '2025-08-19 07:09:05.449488+00', 10, 8);
INSERT INTO public.api_leadhistory (id, history_type, action, details, icon, metadata, "timestamp", lead_id, user_id) VALUES (67, 'assignment', 'Lead assigned', 'Lead assigned to David Wilson for follow-up.', 'user', '{}', '2025-08-19 07:09:05.919951+00', 10, 8);
INSERT INTO public.api_leadhistory (id, history_type, action, details, icon, metadata, "timestamp", lead_id, user_id) VALUES (68, 'score_update', 'Lead score updated to 39', 'Lead score updated to 39 based on engagement metrics and profile analysis.', 'trending-up', '{}', '2025-08-19 07:09:06.155612+00', 10, 8);
INSERT INTO public.api_leadhistory (id, history_type, action, details, icon, metadata, "timestamp", lead_id, user_id) VALUES (69, 'contact_made', 'Initial contact made', 'Initial contact made with James. Outreach sent via email.', 'mail', '{}', '2025-08-19 07:09:06.626074+00', 10, 7);
INSERT INTO public.api_leadhistory (id, history_type, action, details, icon, metadata, "timestamp", lead_id, user_id) VALUES (70, 'qualification', 'Lead qualified', 'Lead qualified and moved to proposal stage.', 'check-circle', '{}', '2025-08-19 07:09:06.861621+00', 10, 7);
INSERT INTO public.api_leadhistory (id, history_type, action, details, icon, metadata, "timestamp", lead_id, user_id) VALUES (71, 'proposal_sent', 'Proposal sent', 'Comprehensive travel management proposal sent to decision maker.', 'file-text', '{}', '2025-08-19 07:09:07.097366+00', 10, 7);
INSERT INTO public.api_leadhistory (id, history_type, action, details, icon, metadata, "timestamp", lead_id, user_id) VALUES (72, 'status_change', 'Status changed to Proposal Sent', 'Lead status updated from qualified to proposal_sent. Lead is now proposal sent.', 'file-text', '{}', '2025-08-19 07:09:07.333012+00', 10, 7);
INSERT INTO public.api_leadhistory (id, history_type, action, details, icon, metadata, "timestamp", lead_id, user_id) VALUES (73, 'note_added', 'Follow-up note added', 'Added follow-up notes regarding client requirements and next steps.', 'message-square', '{}', '2025-08-19 07:09:07.568758+00', 10, 7);
INSERT INTO public.api_leadhistory (id, history_type, action, details, icon, metadata, "timestamp", lead_id, user_id) VALUES (74, 'creation', 'Lead created', 'Lead created from marketing source. Initial contact information collected for Global Finance Ltd.', 'plus', '{}', '2025-08-19 07:09:08.741433+00', 11, 8);
INSERT INTO public.api_leadhistory (id, history_type, action, details, icon, metadata, "timestamp", lead_id, user_id) VALUES (75, 'assignment', 'Lead assigned', 'Lead assigned to Jane Johnson for follow-up.', 'user', '{}', '2025-08-19 07:09:09.211723+00', 11, 8);
INSERT INTO public.api_leadhistory (id, history_type, action, details, icon, metadata, "timestamp", lead_id, user_id) VALUES (76, 'score_update', 'Lead score updated to 16', 'Lead score updated to 16 based on engagement metrics and profile analysis.', 'trending-up', '{}', '2025-08-19 07:09:09.447083+00', 11, 8);
INSERT INTO public.api_leadhistory (id, history_type, action, details, icon, metadata, "timestamp", lead_id, user_id) VALUES (77, 'contact_made', 'Initial contact made', 'Initial contact made with Sarah. Outreach sent via email.', 'mail', '{}', '2025-08-19 07:09:09.917417+00', 11, 4);
INSERT INTO public.api_leadhistory (id, history_type, action, details, icon, metadata, "timestamp", lead_id, user_id) VALUES (78, 'qualification', 'Lead qualified', 'Lead qualified and moved to proposal stage.', 'check-circle', '{}', '2025-08-19 07:09:10.15289+00', 11, 4);
INSERT INTO public.api_leadhistory (id, history_type, action, details, icon, metadata, "timestamp", lead_id, user_id) VALUES (79, 'proposal_sent', 'Proposal sent', 'Comprehensive travel management proposal sent to decision maker.', 'file-text', '{}', '2025-08-19 07:09:10.388611+00', 11, 4);
INSERT INTO public.api_leadhistory (id, history_type, action, details, icon, metadata, "timestamp", lead_id, user_id) VALUES (80, 'status_change', 'Status changed to Proposal Sent', 'Lead status updated from qualified to proposal_sent. Lead is now proposal sent.', 'file-text', '{}', '2025-08-19 07:09:10.624019+00', 11, 4);
INSERT INTO public.api_leadhistory (id, history_type, action, details, icon, metadata, "timestamp", lead_id, user_id) VALUES (81, 'note_added', 'Follow-up note added', 'Added follow-up notes regarding client requirements and next steps.', 'message-square', '{}', '2025-08-19 07:09:10.859547+00', 11, 4);
INSERT INTO public.api_leadhistory (id, history_type, action, details, icon, metadata, "timestamp", lead_id, user_id) VALUES (82, 'creation', 'Lead created', 'Lead created from corporate_search source. Initial contact information collected for Manufacturing Plus.', 'plus', '{}', '2025-08-19 07:09:12.032515+00', 12, 8);
INSERT INTO public.api_leadhistory (id, history_type, action, details, icon, metadata, "timestamp", lead_id, user_id) VALUES (83, 'assignment', 'Lead assigned', 'Lead assigned to John Smith for follow-up.', 'user', '{}', '2025-08-19 07:09:12.502729+00', 12, 8);
INSERT INTO public.api_leadhistory (id, history_type, action, details, icon, metadata, "timestamp", lead_id, user_id) VALUES (84, 'score_update', 'Lead score updated to 23', 'Lead score updated to 23 based on engagement metrics and profile analysis.', 'trending-up', '{}', '2025-08-19 07:09:12.74034+00', 12, 8);
INSERT INTO public.api_leadhistory (id, history_type, action, details, icon, metadata, "timestamp", lead_id, user_id) VALUES (85, 'creation', 'Lead created', 'Lead created from referral source. Initial contact information collected for HealthTech Innovations.', 'plus', '{}', '2025-08-19 07:09:13.912879+00', 13, 8);
INSERT INTO public.api_leadhistory (id, history_type, action, details, icon, metadata, "timestamp", lead_id, user_id) VALUES (86, 'assignment', 'Lead assigned', 'Lead assigned to Mike Brown for follow-up.', 'user', '{}', '2025-08-19 07:09:14.382985+00', 13, 8);
INSERT INTO public.api_leadhistory (id, history_type, action, details, icon, metadata, "timestamp", lead_id, user_id) VALUES (87, 'score_update', 'Lead score updated to 94', 'Lead score updated to 94 based on engagement metrics and profile analysis.', 'trending-up', '{}', '2025-08-19 07:09:14.618922+00', 13, 8);
INSERT INTO public.api_leadhistory (id, history_type, action, details, icon, metadata, "timestamp", lead_id, user_id) VALUES (88, 'contact_made', 'Initial contact made', 'Initial contact made with Lisa. Outreach sent via email.', 'mail', '{}', '2025-08-19 07:09:15.089307+00', 13, 5);
INSERT INTO public.api_leadhistory (id, history_type, action, details, icon, metadata, "timestamp", lead_id, user_id) VALUES (89, 'qualification', 'Lead qualified', 'Lead qualified and moved to proposal stage.', 'check-circle', '{}', '2025-08-19 07:09:15.32486+00', 13, 5);
INSERT INTO public.api_leadhistory (id, history_type, action, details, icon, metadata, "timestamp", lead_id, user_id) VALUES (90, 'proposal_sent', 'Proposal sent', 'Comprehensive travel management proposal sent to decision maker.', 'file-text', '{}', '2025-08-19 07:09:15.560437+00', 13, 5);
INSERT INTO public.api_leadhistory (id, history_type, action, details, icon, metadata, "timestamp", lead_id, user_id) VALUES (91, 'negotiation_started', 'Negotiation started', 'Client responded to proposal. Negotiating terms and pricing.', 'handshake', '{}', '2025-08-19 07:09:15.796171+00', 13, 5);
INSERT INTO public.api_leadhistory (id, history_type, action, details, icon, metadata, "timestamp", lead_id, user_id) VALUES (92, 'status_change', 'Status changed to In Negotiation', 'Lead status updated from proposal_sent to negotiation. Lead is now in negotiation.', 'handshake', '{}', '2025-08-19 07:09:16.03166+00', 13, 5);
INSERT INTO public.api_leadhistory (id, history_type, action, details, icon, metadata, "timestamp", lead_id, user_id) VALUES (93, 'note_added', 'Follow-up note added', 'Added follow-up notes regarding client requirements and next steps.', 'message-square', '{}', '2025-08-19 07:09:16.267294+00', 13, 5);
INSERT INTO public.api_leadhistory (id, history_type, action, details, icon, metadata, "timestamp", lead_id, user_id) VALUES (94, 'creation', 'Lead created', 'Lead created from website source. Initial contact information collected for Retail Dynamics.', 'plus', '{}', '2025-08-19 07:09:17.442027+00', 14, 8);
INSERT INTO public.api_leadhistory (id, history_type, action, details, icon, metadata, "timestamp", lead_id, user_id) VALUES (95, 'assignment', 'Lead assigned', 'Lead assigned to David Wilson for follow-up.', 'user', '{}', '2025-08-19 07:09:17.912331+00', 14, 8);
INSERT INTO public.api_leadhistory (id, history_type, action, details, icon, metadata, "timestamp", lead_id, user_id) VALUES (96, 'score_update', 'Lead score updated to 88', 'Lead score updated to 88 based on engagement metrics and profile analysis.', 'trending-up', '{}', '2025-08-19 07:09:18.148071+00', 14, 8);
INSERT INTO public.api_leadhistory (id, history_type, action, details, icon, metadata, "timestamp", lead_id, user_id) VALUES (97, 'contact_made', 'Initial contact made', 'Initial contact made with Lisa. Outreach sent via email.', 'mail', '{}', '2025-08-19 07:09:18.61846+00', 14, 7);
INSERT INTO public.api_leadhistory (id, history_type, action, details, icon, metadata, "timestamp", lead_id, user_id) VALUES (98, 'qualification', 'Lead qualified', 'Lead qualified and moved to proposal stage.', 'check-circle', '{}', '2025-08-19 07:09:18.853902+00', 14, 7);
INSERT INTO public.api_leadhistory (id, history_type, action, details, icon, metadata, "timestamp", lead_id, user_id) VALUES (99, 'proposal_sent', 'Proposal sent', 'Comprehensive travel management proposal sent to decision maker.', 'file-text', '{}', '2025-08-19 07:09:19.089543+00', 14, 7);
INSERT INTO public.api_leadhistory (id, history_type, action, details, icon, metadata, "timestamp", lead_id, user_id) VALUES (100, 'negotiation_started', 'Negotiation started', 'Client responded to proposal. Negotiating terms and pricing.', 'handshake', '{}', '2025-08-19 07:09:19.325237+00', 14, 7);
INSERT INTO public.api_leadhistory (id, history_type, action, details, icon, metadata, "timestamp", lead_id, user_id) VALUES (101, 'status_change', 'Status changed to In Negotiation', 'Lead status updated from proposal_sent to negotiation. Lead is now in negotiation.', 'handshake', '{}', '2025-08-19 07:09:19.560792+00', 14, 7);
INSERT INTO public.api_leadhistory (id, history_type, action, details, icon, metadata, "timestamp", lead_id, user_id) VALUES (102, 'note_added', 'Follow-up note added', 'Added follow-up notes regarding client requirements and next steps.', 'message-square', '{}', '2025-08-19 07:09:19.79649+00', 14, 7);
INSERT INTO public.api_leadhistory (id, history_type, action, details, icon, metadata, "timestamp", lead_id, user_id) VALUES (103, 'creation', 'Lead created', 'Lead created from marketing source. Initial contact information collected for HealthTech Innovations.', 'plus', '{}', '2025-08-19 07:09:20.96944+00', 15, 8);
INSERT INTO public.api_leadhistory (id, history_type, action, details, icon, metadata, "timestamp", lead_id, user_id) VALUES (104, 'assignment', 'Lead assigned', 'Lead assigned to Jane Johnson for follow-up.', 'user', '{}', '2025-08-19 07:09:21.440182+00', 15, 8);
INSERT INTO public.api_leadhistory (id, history_type, action, details, icon, metadata, "timestamp", lead_id, user_id) VALUES (105, 'score_update', 'Lead score updated to 65', 'Lead score updated to 65 based on engagement metrics and profile analysis.', 'trending-up', '{}', '2025-08-19 07:09:21.675748+00', 15, 8);
INSERT INTO public.api_leadhistory (id, history_type, action, details, icon, metadata, "timestamp", lead_id, user_id) VALUES (106, 'contact_made', 'Initial contact made', 'Initial contact made with Amanda. Outreach sent via email.', 'mail', '{}', '2025-08-19 07:09:22.146574+00', 15, 4);
INSERT INTO public.api_leadhistory (id, history_type, action, details, icon, metadata, "timestamp", lead_id, user_id) VALUES (107, 'qualification', 'Lead qualified', 'Lead qualified and moved to proposal stage.', 'check-circle', '{}', '2025-08-19 07:09:22.382288+00', 15, 4);
INSERT INTO public.api_leadhistory (id, history_type, action, details, icon, metadata, "timestamp", lead_id, user_id) VALUES (108, 'proposal_sent', 'Proposal sent', 'Comprehensive travel management proposal sent to decision maker.', 'file-text', '{}', '2025-08-19 07:09:22.618429+00', 15, 4);
INSERT INTO public.api_leadhistory (id, history_type, action, details, icon, metadata, "timestamp", lead_id, user_id) VALUES (109, 'status_change', 'Status changed to Proposal Sent', 'Lead status updated from qualified to proposal_sent. Lead is now proposal sent.', 'file-text', '{}', '2025-08-19 07:09:22.857134+00', 15, 4);
INSERT INTO public.api_leadhistory (id, history_type, action, details, icon, metadata, "timestamp", lead_id, user_id) VALUES (110, 'note_added', 'Follow-up note added', 'Added follow-up notes regarding client requirements and next steps.', 'message-square', '{}', '2025-08-19 07:09:23.092651+00', 15, 4);
INSERT INTO public.api_leadhistory (id, history_type, action, details, icon, metadata, "timestamp", lead_id, user_id) VALUES (111, 'creation', 'Lead created', 'Lead created from website source. Initial contact information collected for HealthTech Innovations.', 'plus', '{}', '2025-08-19 07:09:24.265405+00', 16, 8);
INSERT INTO public.api_leadhistory (id, history_type, action, details, icon, metadata, "timestamp", lead_id, user_id) VALUES (112, 'assignment', 'Lead assigned', 'Lead assigned to Jane Johnson for follow-up.', 'user', '{}', '2025-08-19 07:09:24.735713+00', 16, 8);
INSERT INTO public.api_leadhistory (id, history_type, action, details, icon, metadata, "timestamp", lead_id, user_id) VALUES (113, 'score_update', 'Lead score updated to 63', 'Lead score updated to 63 based on engagement metrics and profile analysis.', 'trending-up', '{}', '2025-08-19 07:09:24.971242+00', 16, 8);
INSERT INTO public.api_leadhistory (id, history_type, action, details, icon, metadata, "timestamp", lead_id, user_id) VALUES (114, 'contact_made', 'Initial contact made', 'Initial contact made with Michael. Outreach sent via email.', 'mail', '{}', '2025-08-19 07:09:25.44194+00', 16, 4);
INSERT INTO public.api_leadhistory (id, history_type, action, details, icon, metadata, "timestamp", lead_id, user_id) VALUES (115, 'disqualification', 'Lead disqualified', 'Lead disqualified due to budget constraints or timeline mismatch. Moved to nurture campaign.', 'x-circle', '{}', '2025-08-19 07:09:25.677577+00', 16, 4);
INSERT INTO public.api_leadhistory (id, history_type, action, details, icon, metadata, "timestamp", lead_id, user_id) VALUES (116, 'status_change', 'Status changed to Unqualified', 'Lead status updated from contacted to unqualified. Lead is now unqualified.', 'x-circle', '{}', '2025-08-19 07:09:25.913195+00', 16, 4);
INSERT INTO public.api_leadhistory (id, history_type, action, details, icon, metadata, "timestamp", lead_id, user_id) VALUES (117, 'creation', 'Lead created', 'Lead created from marketing source. Initial contact information collected for Global Finance Ltd.', 'plus', '{}', '2025-08-19 07:09:27.085968+00', 17, 8);
INSERT INTO public.api_leadhistory (id, history_type, action, details, icon, metadata, "timestamp", lead_id, user_id) VALUES (118, 'assignment', 'Lead assigned', 'Lead assigned to Sarah Davis for follow-up.', 'user', '{}', '2025-08-19 07:09:27.556446+00', 17, 8);
INSERT INTO public.api_leadhistory (id, history_type, action, details, icon, metadata, "timestamp", lead_id, user_id) VALUES (119, 'score_update', 'Lead score updated to 28', 'Lead score updated to 28 based on engagement metrics and profile analysis.', 'trending-up', '{}', '2025-08-19 07:09:27.792071+00', 17, 8);
INSERT INTO public.api_leadhistory (id, history_type, action, details, icon, metadata, "timestamp", lead_id, user_id) VALUES (120, 'contact_made', 'Initial contact made', 'Initial contact made with Jennifer. Outreach sent via email.', 'mail', '{}', '2025-08-19 07:09:28.262752+00', 17, 6);
INSERT INTO public.api_leadhistory (id, history_type, action, details, icon, metadata, "timestamp", lead_id, user_id) VALUES (121, 'status_change', 'Status changed to Contacted', 'Lead status updated from new to contacted. Lead is now contacted.', 'mail', '{}', '2025-08-19 07:09:28.498599+00', 17, 6);
INSERT INTO public.api_leadhistory (id, history_type, action, details, icon, metadata, "timestamp", lead_id, user_id) VALUES (122, 'creation', 'Lead created', 'Lead created from referral source. Initial contact information collected for Retail Dynamics.', 'plus', '{}', '2025-08-19 07:09:29.671009+00', 18, 8);
INSERT INTO public.api_leadhistory (id, history_type, action, details, icon, metadata, "timestamp", lead_id, user_id) VALUES (123, 'assignment', 'Lead assigned', 'Lead assigned to John Smith for follow-up.', 'user', '{}', '2025-08-19 07:09:30.141001+00', 18, 8);
INSERT INTO public.api_leadhistory (id, history_type, action, details, icon, metadata, "timestamp", lead_id, user_id) VALUES (124, 'score_update', 'Lead score updated to 15', 'Lead score updated to 15 based on engagement metrics and profile analysis.', 'trending-up', '{}', '2025-08-19 07:09:30.376405+00', 18, 8);
INSERT INTO public.api_leadhistory (id, history_type, action, details, icon, metadata, "timestamp", lead_id, user_id) VALUES (125, 'contact_made', 'Initial contact made', 'Initial contact made with Sarah. Outreach sent via email.', 'mail', '{}', '2025-08-19 07:09:30.846664+00', 18, 3);
INSERT INTO public.api_leadhistory (id, history_type, action, details, icon, metadata, "timestamp", lead_id, user_id) VALUES (126, 'qualification', 'Lead qualified', 'Lead qualified and moved to proposal stage.', 'check-circle', '{}', '2025-08-19 07:09:31.082059+00', 18, 3);
INSERT INTO public.api_leadhistory (id, history_type, action, details, icon, metadata, "timestamp", lead_id, user_id) VALUES (127, 'proposal_sent', 'Proposal sent', 'Comprehensive travel management proposal sent to decision maker.', 'file-text', '{}', '2025-08-19 07:09:31.317707+00', 18, 3);
INSERT INTO public.api_leadhistory (id, history_type, action, details, icon, metadata, "timestamp", lead_id, user_id) VALUES (128, 'negotiation_started', 'Negotiation completed', 'Successfully negotiated terms and pricing.', 'handshake', '{}', '2025-08-19 07:09:31.553473+00', 18, 3);
INSERT INTO public.api_leadhistory (id, history_type, action, details, icon, metadata, "timestamp", lead_id, user_id) VALUES (129, 'won', 'Lead won!', 'Successfully closed deal! Contract signed for $275073.00.', 'trophy', '{}', '2025-08-19 07:09:31.788861+00', 18, 3);
INSERT INTO public.api_leadhistory (id, history_type, action, details, icon, metadata, "timestamp", lead_id, user_id) VALUES (130, 'status_change', 'Status changed to Won', 'Lead status updated from negotiation to won. Lead is now won.', 'trophy', '{}', '2025-08-19 07:09:32.024289+00', 18, 3);
INSERT INTO public.api_leadhistory (id, history_type, action, details, icon, metadata, "timestamp", lead_id, user_id) VALUES (131, 'note_added', 'Follow-up note added', 'Added follow-up notes regarding client requirements and next steps.', 'message-square', '{}', '2025-08-19 07:09:32.259992+00', 18, 3);
INSERT INTO public.api_leadhistory (id, history_type, action, details, icon, metadata, "timestamp", lead_id, user_id) VALUES (132, 'creation', 'Lead created', 'Lead created from corporate_search source. Initial contact information collected for Retail Dynamics.', 'plus', '{}', '2025-08-19 07:09:33.433509+00', 19, 8);
INSERT INTO public.api_leadhistory (id, history_type, action, details, icon, metadata, "timestamp", lead_id, user_id) VALUES (133, 'assignment', 'Lead assigned', 'Lead assigned to Mike Brown for follow-up.', 'user', '{}', '2025-08-19 07:09:33.906161+00', 19, 8);
INSERT INTO public.api_leadhistory (id, history_type, action, details, icon, metadata, "timestamp", lead_id, user_id) VALUES (134, 'score_update', 'Lead score updated to 31', 'Lead score updated to 31 based on engagement metrics and profile analysis.', 'trending-up', '{}', '2025-08-19 07:09:34.141833+00', 19, 8);
INSERT INTO public.api_leadhistory (id, history_type, action, details, icon, metadata, "timestamp", lead_id, user_id) VALUES (135, 'contact_made', 'Initial contact made', 'Initial contact made with Sarah. Outreach sent via email.', 'mail', '{}', '2025-08-19 07:09:34.612359+00', 19, 5);
INSERT INTO public.api_leadhistory (id, history_type, action, details, icon, metadata, "timestamp", lead_id, user_id) VALUES (136, 'qualification', 'Lead qualified', 'Lead qualified and moved to proposal stage.', 'check-circle', '{}', '2025-08-19 07:09:34.847903+00', 19, 5);
INSERT INTO public.api_leadhistory (id, history_type, action, details, icon, metadata, "timestamp", lead_id, user_id) VALUES (137, 'proposal_sent', 'Proposal sent', 'Comprehensive travel management proposal sent to decision maker.', 'file-text', '{}', '2025-08-19 07:09:35.08342+00', 19, 5);
INSERT INTO public.api_leadhistory (id, history_type, action, details, icon, metadata, "timestamp", lead_id, user_id) VALUES (138, 'negotiation_started', 'Negotiation completed', 'Successfully negotiated terms and pricing.', 'handshake', '{}', '2025-08-19 07:09:35.31891+00', 19, 5);
INSERT INTO public.api_leadhistory (id, history_type, action, details, icon, metadata, "timestamp", lead_id, user_id) VALUES (139, 'won', 'Lead won!', 'Successfully closed deal! Contract signed for $111853.00.', 'trophy', '{}', '2025-08-19 07:09:35.554493+00', 19, 5);
INSERT INTO public.api_leadhistory (id, history_type, action, details, icon, metadata, "timestamp", lead_id, user_id) VALUES (140, 'status_change', 'Status changed to Won', 'Lead status updated from negotiation to won. Lead is now won.', 'trophy', '{}', '2025-08-19 07:09:35.790009+00', 19, 5);
INSERT INTO public.api_leadhistory (id, history_type, action, details, icon, metadata, "timestamp", lead_id, user_id) VALUES (141, 'note_added', 'Follow-up note added', 'Added follow-up notes regarding client requirements and next steps.', 'message-square', '{}', '2025-08-19 07:09:36.02565+00', 19, 5);
INSERT INTO public.api_leadhistory (id, history_type, action, details, icon, metadata, "timestamp", lead_id, user_id) VALUES (142, 'creation', 'Lead created', 'Lead created from cold_outreach source. Initial contact information collected for Global Finance Ltd.', 'plus', '{}', '2025-08-19 07:09:37.198649+00', 20, 8);
INSERT INTO public.api_leadhistory (id, history_type, action, details, icon, metadata, "timestamp", lead_id, user_id) VALUES (143, 'assignment', 'Lead assigned', 'Lead assigned to David Wilson for follow-up.', 'user', '{}', '2025-08-19 07:09:37.669371+00', 20, 8);
INSERT INTO public.api_leadhistory (id, history_type, action, details, icon, metadata, "timestamp", lead_id, user_id) VALUES (144, 'score_update', 'Lead score updated to 50', 'Lead score updated to 50 based on engagement metrics and profile analysis.', 'trending-up', '{}', '2025-08-19 07:09:37.904783+00', 20, 8);
INSERT INTO public.api_leadhistory (id, history_type, action, details, icon, metadata, "timestamp", lead_id, user_id) VALUES (145, 'contact_made', 'Initial contact made', 'Initial contact made with David. Outreach sent via email.', 'mail', '{}', '2025-08-19 07:09:38.375518+00', 20, 7);
INSERT INTO public.api_leadhistory (id, history_type, action, details, icon, metadata, "timestamp", lead_id, user_id) VALUES (146, 'qualification', 'Lead qualified', 'Lead qualified and moved to proposal stage.', 'check-circle', '{}', '2025-08-19 07:09:38.611056+00', 20, 7);
INSERT INTO public.api_leadhistory (id, history_type, action, details, icon, metadata, "timestamp", lead_id, user_id) VALUES (147, 'proposal_sent', 'Proposal sent', 'Comprehensive travel management proposal sent to decision maker.', 'file-text', '{}', '2025-08-19 07:09:38.846776+00', 20, 7);
INSERT INTO public.api_leadhistory (id, history_type, action, details, icon, metadata, "timestamp", lead_id, user_id) VALUES (148, 'negotiation_started', 'Negotiation started', 'Client responded to proposal. Negotiating terms and pricing.', 'handshake', '{}', '2025-08-19 07:09:39.082524+00', 20, 7);
INSERT INTO public.api_leadhistory (id, history_type, action, details, icon, metadata, "timestamp", lead_id, user_id) VALUES (149, 'status_change', 'Status changed to In Negotiation', 'Lead status updated from proposal_sent to negotiation. Lead is now in negotiation.', 'handshake', '{}', '2025-08-19 07:09:39.318039+00', 20, 7);
INSERT INTO public.api_leadhistory (id, history_type, action, details, icon, metadata, "timestamp", lead_id, user_id) VALUES (150, 'note_added', 'Follow-up note added', 'Added follow-up notes regarding client requirements and next steps.', 'message-square', '{}', '2025-08-19 07:09:39.553762+00', 20, 7);
INSERT INTO public.api_leadhistory (id, history_type, action, details, icon, metadata, "timestamp", lead_id, user_id) VALUES (151, 'creation', 'Lead created', 'Lead created from marketing source. Initial contact information collected for ConsultPro Services.', 'plus', '{}', '2025-08-19 07:09:40.732274+00', 21, 8);
INSERT INTO public.api_leadhistory (id, history_type, action, details, icon, metadata, "timestamp", lead_id, user_id) VALUES (152, 'assignment', 'Lead assigned', 'Lead assigned to Mike Brown for follow-up.', 'user', '{}', '2025-08-19 07:09:41.202869+00', 21, 8);
INSERT INTO public.api_leadhistory (id, history_type, action, details, icon, metadata, "timestamp", lead_id, user_id) VALUES (153, 'score_update', 'Lead score updated to 13', 'Lead score updated to 13 based on engagement metrics and profile analysis.', 'trending-up', '{}', '2025-08-19 07:09:41.438492+00', 21, 8);
INSERT INTO public.api_leadhistory (id, history_type, action, details, icon, metadata, "timestamp", lead_id, user_id) VALUES (154, 'contact_made', 'Initial contact made', 'Initial contact made with Jennifer. Outreach sent via email.', 'mail', '{}', '2025-08-19 07:09:41.908741+00', 21, 5);
INSERT INTO public.api_leadhistory (id, history_type, action, details, icon, metadata, "timestamp", lead_id, user_id) VALUES (155, 'qualification', 'Lead qualified', 'Lead qualified and moved to proposal stage.', 'check-circle', '{}', '2025-08-19 07:09:42.144473+00', 21, 5);
INSERT INTO public.api_leadhistory (id, history_type, action, details, icon, metadata, "timestamp", lead_id, user_id) VALUES (156, 'proposal_sent', 'Proposal sent', 'Comprehensive travel management proposal sent to decision maker.', 'file-text', '{}', '2025-08-19 07:09:42.379974+00', 21, 5);
INSERT INTO public.api_leadhistory (id, history_type, action, details, icon, metadata, "timestamp", lead_id, user_id) VALUES (157, 'status_change', 'Status changed to Proposal Sent', 'Lead status updated from qualified to proposal_sent. Lead is now proposal sent.', 'file-text', '{}', '2025-08-19 07:09:42.615425+00', 21, 5);
INSERT INTO public.api_leadhistory (id, history_type, action, details, icon, metadata, "timestamp", lead_id, user_id) VALUES (158, 'note_added', 'Follow-up note added', 'Added follow-up notes regarding client requirements and next steps.', 'message-square', '{}', '2025-08-19 07:09:42.850919+00', 21, 5);
INSERT INTO public.api_leadhistory (id, history_type, action, details, icon, metadata, "timestamp", lead_id, user_id) VALUES (159, 'creation', 'Lead created', 'Lead created from cold_outreach source. Initial contact information collected for Global Finance Ltd.', 'plus', '{}', '2025-08-19 07:09:44.023753+00', 22, 8);
INSERT INTO public.api_leadhistory (id, history_type, action, details, icon, metadata, "timestamp", lead_id, user_id) VALUES (160, 'assignment', 'Lead assigned', 'Lead assigned to David Wilson for follow-up.', 'user', '{}', '2025-08-19 07:09:44.494302+00', 22, 8);
INSERT INTO public.api_leadhistory (id, history_type, action, details, icon, metadata, "timestamp", lead_id, user_id) VALUES (161, 'score_update', 'Lead score updated to 55', 'Lead score updated to 55 based on engagement metrics and profile analysis.', 'trending-up', '{}', '2025-08-19 07:09:44.72985+00', 22, 8);
INSERT INTO public.api_leadhistory (id, history_type, action, details, icon, metadata, "timestamp", lead_id, user_id) VALUES (162, 'creation', 'Lead created', 'Lead created from cold_outreach source. Initial contact information collected for TechCorp Solutions.', 'plus', '{}', '2025-08-19 07:09:45.902903+00', 23, 8);
INSERT INTO public.api_leadhistory (id, history_type, action, details, icon, metadata, "timestamp", lead_id, user_id) VALUES (163, 'assignment', 'Lead assigned', 'Lead assigned to Sarah Davis for follow-up.', 'user', '{}', '2025-08-19 07:09:46.373316+00', 23, 8);
INSERT INTO public.api_leadhistory (id, history_type, action, details, icon, metadata, "timestamp", lead_id, user_id) VALUES (164, 'score_update', 'Lead score updated to 95', 'Lead score updated to 95 based on engagement metrics and profile analysis.', 'trending-up', '{}', '2025-08-19 07:09:46.609022+00', 23, 8);
INSERT INTO public.api_leadhistory (id, history_type, action, details, icon, metadata, "timestamp", lead_id, user_id) VALUES (165, 'contact_made', 'Initial contact made', 'Initial contact made with Michael. Outreach sent via email.', 'mail', '{}', '2025-08-19 07:09:47.079549+00', 23, 6);
INSERT INTO public.api_leadhistory (id, history_type, action, details, icon, metadata, "timestamp", lead_id, user_id) VALUES (166, 'qualification', 'Lead qualified', 'Lead qualified and moved to proposal stage.', 'check-circle', '{}', '2025-08-19 07:09:47.315001+00', 23, 6);
INSERT INTO public.api_leadhistory (id, history_type, action, details, icon, metadata, "timestamp", lead_id, user_id) VALUES (167, 'proposal_sent', 'Proposal sent', 'Comprehensive travel management proposal sent to decision maker.', 'file-text', '{}', '2025-08-19 07:09:47.550637+00', 23, 6);
INSERT INTO public.api_leadhistory (id, history_type, action, details, icon, metadata, "timestamp", lead_id, user_id) VALUES (168, 'negotiation_started', 'Negotiation completed', 'Successfully negotiated terms and pricing.', 'handshake', '{}', '2025-08-19 07:09:47.787507+00', 23, 6);
INSERT INTO public.api_leadhistory (id, history_type, action, details, icon, metadata, "timestamp", lead_id, user_id) VALUES (169, 'won', 'Lead won!', 'Successfully closed deal! Contract signed for $140882.00.', 'trophy', '{}', '2025-08-19 07:09:48.023003+00', 23, 6);
INSERT INTO public.api_leadhistory (id, history_type, action, details, icon, metadata, "timestamp", lead_id, user_id) VALUES (170, 'status_change', 'Status changed to Won', 'Lead status updated from negotiation to won. Lead is now won.', 'trophy', '{}', '2025-08-19 07:09:48.258779+00', 23, 6);
INSERT INTO public.api_leadhistory (id, history_type, action, details, icon, metadata, "timestamp", lead_id, user_id) VALUES (171, 'note_added', 'Follow-up note added', 'Added follow-up notes regarding client requirements and next steps.', 'message-square', '{}', '2025-08-19 07:09:48.49447+00', 23, 6);
INSERT INTO public.api_leadhistory (id, history_type, action, details, icon, metadata, "timestamp", lead_id, user_id) VALUES (172, 'creation', 'Lead created', 'Lead created from cold_outreach source. Initial contact information collected for HealthTech Innovations.', 'plus', '{}', '2025-08-19 07:09:49.667462+00', 24, 8);
INSERT INTO public.api_leadhistory (id, history_type, action, details, icon, metadata, "timestamp", lead_id, user_id) VALUES (173, 'assignment', 'Lead assigned', 'Lead assigned to John Smith for follow-up.', 'user', '{}', '2025-08-19 07:09:50.137952+00', 24, 8);
INSERT INTO public.api_leadhistory (id, history_type, action, details, icon, metadata, "timestamp", lead_id, user_id) VALUES (174, 'score_update', 'Lead score updated to 65', 'Lead score updated to 65 based on engagement metrics and profile analysis.', 'trending-up', '{}', '2025-08-19 07:09:50.373587+00', 24, 8);
INSERT INTO public.api_leadhistory (id, history_type, action, details, icon, metadata, "timestamp", lead_id, user_id) VALUES (175, 'contact_made', 'Initial contact made', 'Initial contact made with Jennifer. Outreach sent via email.', 'mail', '{}', '2025-08-19 07:09:50.844047+00', 24, 3);
INSERT INTO public.api_leadhistory (id, history_type, action, details, icon, metadata, "timestamp", lead_id, user_id) VALUES (176, 'qualification', 'Lead qualified', 'Lead qualified and moved to proposal stage.', 'check-circle', '{}', '2025-08-19 07:09:51.079767+00', 24, 3);
INSERT INTO public.api_leadhistory (id, history_type, action, details, icon, metadata, "timestamp", lead_id, user_id) VALUES (177, 'proposal_sent', 'Proposal sent', 'Comprehensive travel management proposal sent to decision maker.', 'file-text', '{}', '2025-08-19 07:09:51.315223+00', 24, 3);
INSERT INTO public.api_leadhistory (id, history_type, action, details, icon, metadata, "timestamp", lead_id, user_id) VALUES (178, 'negotiation_started', 'Negotiation started', 'Client responded to proposal. Negotiating terms and pricing.', 'handshake', '{}', '2025-08-19 07:09:51.550889+00', 24, 3);
INSERT INTO public.api_leadhistory (id, history_type, action, details, icon, metadata, "timestamp", lead_id, user_id) VALUES (179, 'status_change', 'Status changed to In Negotiation', 'Lead status updated from proposal_sent to negotiation. Lead is now in negotiation.', 'handshake', '{}', '2025-08-19 07:09:51.786386+00', 24, 3);
INSERT INTO public.api_leadhistory (id, history_type, action, details, icon, metadata, "timestamp", lead_id, user_id) VALUES (180, 'note_added', 'Follow-up note added', 'Added follow-up notes regarding client requirements and next steps.', 'message-square', '{}', '2025-08-19 07:09:52.022329+00', 24, 3);
INSERT INTO public.api_leadhistory (id, history_type, action, details, icon, metadata, "timestamp", lead_id, user_id) VALUES (181, 'creation', 'Lead created', 'Lead created from marketing source. Initial contact information collected for HealthTech Innovations.', 'plus', '{}', '2025-08-19 07:09:53.195399+00', 25, 8);
INSERT INTO public.api_leadhistory (id, history_type, action, details, icon, metadata, "timestamp", lead_id, user_id) VALUES (182, 'assignment', 'Lead assigned', 'Lead assigned to Mike Brown for follow-up.', 'user', '{}', '2025-08-19 07:09:53.66558+00', 25, 8);
INSERT INTO public.api_leadhistory (id, history_type, action, details, icon, metadata, "timestamp", lead_id, user_id) VALUES (183, 'score_update', 'Lead score updated to 95', 'Lead score updated to 95 based on engagement metrics and profile analysis.', 'trending-up', '{}', '2025-08-19 07:09:53.90096+00', 25, 8);
INSERT INTO public.api_leadhistory (id, history_type, action, details, icon, metadata, "timestamp", lead_id, user_id) VALUES (184, 'contact_made', 'Initial contact made', 'Initial contact made with Amanda. Outreach sent via email.', 'mail', '{}', '2025-08-19 07:09:54.371574+00', 25, 5);
INSERT INTO public.api_leadhistory (id, history_type, action, details, icon, metadata, "timestamp", lead_id, user_id) VALUES (185, 'disqualification', 'Lead disqualified', 'Lead disqualified due to budget constraints or timeline mismatch. Moved to nurture campaign.', 'x-circle', '{}', '2025-08-19 07:09:54.607042+00', 25, 5);
INSERT INTO public.api_leadhistory (id, history_type, action, details, icon, metadata, "timestamp", lead_id, user_id) VALUES (186, 'status_change', 'Status changed to Unqualified', 'Lead status updated from contacted to unqualified. Lead is now unqualified.', 'x-circle', '{}', '2025-08-19 07:09:54.842639+00', 25, 5);
INSERT INTO public.api_leadhistory (id, history_type, action, details, icon, metadata, "timestamp", lead_id, user_id) VALUES (187, 'creation', 'Lead created', 'Lead created from marketing source. Initial contact information collected for TechCorp Solutions.', 'plus', '{}', '2025-08-19 07:09:56.016366+00', 26, 8);
INSERT INTO public.api_leadhistory (id, history_type, action, details, icon, metadata, "timestamp", lead_id, user_id) VALUES (188, 'assignment', 'Lead assigned', 'Lead assigned to Jane Johnson for follow-up.', 'user', '{}', '2025-08-19 07:09:56.487058+00', 26, 8);
INSERT INTO public.api_leadhistory (id, history_type, action, details, icon, metadata, "timestamp", lead_id, user_id) VALUES (189, 'score_update', 'Lead score updated to 84', 'Lead score updated to 84 based on engagement metrics and profile analysis.', 'trending-up', '{}', '2025-08-19 07:09:56.722576+00', 26, 8);
INSERT INTO public.api_leadhistory (id, history_type, action, details, icon, metadata, "timestamp", lead_id, user_id) VALUES (190, 'contact_made', 'Initial contact made', 'Initial contact made with David. Outreach sent via email.', 'mail', '{}', '2025-08-19 07:09:57.193196+00', 26, 4);
INSERT INTO public.api_leadhistory (id, history_type, action, details, icon, metadata, "timestamp", lead_id, user_id) VALUES (191, 'qualification', 'Lead qualified', 'Lead qualified and moved to proposal stage.', 'check-circle', '{}', '2025-08-19 07:09:57.428995+00', 26, 4);
INSERT INTO public.api_leadhistory (id, history_type, action, details, icon, metadata, "timestamp", lead_id, user_id) VALUES (192, 'proposal_sent', 'Proposal sent', 'Comprehensive travel management proposal sent to decision maker.', 'file-text', '{}', '2025-08-19 07:09:57.664704+00', 26, 4);
INSERT INTO public.api_leadhistory (id, history_type, action, details, icon, metadata, "timestamp", lead_id, user_id) VALUES (193, 'negotiation_started', 'Negotiation started', 'Client responded to proposal. Negotiating terms and pricing.', 'handshake', '{}', '2025-08-19 07:09:57.900247+00', 26, 4);
INSERT INTO public.api_leadhistory (id, history_type, action, details, icon, metadata, "timestamp", lead_id, user_id) VALUES (194, 'status_change', 'Status changed to In Negotiation', 'Lead status updated from proposal_sent to negotiation. Lead is now in negotiation.', 'handshake', '{}', '2025-08-19 07:09:58.135831+00', 26, 4);
INSERT INTO public.api_leadhistory (id, history_type, action, details, icon, metadata, "timestamp", lead_id, user_id) VALUES (195, 'note_added', 'Follow-up note added', 'Added follow-up notes regarding client requirements and next steps.', 'message-square', '{}', '2025-08-19 07:09:58.371608+00', 26, 4);
INSERT INTO public.api_leadhistory (id, history_type, action, details, icon, metadata, "timestamp", lead_id, user_id) VALUES (196, 'creation', 'Lead created', 'Lead created from referral source. Initial contact information collected for ConsultPro Services.', 'plus', '{}', '2025-08-19 07:09:59.544086+00', 27, 8);
INSERT INTO public.api_leadhistory (id, history_type, action, details, icon, metadata, "timestamp", lead_id, user_id) VALUES (197, 'assignment', 'Lead assigned', 'Lead assigned to Sarah Davis for follow-up.', 'user', '{}', '2025-08-19 07:10:00.014264+00', 27, 8);
INSERT INTO public.api_leadhistory (id, history_type, action, details, icon, metadata, "timestamp", lead_id, user_id) VALUES (198, 'score_update', 'Lead score updated to 61', 'Lead score updated to 61 based on engagement metrics and profile analysis.', 'trending-up', '{}', '2025-08-19 07:10:00.249983+00', 27, 8);
INSERT INTO public.api_leadhistory (id, history_type, action, details, icon, metadata, "timestamp", lead_id, user_id) VALUES (199, 'contact_made', 'Initial contact made', 'Initial contact made with David. Outreach sent via email.', 'mail', '{}', '2025-08-19 07:10:00.720452+00', 27, 6);
INSERT INTO public.api_leadhistory (id, history_type, action, details, icon, metadata, "timestamp", lead_id, user_id) VALUES (200, 'qualification', 'Lead qualified', 'Lead qualified and moved to proposal stage.', 'check-circle', '{}', '2025-08-19 07:10:00.955995+00', 27, 6);
INSERT INTO public.api_leadhistory (id, history_type, action, details, icon, metadata, "timestamp", lead_id, user_id) VALUES (201, 'proposal_sent', 'Proposal sent', 'Comprehensive travel management proposal sent to decision maker.', 'file-text', '{}', '2025-08-19 07:10:01.191597+00', 27, 6);
INSERT INTO public.api_leadhistory (id, history_type, action, details, icon, metadata, "timestamp", lead_id, user_id) VALUES (202, 'lost', 'Lead lost', 'Lead chose competitor solution. Opportunity closed as lost.', 'x', '{}', '2025-08-19 07:10:01.426928+00', 27, 6);
INSERT INTO public.api_leadhistory (id, history_type, action, details, icon, metadata, "timestamp", lead_id, user_id) VALUES (203, 'status_change', 'Status changed to Lost', 'Lead status updated from proposal_sent to lost. Lead is now lost.', 'x', '{}', '2025-08-19 07:10:01.664636+00', 27, 6);
INSERT INTO public.api_leadhistory (id, history_type, action, details, icon, metadata, "timestamp", lead_id, user_id) VALUES (204, 'creation', 'Lead created', 'Lead created from marketing source. Initial contact information collected for ConsultPro Services.', 'plus', '{}', '2025-08-19 07:10:02.838493+00', 28, 8);
INSERT INTO public.api_leadhistory (id, history_type, action, details, icon, metadata, "timestamp", lead_id, user_id) VALUES (205, 'assignment', 'Lead assigned', 'Lead assigned to Mike Brown for follow-up.', 'user', '{}', '2025-08-19 07:10:03.309528+00', 28, 8);
INSERT INTO public.api_leadhistory (id, history_type, action, details, icon, metadata, "timestamp", lead_id, user_id) VALUES (206, 'score_update', 'Lead score updated to 12', 'Lead score updated to 12 based on engagement metrics and profile analysis.', 'trending-up', '{}', '2025-08-19 07:10:03.544999+00', 28, 8);
INSERT INTO public.api_leadhistory (id, history_type, action, details, icon, metadata, "timestamp", lead_id, user_id) VALUES (207, 'contact_made', 'Initial contact made', 'Initial contact made with Jennifer. Outreach sent via email.', 'mail', '{}', '2025-08-19 07:10:04.015643+00', 28, 5);
INSERT INTO public.api_leadhistory (id, history_type, action, details, icon, metadata, "timestamp", lead_id, user_id) VALUES (208, 'qualification', 'Lead qualified', 'Lead qualified and moved to proposal stage.', 'check-circle', '{}', '2025-08-19 07:10:04.251201+00', 28, 5);
INSERT INTO public.api_leadhistory (id, history_type, action, details, icon, metadata, "timestamp", lead_id, user_id) VALUES (209, 'proposal_sent', 'Proposal sent', 'Comprehensive travel management proposal sent to decision maker.', 'file-text', '{}', '2025-08-19 07:10:04.486557+00', 28, 5);
INSERT INTO public.api_leadhistory (id, history_type, action, details, icon, metadata, "timestamp", lead_id, user_id) VALUES (210, 'negotiation_started', 'Negotiation completed', 'Successfully negotiated terms and pricing.', 'handshake', '{}', '2025-08-19 07:10:04.722415+00', 28, 5);
INSERT INTO public.api_leadhistory (id, history_type, action, details, icon, metadata, "timestamp", lead_id, user_id) VALUES (211, 'won', 'Lead won!', 'Successfully closed deal! Contract signed for $76612.00.', 'trophy', '{}', '2025-08-19 07:10:04.957849+00', 28, 5);
INSERT INTO public.api_leadhistory (id, history_type, action, details, icon, metadata, "timestamp", lead_id, user_id) VALUES (212, 'status_change', 'Status changed to Won', 'Lead status updated from negotiation to won. Lead is now won.', 'trophy', '{}', '2025-08-19 07:10:05.193315+00', 28, 5);
INSERT INTO public.api_leadhistory (id, history_type, action, details, icon, metadata, "timestamp", lead_id, user_id) VALUES (213, 'note_added', 'Follow-up note added', 'Added follow-up notes regarding client requirements and next steps.', 'message-square', '{}', '2025-08-19 07:10:05.430659+00', 28, 5);
INSERT INTO public.api_leadhistory (id, history_type, action, details, icon, metadata, "timestamp", lead_id, user_id) VALUES (214, 'creation', 'Lead created', 'Lead created from cold_outreach source. Initial contact information collected for Global Finance Ltd.', 'plus', '{}', '2025-08-19 07:10:06.60473+00', 29, 8);
INSERT INTO public.api_leadhistory (id, history_type, action, details, icon, metadata, "timestamp", lead_id, user_id) VALUES (215, 'assignment', 'Lead assigned', 'Lead assigned to Mike Brown for follow-up.', 'user', '{}', '2025-08-19 07:10:07.075172+00', 29, 8);
INSERT INTO public.api_leadhistory (id, history_type, action, details, icon, metadata, "timestamp", lead_id, user_id) VALUES (216, 'score_update', 'Lead score updated to 20', 'Lead score updated to 20 based on engagement metrics and profile analysis.', 'trending-up', '{}', '2025-08-19 07:10:07.310673+00', 29, 8);
INSERT INTO public.api_leadhistory (id, history_type, action, details, icon, metadata, "timestamp", lead_id, user_id) VALUES (217, 'contact_made', 'Initial contact made', 'Initial contact made with Amanda. Outreach sent via email.', 'mail', '{}', '2025-08-19 07:10:07.781368+00', 29, 5);
INSERT INTO public.api_leadhistory (id, history_type, action, details, icon, metadata, "timestamp", lead_id, user_id) VALUES (218, 'qualification', 'Lead qualified', 'Lead qualified and moved to proposal stage.', 'check-circle', '{}', '2025-08-19 07:10:08.016956+00', 29, 5);
INSERT INTO public.api_leadhistory (id, history_type, action, details, icon, metadata, "timestamp", lead_id, user_id) VALUES (219, 'proposal_sent', 'Proposal sent', 'Comprehensive travel management proposal sent to decision maker.', 'file-text', '{}', '2025-08-19 07:10:08.252895+00', 29, 5);
INSERT INTO public.api_leadhistory (id, history_type, action, details, icon, metadata, "timestamp", lead_id, user_id) VALUES (220, 'lost', 'Lead lost', 'Lead chose competitor solution. Opportunity closed as lost.', 'x', '{}', '2025-08-19 07:10:08.48865+00', 29, 5);
INSERT INTO public.api_leadhistory (id, history_type, action, details, icon, metadata, "timestamp", lead_id, user_id) VALUES (221, 'status_change', 'Status changed to Lost', 'Lead status updated from proposal_sent to lost. Lead is now lost.', 'x', '{}', '2025-08-19 07:10:08.724994+00', 29, 5);
INSERT INTO public.api_leadhistory (id, history_type, action, details, icon, metadata, "timestamp", lead_id, user_id) VALUES (222, 'creation', 'Lead created', 'Lead created from referral source. Initial contact information collected for Retail Dynamics.', 'plus', '{}', '2025-08-19 07:10:09.898222+00', 30, 8);
INSERT INTO public.api_leadhistory (id, history_type, action, details, icon, metadata, "timestamp", lead_id, user_id) VALUES (223, 'assignment', 'Lead assigned', 'Lead assigned to Mike Brown for follow-up.', 'user', '{}', '2025-08-19 07:10:10.368802+00', 30, 8);
INSERT INTO public.api_leadhistory (id, history_type, action, details, icon, metadata, "timestamp", lead_id, user_id) VALUES (224, 'score_update', 'Lead score updated to 95', 'Lead score updated to 95 based on engagement metrics and profile analysis.', 'trending-up', '{}', '2025-08-19 07:10:10.605585+00', 30, 8);
INSERT INTO public.api_leadhistory (id, history_type, action, details, icon, metadata, "timestamp", lead_id, user_id) VALUES (225, 'contact_made', 'Initial contact made', 'Initial contact made with Amanda. Outreach sent via email.', 'mail', '{}', '2025-08-19 07:10:11.076212+00', 30, 5);
INSERT INTO public.api_leadhistory (id, history_type, action, details, icon, metadata, "timestamp", lead_id, user_id) VALUES (226, 'qualification', 'Lead qualified', 'Lead qualified and moved to proposal stage.', 'check-circle', '{}', '2025-08-19 07:10:11.311611+00', 30, 5);
INSERT INTO public.api_leadhistory (id, history_type, action, details, icon, metadata, "timestamp", lead_id, user_id) VALUES (227, 'proposal_sent', 'Proposal sent', 'Comprehensive travel management proposal sent to decision maker.', 'file-text', '{}', '2025-08-19 07:10:11.547159+00', 30, 5);
INSERT INTO public.api_leadhistory (id, history_type, action, details, icon, metadata, "timestamp", lead_id, user_id) VALUES (228, 'status_change', 'Status changed to Proposal Sent', 'Lead status updated from qualified to proposal_sent. Lead is now proposal sent.', 'file-text', '{}', '2025-08-19 07:10:11.782703+00', 30, 5);
INSERT INTO public.api_leadhistory (id, history_type, action, details, icon, metadata, "timestamp", lead_id, user_id) VALUES (229, 'note_added', 'Follow-up note added', 'Added follow-up notes regarding client requirements and next steps.', 'message-square', '{}', '2025-08-19 07:10:12.018091+00', 30, 5);
INSERT INTO public.api_leadhistory (id, history_type, action, details, icon, metadata, "timestamp", lead_id, user_id) VALUES (230, 'creation', 'Lead created', 'Lead created from marketing source. Initial contact information collected for ConsultPro Services.', 'plus', '{}', '2025-08-19 07:10:13.190272+00', 31, 8);
INSERT INTO public.api_leadhistory (id, history_type, action, details, icon, metadata, "timestamp", lead_id, user_id) VALUES (231, 'assignment', 'Lead assigned', 'Lead assigned to Jane Johnson for follow-up.', 'user', '{}', '2025-08-19 07:10:13.660579+00', 31, 8);
INSERT INTO public.api_leadhistory (id, history_type, action, details, icon, metadata, "timestamp", lead_id, user_id) VALUES (232, 'score_update', 'Lead score updated to 16', 'Lead score updated to 16 based on engagement metrics and profile analysis.', 'trending-up', '{}', '2025-08-19 07:10:13.895922+00', 31, 8);
INSERT INTO public.api_leadhistory (id, history_type, action, details, icon, metadata, "timestamp", lead_id, user_id) VALUES (233, 'contact_made', 'Initial contact made', 'Initial contact made with Amanda. Outreach sent via email.', 'mail', '{}', '2025-08-19 07:10:14.366063+00', 31, 4);
INSERT INTO public.api_leadhistory (id, history_type, action, details, icon, metadata, "timestamp", lead_id, user_id) VALUES (234, 'qualification', 'Lead qualified', 'Lead qualified and moved to proposal stage.', 'check-circle', '{}', '2025-08-19 07:10:14.601712+00', 31, 4);
INSERT INTO public.api_leadhistory (id, history_type, action, details, icon, metadata, "timestamp", lead_id, user_id) VALUES (235, 'proposal_sent', 'Proposal sent', 'Comprehensive travel management proposal sent to decision maker.', 'file-text', '{}', '2025-08-19 07:10:14.837211+00', 31, 4);
INSERT INTO public.api_leadhistory (id, history_type, action, details, icon, metadata, "timestamp", lead_id, user_id) VALUES (236, 'lost', 'Lead lost', 'Lead chose competitor solution. Opportunity closed as lost.', 'x', '{}', '2025-08-19 07:10:15.073098+00', 31, 4);
INSERT INTO public.api_leadhistory (id, history_type, action, details, icon, metadata, "timestamp", lead_id, user_id) VALUES (237, 'status_change', 'Status changed to Lost', 'Lead status updated from proposal_sent to lost. Lead is now lost.', 'x', '{}', '2025-08-19 07:10:15.308738+00', 31, 4);
INSERT INTO public.api_leadhistory (id, history_type, action, details, icon, metadata, "timestamp", lead_id, user_id) VALUES (238, 'creation', 'Lead created', 'Lead created from referral source. Initial contact information collected for ConsultPro Services.', 'plus', '{}', '2025-08-19 07:10:16.481913+00', 32, 8);
INSERT INTO public.api_leadhistory (id, history_type, action, details, icon, metadata, "timestamp", lead_id, user_id) VALUES (239, 'assignment', 'Lead assigned', 'Lead assigned to Jane Johnson for follow-up.', 'user', '{}', '2025-08-19 07:10:16.952431+00', 32, 8);
INSERT INTO public.api_leadhistory (id, history_type, action, details, icon, metadata, "timestamp", lead_id, user_id) VALUES (240, 'score_update', 'Lead score updated to 76', 'Lead score updated to 76 based on engagement metrics and profile analysis.', 'trending-up', '{}', '2025-08-19 07:10:17.188366+00', 32, 8);
INSERT INTO public.api_leadhistory (id, history_type, action, details, icon, metadata, "timestamp", lead_id, user_id) VALUES (241, 'creation', 'Lead created', 'Lead created from marketing source. Initial contact information collected for Manufacturing Plus.', 'plus', '{}', '2025-08-19 07:10:18.361313+00', 33, 8);
INSERT INTO public.api_leadhistory (id, history_type, action, details, icon, metadata, "timestamp", lead_id, user_id) VALUES (242, 'assignment', 'Lead assigned', 'Lead assigned to Sarah Davis for follow-up.', 'user', '{}', '2025-08-19 07:10:18.831408+00', 33, 8);
INSERT INTO public.api_leadhistory (id, history_type, action, details, icon, metadata, "timestamp", lead_id, user_id) VALUES (243, 'score_update', 'Lead score updated to 39', 'Lead score updated to 39 based on engagement metrics and profile analysis.', 'trending-up', '{}', '2025-08-19 07:10:19.066741+00', 33, 8);
INSERT INTO public.api_leadhistory (id, history_type, action, details, icon, metadata, "timestamp", lead_id, user_id) VALUES (244, 'creation', 'Lead created', 'Lead created from marketing source. Initial contact information collected for Global Finance Ltd.', 'plus', '{}', '2025-08-19 07:10:20.239537+00', 34, 8);
INSERT INTO public.api_leadhistory (id, history_type, action, details, icon, metadata, "timestamp", lead_id, user_id) VALUES (245, 'assignment', 'Lead assigned', 'Lead assigned to Sarah Davis for follow-up.', 'user', '{}', '2025-08-19 07:10:20.709975+00', 34, 8);
INSERT INTO public.api_leadhistory (id, history_type, action, details, icon, metadata, "timestamp", lead_id, user_id) VALUES (246, 'score_update', 'Lead score updated to 73', 'Lead score updated to 73 based on engagement metrics and profile analysis.', 'trending-up', '{}', '2025-08-19 07:10:20.945509+00', 34, 8);
INSERT INTO public.api_leadhistory (id, history_type, action, details, icon, metadata, "timestamp", lead_id, user_id) VALUES (247, 'contact_made', 'Initial contact made', 'Initial contact made with James. Outreach sent via email.', 'mail', '{}', '2025-08-19 07:10:21.415907+00', 34, 6);
INSERT INTO public.api_leadhistory (id, history_type, action, details, icon, metadata, "timestamp", lead_id, user_id) VALUES (248, 'qualification', 'Lead qualified', 'Lead qualified and moved to proposal stage.', 'check-circle', '{}', '2025-08-19 07:10:21.65126+00', 34, 6);
INSERT INTO public.api_leadhistory (id, history_type, action, details, icon, metadata, "timestamp", lead_id, user_id) VALUES (249, 'proposal_sent', 'Proposal sent', 'Comprehensive travel management proposal sent to decision maker.', 'file-text', '{}', '2025-08-19 07:10:21.886969+00', 34, 6);
INSERT INTO public.api_leadhistory (id, history_type, action, details, icon, metadata, "timestamp", lead_id, user_id) VALUES (250, 'status_change', 'Status changed to Proposal Sent', 'Lead status updated from qualified to proposal_sent. Lead is now proposal sent.', 'file-text', '{}', '2025-08-19 07:10:22.12304+00', 34, 6);
INSERT INTO public.api_leadhistory (id, history_type, action, details, icon, metadata, "timestamp", lead_id, user_id) VALUES (251, 'note_added', 'Follow-up note added', 'Added follow-up notes regarding client requirements and next steps.', 'message-square', '{}', '2025-08-19 07:10:22.358946+00', 34, 6);
INSERT INTO public.api_leadhistory (id, history_type, action, details, icon, metadata, "timestamp", lead_id, user_id) VALUES (252, 'creation', 'Lead created', 'Lead created from marketing source. Initial contact information collected for ConsultPro Services.', 'plus', '{}', '2025-08-19 07:10:23.531638+00', 35, 8);
INSERT INTO public.api_leadhistory (id, history_type, action, details, icon, metadata, "timestamp", lead_id, user_id) VALUES (253, 'assignment', 'Lead assigned', 'Lead assigned to John Smith for follow-up.', 'user', '{}', '2025-08-19 07:10:24.001941+00', 35, 8);
INSERT INTO public.api_leadhistory (id, history_type, action, details, icon, metadata, "timestamp", lead_id, user_id) VALUES (254, 'score_update', 'Lead score updated to 95', 'Lead score updated to 95 based on engagement metrics and profile analysis.', 'trending-up', '{}', '2025-08-19 07:10:24.237494+00', 35, 8);
INSERT INTO public.api_leadhistory (id, history_type, action, details, icon, metadata, "timestamp", lead_id, user_id) VALUES (255, 'creation', 'Lead created', 'Lead created from corporate_search source. Initial contact information collected for TechCorp Solutions.', 'plus', '{}', '2025-08-19 07:10:25.410563+00', 36, 8);
INSERT INTO public.api_leadhistory (id, history_type, action, details, icon, metadata, "timestamp", lead_id, user_id) VALUES (256, 'assignment', 'Lead assigned', 'Lead assigned to David Wilson for follow-up.', 'user', '{}', '2025-08-19 07:10:25.881237+00', 36, 8);
INSERT INTO public.api_leadhistory (id, history_type, action, details, icon, metadata, "timestamp", lead_id, user_id) VALUES (257, 'score_update', 'Lead score updated to 84', 'Lead score updated to 84 based on engagement metrics and profile analysis.', 'trending-up', '{}', '2025-08-19 07:10:26.117886+00', 36, 8);
INSERT INTO public.api_leadhistory (id, history_type, action, details, icon, metadata, "timestamp", lead_id, user_id) VALUES (258, 'contact_made', 'Initial contact made', 'Initial contact made with Michael. Outreach sent via email.', 'mail', '{}', '2025-08-19 07:10:26.588327+00', 36, 7);
INSERT INTO public.api_leadhistory (id, history_type, action, details, icon, metadata, "timestamp", lead_id, user_id) VALUES (259, 'qualification', 'Lead qualified', 'Lead qualified and moved to proposal stage.', 'check-circle', '{}', '2025-08-19 07:10:26.823759+00', 36, 7);
INSERT INTO public.api_leadhistory (id, history_type, action, details, icon, metadata, "timestamp", lead_id, user_id) VALUES (260, 'proposal_sent', 'Proposal sent', 'Comprehensive travel management proposal sent to decision maker.', 'file-text', '{}', '2025-08-19 07:10:27.059595+00', 36, 7);
INSERT INTO public.api_leadhistory (id, history_type, action, details, icon, metadata, "timestamp", lead_id, user_id) VALUES (261, 'status_change', 'Status changed to Proposal Sent', 'Lead status updated from qualified to proposal_sent. Lead is now proposal sent.', 'file-text', '{}', '2025-08-19 07:10:27.294997+00', 36, 7);
INSERT INTO public.api_leadhistory (id, history_type, action, details, icon, metadata, "timestamp", lead_id, user_id) VALUES (262, 'note_added', 'Follow-up note added', 'Added follow-up notes regarding client requirements and next steps.', 'message-square', '{}', '2025-08-19 07:10:27.530543+00', 36, 7);
INSERT INTO public.api_leadhistory (id, history_type, action, details, icon, metadata, "timestamp", lead_id, user_id) VALUES (263, 'creation', 'Lead created', 'Lead created from referral source. Initial contact information collected for ConsultPro Services.', 'plus', '{}', '2025-08-19 07:10:28.703118+00', 37, 8);
INSERT INTO public.api_leadhistory (id, history_type, action, details, icon, metadata, "timestamp", lead_id, user_id) VALUES (264, 'assignment', 'Lead assigned', 'Lead assigned to John Smith for follow-up.', 'user', '{}', '2025-08-19 07:10:29.173778+00', 37, 8);
INSERT INTO public.api_leadhistory (id, history_type, action, details, icon, metadata, "timestamp", lead_id, user_id) VALUES (265, 'score_update', 'Lead score updated to 55', 'Lead score updated to 55 based on engagement metrics and profile analysis.', 'trending-up', '{}', '2025-08-19 07:10:29.409503+00', 37, 8);
INSERT INTO public.api_leadhistory (id, history_type, action, details, icon, metadata, "timestamp", lead_id, user_id) VALUES (266, 'contact_made', 'Initial contact made', 'Initial contact made with Robert. Outreach sent via email.', 'mail', '{}', '2025-08-19 07:10:29.879724+00', 37, 3);
INSERT INTO public.api_leadhistory (id, history_type, action, details, icon, metadata, "timestamp", lead_id, user_id) VALUES (267, 'disqualification', 'Lead disqualified', 'Lead disqualified due to budget constraints or timeline mismatch. Moved to nurture campaign.', 'x-circle', '{}', '2025-08-19 07:10:30.129404+00', 37, 3);
INSERT INTO public.api_leadhistory (id, history_type, action, details, icon, metadata, "timestamp", lead_id, user_id) VALUES (268, 'status_change', 'Status changed to Unqualified', 'Lead status updated from contacted to unqualified. Lead is now unqualified.', 'x-circle', '{}', '2025-08-19 07:10:30.36513+00', 37, 3);
INSERT INTO public.api_leadhistory (id, history_type, action, details, icon, metadata, "timestamp", lead_id, user_id) VALUES (269, 'creation', 'Lead created', 'Lead created from corporate_search source. Initial contact information collected for Manufacturing Plus.', 'plus', '{}', '2025-08-19 07:10:31.537577+00', 38, 8);
INSERT INTO public.api_leadhistory (id, history_type, action, details, icon, metadata, "timestamp", lead_id, user_id) VALUES (270, 'assignment', 'Lead assigned', 'Lead assigned to Jane Johnson for follow-up.', 'user', '{}', '2025-08-19 07:10:32.008148+00', 38, 8);
INSERT INTO public.api_leadhistory (id, history_type, action, details, icon, metadata, "timestamp", lead_id, user_id) VALUES (271, 'score_update', 'Lead score updated to 43', 'Lead score updated to 43 based on engagement metrics and profile analysis.', 'trending-up', '{}', '2025-08-19 07:10:32.243847+00', 38, 8);
INSERT INTO public.api_leadhistory (id, history_type, action, details, icon, metadata, "timestamp", lead_id, user_id) VALUES (272, 'contact_made', 'Initial contact made', 'Initial contact made with Sarah. Outreach sent via email.', 'mail', '{}', '2025-08-19 07:10:32.714349+00', 38, 4);
INSERT INTO public.api_leadhistory (id, history_type, action, details, icon, metadata, "timestamp", lead_id, user_id) VALUES (273, 'qualification', 'Lead qualified', 'Lead qualified and moved to proposal stage.', 'check-circle', '{}', '2025-08-19 07:10:32.949978+00', 38, 4);
INSERT INTO public.api_leadhistory (id, history_type, action, details, icon, metadata, "timestamp", lead_id, user_id) VALUES (274, 'proposal_sent', 'Proposal sent', 'Comprehensive travel management proposal sent to decision maker.', 'file-text', '{}', '2025-08-19 07:10:33.185629+00', 38, 4);
INSERT INTO public.api_leadhistory (id, history_type, action, details, icon, metadata, "timestamp", lead_id, user_id) VALUES (275, 'lost', 'Lead lost', 'Lead chose competitor solution. Opportunity closed as lost.', 'x', '{}', '2025-08-19 07:10:33.421058+00', 38, 4);
INSERT INTO public.api_leadhistory (id, history_type, action, details, icon, metadata, "timestamp", lead_id, user_id) VALUES (276, 'status_change', 'Status changed to Lost', 'Lead status updated from proposal_sent to lost. Lead is now lost.', 'x', '{}', '2025-08-19 07:10:33.656479+00', 38, 4);
INSERT INTO public.api_leadhistory (id, history_type, action, details, icon, metadata, "timestamp", lead_id, user_id) VALUES (277, 'creation', 'Lead created', 'Lead created from cold_outreach source. Initial contact information collected for TechCorp Solutions.', 'plus', '{}', '2025-08-19 07:10:34.829103+00', 39, 8);
INSERT INTO public.api_leadhistory (id, history_type, action, details, icon, metadata, "timestamp", lead_id, user_id) VALUES (278, 'assignment', 'Lead assigned', 'Lead assigned to Jane Johnson for follow-up.', 'user', '{}', '2025-08-19 07:10:35.299629+00', 39, 8);
INSERT INTO public.api_leadhistory (id, history_type, action, details, icon, metadata, "timestamp", lead_id, user_id) VALUES (279, 'score_update', 'Lead score updated to 98', 'Lead score updated to 98 based on engagement metrics and profile analysis.', 'trending-up', '{}', '2025-08-19 07:10:35.535165+00', 39, 8);
INSERT INTO public.api_leadhistory (id, history_type, action, details, icon, metadata, "timestamp", lead_id, user_id) VALUES (280, 'contact_made', 'Initial contact made', 'Initial contact made with Jennifer. Outreach sent via email.', 'mail', '{}', '2025-08-19 07:10:36.006874+00', 39, 4);
INSERT INTO public.api_leadhistory (id, history_type, action, details, icon, metadata, "timestamp", lead_id, user_id) VALUES (281, 'qualification', 'Lead qualified', 'Lead qualified and moved to proposal stage.', 'check-circle', '{}', '2025-08-19 07:10:36.242433+00', 39, 4);
INSERT INTO public.api_leadhistory (id, history_type, action, details, icon, metadata, "timestamp", lead_id, user_id) VALUES (282, 'proposal_sent', 'Proposal sent', 'Comprehensive travel management proposal sent to decision maker.', 'file-text', '{}', '2025-08-19 07:10:36.477905+00', 39, 4);
INSERT INTO public.api_leadhistory (id, history_type, action, details, icon, metadata, "timestamp", lead_id, user_id) VALUES (283, 'status_change', 'Status changed to Proposal Sent', 'Lead status updated from qualified to proposal_sent. Lead is now proposal sent.', 'file-text', '{}', '2025-08-19 07:10:36.713626+00', 39, 4);
INSERT INTO public.api_leadhistory (id, history_type, action, details, icon, metadata, "timestamp", lead_id, user_id) VALUES (284, 'note_added', 'Follow-up note added', 'Added follow-up notes regarding client requirements and next steps.', 'message-square', '{}', '2025-08-19 07:10:36.949705+00', 39, 4);
INSERT INTO public.api_leadhistory (id, history_type, action, details, icon, metadata, "timestamp", lead_id, user_id) VALUES (285, 'creation', 'Lead created', 'Lead created from website source. Initial contact information collected for HealthTech Innovations.', 'plus', '{}', '2025-08-19 07:10:38.123449+00', 40, 8);
INSERT INTO public.api_leadhistory (id, history_type, action, details, icon, metadata, "timestamp", lead_id, user_id) VALUES (286, 'assignment', 'Lead assigned', 'Lead assigned to Jane Johnson for follow-up.', 'user', '{}', '2025-08-19 07:10:38.593824+00', 40, 8);
INSERT INTO public.api_leadhistory (id, history_type, action, details, icon, metadata, "timestamp", lead_id, user_id) VALUES (287, 'score_update', 'Lead score updated to 11', 'Lead score updated to 11 based on engagement metrics and profile analysis.', 'trending-up', '{}', '2025-08-19 07:10:38.829435+00', 40, 8);
INSERT INTO public.api_leadhistory (id, history_type, action, details, icon, metadata, "timestamp", lead_id, user_id) VALUES (288, 'contact_made', 'Initial contact made', 'Initial contact made with David. Outreach sent via email.', 'mail', '{}', '2025-08-19 07:10:39.300335+00', 40, 4);
INSERT INTO public.api_leadhistory (id, history_type, action, details, icon, metadata, "timestamp", lead_id, user_id) VALUES (289, 'qualification', 'Lead qualified', 'Lead qualified and moved to proposal stage.', 'check-circle', '{}', '2025-08-19 07:10:39.536035+00', 40, 4);
INSERT INTO public.api_leadhistory (id, history_type, action, details, icon, metadata, "timestamp", lead_id, user_id) VALUES (290, 'proposal_sent', 'Proposal sent', 'Comprehensive travel management proposal sent to decision maker.', 'file-text', '{}', '2025-08-19 07:10:39.771492+00', 40, 4);
INSERT INTO public.api_leadhistory (id, history_type, action, details, icon, metadata, "timestamp", lead_id, user_id) VALUES (291, 'negotiation_started', 'Negotiation completed', 'Successfully negotiated terms and pricing.', 'handshake', '{}', '2025-08-19 07:10:40.007317+00', 40, 4);
INSERT INTO public.api_leadhistory (id, history_type, action, details, icon, metadata, "timestamp", lead_id, user_id) VALUES (292, 'won', 'Lead won!', 'Successfully closed deal! Contract signed for $129373.00.', 'trophy', '{}', '2025-08-19 07:10:40.242975+00', 40, 4);
INSERT INTO public.api_leadhistory (id, history_type, action, details, icon, metadata, "timestamp", lead_id, user_id) VALUES (293, 'status_change', 'Status changed to Won', 'Lead status updated from negotiation to won. Lead is now won.', 'trophy', '{}', '2025-08-19 07:10:40.478441+00', 40, 4);
INSERT INTO public.api_leadhistory (id, history_type, action, details, icon, metadata, "timestamp", lead_id, user_id) VALUES (294, 'note_added', 'Follow-up note added', 'Added follow-up notes regarding client requirements and next steps.', 'message-square', '{}', '2025-08-19 07:10:40.713966+00', 40, 4);
INSERT INTO public.api_leadhistory (id, history_type, action, details, icon, metadata, "timestamp", lead_id, user_id) VALUES (295, 'creation', 'Lead created', 'Lead created from cold_outreach source. Initial contact information collected for Manufacturing Plus.', 'plus', '{}', '2025-08-19 07:10:41.88738+00', 41, 8);
INSERT INTO public.api_leadhistory (id, history_type, action, details, icon, metadata, "timestamp", lead_id, user_id) VALUES (296, 'assignment', 'Lead assigned', 'Lead assigned to Sarah Davis for follow-up.', 'user', '{}', '2025-08-19 07:10:42.358073+00', 41, 8);
INSERT INTO public.api_leadhistory (id, history_type, action, details, icon, metadata, "timestamp", lead_id, user_id) VALUES (297, 'score_update', 'Lead score updated to 48', 'Lead score updated to 48 based on engagement metrics and profile analysis.', 'trending-up', '{}', '2025-08-19 07:10:42.593506+00', 41, 8);
INSERT INTO public.api_leadhistory (id, history_type, action, details, icon, metadata, "timestamp", lead_id, user_id) VALUES (298, 'contact_made', 'Initial contact made', 'Initial contact made with Sarah. Outreach sent via email.', 'mail', '{}', '2025-08-19 07:10:43.063821+00', 41, 6);
INSERT INTO public.api_leadhistory (id, history_type, action, details, icon, metadata, "timestamp", lead_id, user_id) VALUES (299, 'qualification', 'Lead qualified', 'Lead qualified and moved to proposal stage.', 'check-circle', '{}', '2025-08-19 07:10:43.299342+00', 41, 6);
INSERT INTO public.api_leadhistory (id, history_type, action, details, icon, metadata, "timestamp", lead_id, user_id) VALUES (300, 'proposal_sent', 'Proposal sent', 'Comprehensive travel management proposal sent to decision maker.', 'file-text', '{}', '2025-08-19 07:10:43.535286+00', 41, 6);
INSERT INTO public.api_leadhistory (id, history_type, action, details, icon, metadata, "timestamp", lead_id, user_id) VALUES (301, 'negotiation_started', 'Negotiation completed', 'Successfully negotiated terms and pricing.', 'handshake', '{}', '2025-08-19 07:10:43.770856+00', 41, 6);
INSERT INTO public.api_leadhistory (id, history_type, action, details, icon, metadata, "timestamp", lead_id, user_id) VALUES (302, 'won', 'Lead won!', 'Successfully closed deal! Contract signed for $122801.00.', 'trophy', '{}', '2025-08-19 07:10:44.006602+00', 41, 6);
INSERT INTO public.api_leadhistory (id, history_type, action, details, icon, metadata, "timestamp", lead_id, user_id) VALUES (303, 'status_change', 'Status changed to Won', 'Lead status updated from negotiation to won. Lead is now won.', 'trophy', '{}', '2025-08-19 07:10:44.242142+00', 41, 6);
INSERT INTO public.api_leadhistory (id, history_type, action, details, icon, metadata, "timestamp", lead_id, user_id) VALUES (304, 'note_added', 'Follow-up note added', 'Added follow-up notes regarding client requirements and next steps.', 'message-square', '{}', '2025-08-19 07:10:44.477601+00', 41, 6);
INSERT INTO public.api_leadhistory (id, history_type, action, details, icon, metadata, "timestamp", lead_id, user_id) VALUES (305, 'creation', 'Lead created', 'Lead created from referral source. Initial contact information collected for Global Finance Ltd.', 'plus', '{}', '2025-08-19 07:10:45.657571+00', 42, 8);
INSERT INTO public.api_leadhistory (id, history_type, action, details, icon, metadata, "timestamp", lead_id, user_id) VALUES (306, 'assignment', 'Lead assigned', 'Lead assigned to John Smith for follow-up.', 'user', '{}', '2025-08-19 07:10:46.12824+00', 42, 8);
INSERT INTO public.api_leadhistory (id, history_type, action, details, icon, metadata, "timestamp", lead_id, user_id) VALUES (307, 'score_update', 'Lead score updated to 65', 'Lead score updated to 65 based on engagement metrics and profile analysis.', 'trending-up', '{}', '2025-08-19 07:10:46.363804+00', 42, 8);
INSERT INTO public.api_leadhistory (id, history_type, action, details, icon, metadata, "timestamp", lead_id, user_id) VALUES (308, 'contact_made', 'Initial contact made', 'Initial contact made with Robert. Outreach sent via email.', 'mail', '{}', '2025-08-19 07:10:46.834516+00', 42, 3);
INSERT INTO public.api_leadhistory (id, history_type, action, details, icon, metadata, "timestamp", lead_id, user_id) VALUES (309, 'disqualification', 'Lead disqualified', 'Lead disqualified due to budget constraints or timeline mismatch. Moved to nurture campaign.', 'x-circle', '{}', '2025-08-19 07:10:47.070741+00', 42, 3);
INSERT INTO public.api_leadhistory (id, history_type, action, details, icon, metadata, "timestamp", lead_id, user_id) VALUES (310, 'status_change', 'Status changed to Unqualified', 'Lead status updated from contacted to unqualified. Lead is now unqualified.', 'x-circle', '{}', '2025-08-19 07:10:47.306295+00', 42, 3);
INSERT INTO public.api_leadhistory (id, history_type, action, details, icon, metadata, "timestamp", lead_id, user_id) VALUES (311, 'creation', 'Lead created', 'Lead created from corporate_search source. Initial contact information collected for Global Finance Ltd.', 'plus', '{}', '2025-08-19 07:10:48.478792+00', 43, 8);
INSERT INTO public.api_leadhistory (id, history_type, action, details, icon, metadata, "timestamp", lead_id, user_id) VALUES (312, 'assignment', 'Lead assigned', 'Lead assigned to Sarah Davis for follow-up.', 'user', '{}', '2025-08-19 07:10:48.949248+00', 43, 8);
INSERT INTO public.api_leadhistory (id, history_type, action, details, icon, metadata, "timestamp", lead_id, user_id) VALUES (313, 'score_update', 'Lead score updated to 68', 'Lead score updated to 68 based on engagement metrics and profile analysis.', 'trending-up', '{}', '2025-08-19 07:10:49.184814+00', 43, 8);
INSERT INTO public.api_leadhistory (id, history_type, action, details, icon, metadata, "timestamp", lead_id, user_id) VALUES (314, 'contact_made', 'Initial contact made', 'Initial contact made with Robert. Outreach sent via email.', 'mail', '{}', '2025-08-19 07:10:49.655307+00', 43, 6);
INSERT INTO public.api_leadhistory (id, history_type, action, details, icon, metadata, "timestamp", lead_id, user_id) VALUES (315, 'call_made', 'Discovery call completed', 'Scheduled and completed 30-minute discovery call. Discussed travel requirements and current pain points.', 'phone', '{}', '2025-08-19 07:10:49.904319+00', 43, 6);
INSERT INTO public.api_leadhistory (id, history_type, action, details, icon, metadata, "timestamp", lead_id, user_id) VALUES (316, 'qualification', 'Lead qualified', 'Lead qualified based on budget (445229.00), authority, and timeline. Ready for proposal stage.', 'check-circle', '{}', '2025-08-19 07:10:50.139769+00', 43, 6);
INSERT INTO public.api_leadhistory (id, history_type, action, details, icon, metadata, "timestamp", lead_id, user_id) VALUES (317, 'status_change', 'Status changed to Qualified', 'Lead status updated from contacted to qualified. Lead is now qualified.', 'check-circle', '{}', '2025-08-19 07:10:50.37525+00', 43, 6);
INSERT INTO public.api_leadhistory (id, history_type, action, details, icon, metadata, "timestamp", lead_id, user_id) VALUES (318, 'note_added', 'Follow-up note added', 'Added follow-up notes regarding client requirements and next steps.', 'message-square', '{}', '2025-08-19 07:10:50.610719+00', 43, 6);
INSERT INTO public.api_leadhistory (id, history_type, action, details, icon, metadata, "timestamp", lead_id, user_id) VALUES (319, 'creation', 'Lead created', 'Lead created from website source. Initial contact information collected for Global Finance Ltd.', 'plus', '{}', '2025-08-19 07:10:51.784235+00', 44, 8);
INSERT INTO public.api_leadhistory (id, history_type, action, details, icon, metadata, "timestamp", lead_id, user_id) VALUES (320, 'assignment', 'Lead assigned', 'Lead assigned to David Wilson for follow-up.', 'user', '{}', '2025-08-19 07:10:52.254439+00', 44, 8);
INSERT INTO public.api_leadhistory (id, history_type, action, details, icon, metadata, "timestamp", lead_id, user_id) VALUES (321, 'score_update', 'Lead score updated to 63', 'Lead score updated to 63 based on engagement metrics and profile analysis.', 'trending-up', '{}', '2025-08-19 07:10:52.4902+00', 44, 8);
INSERT INTO public.api_leadhistory (id, history_type, action, details, icon, metadata, "timestamp", lead_id, user_id) VALUES (322, 'contact_made', 'Initial contact made', 'Initial contact made with David. Outreach sent via email.', 'mail', '{}', '2025-08-19 07:10:52.960399+00', 44, 7);
INSERT INTO public.api_leadhistory (id, history_type, action, details, icon, metadata, "timestamp", lead_id, user_id) VALUES (323, 'qualification', 'Lead qualified', 'Lead qualified and moved to proposal stage.', 'check-circle', '{}', '2025-08-19 07:10:53.19585+00', 44, 7);
INSERT INTO public.api_leadhistory (id, history_type, action, details, icon, metadata, "timestamp", lead_id, user_id) VALUES (324, 'proposal_sent', 'Proposal sent', 'Comprehensive travel management proposal sent to decision maker.', 'file-text', '{}', '2025-08-19 07:10:53.431235+00', 44, 7);
INSERT INTO public.api_leadhistory (id, history_type, action, details, icon, metadata, "timestamp", lead_id, user_id) VALUES (325, 'status_change', 'Status changed to Proposal Sent', 'Lead status updated from qualified to proposal_sent. Lead is now proposal sent.', 'file-text', '{}', '2025-08-19 07:10:53.66666+00', 44, 7);
INSERT INTO public.api_leadhistory (id, history_type, action, details, icon, metadata, "timestamp", lead_id, user_id) VALUES (326, 'note_added', 'Follow-up note added', 'Added follow-up notes regarding client requirements and next steps.', 'message-square', '{}', '2025-08-19 07:10:53.902426+00', 44, 7);
INSERT INTO public.api_leadhistory (id, history_type, action, details, icon, metadata, "timestamp", lead_id, user_id) VALUES (327, 'creation', 'Lead created', 'Lead created from marketing source. Initial contact information collected for HealthTech Innovations.', 'plus', '{}', '2025-08-19 07:10:55.075669+00', 45, 8);
INSERT INTO public.api_leadhistory (id, history_type, action, details, icon, metadata, "timestamp", lead_id, user_id) VALUES (328, 'assignment', 'Lead assigned', 'Lead assigned to Sarah Davis for follow-up.', 'user', '{}', '2025-08-19 07:10:55.545652+00', 45, 8);
INSERT INTO public.api_leadhistory (id, history_type, action, details, icon, metadata, "timestamp", lead_id, user_id) VALUES (329, 'score_update', 'Lead score updated to 61', 'Lead score updated to 61 based on engagement metrics and profile analysis.', 'trending-up', '{}', '2025-08-19 07:10:55.781259+00', 45, 8);
INSERT INTO public.api_leadhistory (id, history_type, action, details, icon, metadata, "timestamp", lead_id, user_id) VALUES (330, 'contact_made', 'Initial contact made', 'Initial contact made with Sarah. Outreach sent via email.', 'mail', '{}', '2025-08-19 07:10:56.25164+00', 45, 6);
INSERT INTO public.api_leadhistory (id, history_type, action, details, icon, metadata, "timestamp", lead_id, user_id) VALUES (331, 'qualification', 'Lead qualified', 'Lead qualified and moved to proposal stage.', 'check-circle', '{}', '2025-08-19 07:10:56.487386+00', 45, 6);
INSERT INTO public.api_leadhistory (id, history_type, action, details, icon, metadata, "timestamp", lead_id, user_id) VALUES (332, 'proposal_sent', 'Proposal sent', 'Comprehensive travel management proposal sent to decision maker.', 'file-text', '{}', '2025-08-19 07:10:56.72304+00', 45, 6);
INSERT INTO public.api_leadhistory (id, history_type, action, details, icon, metadata, "timestamp", lead_id, user_id) VALUES (333, 'status_change', 'Status changed to Proposal Sent', 'Lead status updated from qualified to proposal_sent. Lead is now proposal sent.', 'file-text', '{}', '2025-08-19 07:10:56.958915+00', 45, 6);
INSERT INTO public.api_leadhistory (id, history_type, action, details, icon, metadata, "timestamp", lead_id, user_id) VALUES (334, 'note_added', 'Follow-up note added', 'Added follow-up notes regarding client requirements and next steps.', 'message-square', '{}', '2025-08-19 07:10:57.194565+00', 45, 6);
INSERT INTO public.api_leadhistory (id, history_type, action, details, icon, metadata, "timestamp", lead_id, user_id) VALUES (335, 'creation', 'Lead created', 'Lead created from cold_outreach source. Initial contact information collected for Retail Dynamics.', 'plus', '{}', '2025-08-19 07:10:58.367292+00', 46, 8);
INSERT INTO public.api_leadhistory (id, history_type, action, details, icon, metadata, "timestamp", lead_id, user_id) VALUES (336, 'assignment', 'Lead assigned', 'Lead assigned to Sarah Davis for follow-up.', 'user', '{}', '2025-08-19 07:10:58.837642+00', 46, 8);
INSERT INTO public.api_leadhistory (id, history_type, action, details, icon, metadata, "timestamp", lead_id, user_id) VALUES (337, 'score_update', 'Lead score updated to 93', 'Lead score updated to 93 based on engagement metrics and profile analysis.', 'trending-up', '{}', '2025-08-19 07:10:59.073548+00', 46, 8);
INSERT INTO public.api_leadhistory (id, history_type, action, details, icon, metadata, "timestamp", lead_id, user_id) VALUES (338, 'contact_made', 'Initial contact made', 'Initial contact made with James. Outreach sent via email.', 'mail', '{}', '2025-08-19 07:10:59.544245+00', 46, 6);
INSERT INTO public.api_leadhistory (id, history_type, action, details, icon, metadata, "timestamp", lead_id, user_id) VALUES (339, 'qualification', 'Lead qualified', 'Lead qualified and moved to proposal stage.', 'check-circle', '{}', '2025-08-19 07:10:59.779691+00', 46, 6);
INSERT INTO public.api_leadhistory (id, history_type, action, details, icon, metadata, "timestamp", lead_id, user_id) VALUES (340, 'proposal_sent', 'Proposal sent', 'Comprehensive travel management proposal sent to decision maker.', 'file-text', '{}', '2025-08-19 07:11:00.015155+00', 46, 6);
INSERT INTO public.api_leadhistory (id, history_type, action, details, icon, metadata, "timestamp", lead_id, user_id) VALUES (341, 'lost', 'Lead lost', 'Lead chose competitor solution. Opportunity closed as lost.', 'x', '{}', '2025-08-19 07:11:00.251069+00', 46, 6);
INSERT INTO public.api_leadhistory (id, history_type, action, details, icon, metadata, "timestamp", lead_id, user_id) VALUES (342, 'status_change', 'Status changed to Lost', 'Lead status updated from proposal_sent to lost. Lead is now lost.', 'x', '{}', '2025-08-19 07:11:00.486731+00', 46, 6);
INSERT INTO public.api_leadhistory (id, history_type, action, details, icon, metadata, "timestamp", lead_id, user_id) VALUES (343, 'creation', 'Lead created', 'Lead created from website source. Initial contact information collected for Retail Dynamics.', 'plus', '{}', '2025-08-19 07:11:01.65958+00', 47, 8);
INSERT INTO public.api_leadhistory (id, history_type, action, details, icon, metadata, "timestamp", lead_id, user_id) VALUES (344, 'assignment', 'Lead assigned', 'Lead assigned to John Smith for follow-up.', 'user', '{}', '2025-08-19 07:11:02.130056+00', 47, 8);
INSERT INTO public.api_leadhistory (id, history_type, action, details, icon, metadata, "timestamp", lead_id, user_id) VALUES (345, 'score_update', 'Lead score updated to 92', 'Lead score updated to 92 based on engagement metrics and profile analysis.', 'trending-up', '{}', '2025-08-19 07:11:02.365653+00', 47, 8);
INSERT INTO public.api_leadhistory (id, history_type, action, details, icon, metadata, "timestamp", lead_id, user_id) VALUES (346, 'contact_made', 'Initial contact made', 'Initial contact made with Jennifer. Outreach sent via email.', 'mail', '{}', '2025-08-19 07:11:02.836796+00', 47, 3);
INSERT INTO public.api_leadhistory (id, history_type, action, details, icon, metadata, "timestamp", lead_id, user_id) VALUES (347, 'qualification', 'Lead qualified', 'Lead qualified and moved to proposal stage.', 'check-circle', '{}', '2025-08-19 07:11:03.072573+00', 47, 3);
INSERT INTO public.api_leadhistory (id, history_type, action, details, icon, metadata, "timestamp", lead_id, user_id) VALUES (348, 'proposal_sent', 'Proposal sent', 'Comprehensive travel management proposal sent to decision maker.', 'file-text', '{}', '2025-08-19 07:11:03.308363+00', 47, 3);
INSERT INTO public.api_leadhistory (id, history_type, action, details, icon, metadata, "timestamp", lead_id, user_id) VALUES (349, 'negotiation_started', 'Negotiation completed', 'Successfully negotiated terms and pricing.', 'handshake', '{}', '2025-08-19 07:11:03.544238+00', 47, 3);
INSERT INTO public.api_leadhistory (id, history_type, action, details, icon, metadata, "timestamp", lead_id, user_id) VALUES (350, 'won', 'Lead won!', 'Successfully closed deal! Contract signed for $380041.00.', 'trophy', '{}', '2025-08-19 07:11:03.779914+00', 47, 3);
INSERT INTO public.api_leadhistory (id, history_type, action, details, icon, metadata, "timestamp", lead_id, user_id) VALUES (351, 'status_change', 'Status changed to Won', 'Lead status updated from negotiation to won. Lead is now won.', 'trophy', '{}', '2025-08-19 07:11:04.01551+00', 47, 3);
INSERT INTO public.api_leadhistory (id, history_type, action, details, icon, metadata, "timestamp", lead_id, user_id) VALUES (352, 'note_added', 'Follow-up note added', 'Added follow-up notes regarding client requirements and next steps.', 'message-square', '{}', '2025-08-19 07:11:04.252383+00', 47, 3);
INSERT INTO public.api_leadhistory (id, history_type, action, details, icon, metadata, "timestamp", lead_id, user_id) VALUES (353, 'creation', 'Lead created', 'Lead created from referral source. Initial contact information collected for HealthTech Innovations.', 'plus', '{}', '2025-08-19 07:11:05.425646+00', 48, 8);
INSERT INTO public.api_leadhistory (id, history_type, action, details, icon, metadata, "timestamp", lead_id, user_id) VALUES (354, 'assignment', 'Lead assigned', 'Lead assigned to David Wilson for follow-up.', 'user', '{}', '2025-08-19 07:11:05.896068+00', 48, 8);
INSERT INTO public.api_leadhistory (id, history_type, action, details, icon, metadata, "timestamp", lead_id, user_id) VALUES (355, 'score_update', 'Lead score updated to 40', 'Lead score updated to 40 based on engagement metrics and profile analysis.', 'trending-up', '{}', '2025-08-19 07:11:06.131686+00', 48, 8);
INSERT INTO public.api_leadhistory (id, history_type, action, details, icon, metadata, "timestamp", lead_id, user_id) VALUES (356, 'contact_made', 'Initial contact made', 'Initial contact made with Sarah. Outreach sent via email.', 'mail', '{}', '2025-08-19 07:11:06.602065+00', 48, 7);
INSERT INTO public.api_leadhistory (id, history_type, action, details, icon, metadata, "timestamp", lead_id, user_id) VALUES (357, 'qualification', 'Lead qualified', 'Lead qualified and moved to proposal stage.', 'check-circle', '{}', '2025-08-19 07:11:06.837678+00', 48, 7);
INSERT INTO public.api_leadhistory (id, history_type, action, details, icon, metadata, "timestamp", lead_id, user_id) VALUES (358, 'proposal_sent', 'Proposal sent', 'Comprehensive travel management proposal sent to decision maker.', 'file-text', '{}', '2025-08-19 07:11:07.072938+00', 48, 7);
INSERT INTO public.api_leadhistory (id, history_type, action, details, icon, metadata, "timestamp", lead_id, user_id) VALUES (359, 'status_change', 'Status changed to Proposal Sent', 'Lead status updated from qualified to proposal_sent. Lead is now proposal sent.', 'file-text', '{}', '2025-08-19 07:11:07.308599+00', 48, 7);
INSERT INTO public.api_leadhistory (id, history_type, action, details, icon, metadata, "timestamp", lead_id, user_id) VALUES (360, 'note_added', 'Follow-up note added', 'Added follow-up notes regarding client requirements and next steps.', 'message-square', '{}', '2025-08-19 07:11:07.544343+00', 48, 7);
INSERT INTO public.api_leadhistory (id, history_type, action, details, icon, metadata, "timestamp", lead_id, user_id) VALUES (361, 'creation', 'Lead created', 'Lead created from cold_outreach source. Initial contact information collected for ConsultPro Services.', 'plus', '{}', '2025-08-19 07:11:08.720717+00', 49, 8);
INSERT INTO public.api_leadhistory (id, history_type, action, details, icon, metadata, "timestamp", lead_id, user_id) VALUES (362, 'assignment', 'Lead assigned', 'Lead assigned to John Smith for follow-up.', 'user', '{}', '2025-08-19 07:11:09.191285+00', 49, 8);
INSERT INTO public.api_leadhistory (id, history_type, action, details, icon, metadata, "timestamp", lead_id, user_id) VALUES (363, 'score_update', 'Lead score updated to 42', 'Lead score updated to 42 based on engagement metrics and profile analysis.', 'trending-up', '{}', '2025-08-19 07:11:09.427141+00', 49, 8);
INSERT INTO public.api_leadhistory (id, history_type, action, details, icon, metadata, "timestamp", lead_id, user_id) VALUES (364, 'contact_made', 'Initial contact made', 'Initial contact made with David. Outreach sent via email.', 'mail', '{}', '2025-08-19 07:11:09.897391+00', 49, 3);
INSERT INTO public.api_leadhistory (id, history_type, action, details, icon, metadata, "timestamp", lead_id, user_id) VALUES (365, 'qualification', 'Lead qualified', 'Lead qualified and moved to proposal stage.', 'check-circle', '{}', '2025-08-19 07:11:10.132887+00', 49, 3);
INSERT INTO public.api_leadhistory (id, history_type, action, details, icon, metadata, "timestamp", lead_id, user_id) VALUES (366, 'proposal_sent', 'Proposal sent', 'Comprehensive travel management proposal sent to decision maker.', 'file-text', '{}', '2025-08-19 07:11:10.368444+00', 49, 3);
INSERT INTO public.api_leadhistory (id, history_type, action, details, icon, metadata, "timestamp", lead_id, user_id) VALUES (367, 'lost', 'Lead lost', 'Lead chose competitor solution. Opportunity closed as lost.', 'x', '{}', '2025-08-19 07:11:10.603849+00', 49, 3);
INSERT INTO public.api_leadhistory (id, history_type, action, details, icon, metadata, "timestamp", lead_id, user_id) VALUES (368, 'status_change', 'Status changed to Lost', 'Lead status updated from proposal_sent to lost. Lead is now lost.', 'x', '{}', '2025-08-19 07:11:10.839688+00', 49, 3);
INSERT INTO public.api_leadhistory (id, history_type, action, details, icon, metadata, "timestamp", lead_id, user_id) VALUES (369, 'creation', 'Lead created', 'Lead created from marketing source. Initial contact information collected for Manufacturing Plus.', 'plus', '{}', '2025-08-19 07:11:12.0125+00', 50, 8);
INSERT INTO public.api_leadhistory (id, history_type, action, details, icon, metadata, "timestamp", lead_id, user_id) VALUES (370, 'assignment', 'Lead assigned', 'Lead assigned to David Wilson for follow-up.', 'user', '{}', '2025-08-19 07:11:12.482686+00', 50, 8);
INSERT INTO public.api_leadhistory (id, history_type, action, details, icon, metadata, "timestamp", lead_id, user_id) VALUES (371, 'score_update', 'Lead score updated to 57', 'Lead score updated to 57 based on engagement metrics and profile analysis.', 'trending-up', '{}', '2025-08-19 07:11:12.718268+00', 50, 8);
INSERT INTO public.api_leadhistory (id, history_type, action, details, icon, metadata, "timestamp", lead_id, user_id) VALUES (372, 'contact_made', 'Initial contact made', 'Initial contact made with Michael. Outreach sent via email.', 'mail', '{}', '2025-08-19 07:11:13.188601+00', 50, 7);
INSERT INTO public.api_leadhistory (id, history_type, action, details, icon, metadata, "timestamp", lead_id, user_id) VALUES (373, 'disqualification', 'Lead disqualified', 'Lead disqualified due to budget constraints or timeline mismatch. Moved to nurture campaign.', 'x-circle', '{}', '2025-08-19 07:11:13.424182+00', 50, 7);
INSERT INTO public.api_leadhistory (id, history_type, action, details, icon, metadata, "timestamp", lead_id, user_id) VALUES (374, 'status_change', 'Status changed to Unqualified', 'Lead status updated from contacted to unqualified. Lead is now unqualified.', 'x-circle', '{}', '2025-08-19 07:11:13.659749+00', 50, 7);
INSERT INTO public.api_leadhistory (id, history_type, action, details, icon, metadata, "timestamp", lead_id, user_id) VALUES (375, 'creation', 'Lead created', 'Lead created from referral source. Initial contact information collected for ConsultPro Services.', 'plus', '{}', '2025-08-19 07:11:14.832572+00', 51, 8);
INSERT INTO public.api_leadhistory (id, history_type, action, details, icon, metadata, "timestamp", lead_id, user_id) VALUES (376, 'assignment', 'Lead assigned', 'Lead assigned to David Wilson for follow-up.', 'user', '{}', '2025-08-19 07:11:15.304638+00', 51, 8);
INSERT INTO public.api_leadhistory (id, history_type, action, details, icon, metadata, "timestamp", lead_id, user_id) VALUES (377, 'score_update', 'Lead score updated to 100', 'Lead score updated to 100 based on engagement metrics and profile analysis.', 'trending-up', '{}', '2025-08-19 07:11:15.541518+00', 51, 8);
INSERT INTO public.api_leadhistory (id, history_type, action, details, icon, metadata, "timestamp", lead_id, user_id) VALUES (378, 'contact_made', 'Initial contact made', 'Initial contact made with Sarah. Outreach sent via email.', 'mail', '{}', '2025-08-19 07:11:16.012214+00', 51, 7);
INSERT INTO public.api_leadhistory (id, history_type, action, details, icon, metadata, "timestamp", lead_id, user_id) VALUES (379, 'disqualification', 'Lead disqualified', 'Lead disqualified due to budget constraints or timeline mismatch. Moved to nurture campaign.', 'x-circle', '{}', '2025-08-19 07:11:16.247634+00', 51, 7);
INSERT INTO public.api_leadhistory (id, history_type, action, details, icon, metadata, "timestamp", lead_id, user_id) VALUES (380, 'status_change', 'Status changed to Unqualified', 'Lead status updated from contacted to unqualified. Lead is now unqualified.', 'x-circle', '{}', '2025-08-19 07:11:16.483167+00', 51, 7);
INSERT INTO public.api_leadhistory (id, history_type, action, details, icon, metadata, "timestamp", lead_id, user_id) VALUES (381, 'creation', 'Lead created', 'Lead created from cold_outreach source. Initial contact information collected for TechCorp Solutions.', 'plus', '{}', '2025-08-19 07:11:17.656178+00', 52, 8);
INSERT INTO public.api_leadhistory (id, history_type, action, details, icon, metadata, "timestamp", lead_id, user_id) VALUES (382, 'assignment', 'Lead assigned', 'Lead assigned to Jane Johnson for follow-up.', 'user', '{}', '2025-08-19 07:11:18.12666+00', 52, 8);
INSERT INTO public.api_leadhistory (id, history_type, action, details, icon, metadata, "timestamp", lead_id, user_id) VALUES (383, 'score_update', 'Lead score updated to 41', 'Lead score updated to 41 based on engagement metrics and profile analysis.', 'trending-up', '{}', '2025-08-19 07:11:18.362361+00', 52, 8);
INSERT INTO public.api_leadhistory (id, history_type, action, details, icon, metadata, "timestamp", lead_id, user_id) VALUES (384, 'contact_made', 'Initial contact made', 'Initial contact made with David. Outreach sent via email.', 'mail', '{}', '2025-08-19 07:11:18.832622+00', 52, 4);
INSERT INTO public.api_leadhistory (id, history_type, action, details, icon, metadata, "timestamp", lead_id, user_id) VALUES (385, 'status_change', 'Status changed to Contacted', 'Lead status updated from new to contacted. Lead is now contacted.', 'mail', '{}', '2025-08-19 07:11:19.068491+00', 52, 4);
INSERT INTO public.api_leadhistory (id, history_type, action, details, icon, metadata, "timestamp", lead_id, user_id) VALUES (386, 'creation', 'Lead created', 'Lead created from website source. Initial contact information collected for HealthTech Innovations.', 'plus', '{}', '2025-08-19 07:11:20.241268+00', 53, 8);
INSERT INTO public.api_leadhistory (id, history_type, action, details, icon, metadata, "timestamp", lead_id, user_id) VALUES (387, 'assignment', 'Lead assigned', 'Lead assigned to Mike Brown for follow-up.', 'user', '{}', '2025-08-19 07:11:20.711426+00', 53, 8);
INSERT INTO public.api_leadhistory (id, history_type, action, details, icon, metadata, "timestamp", lead_id, user_id) VALUES (388, 'score_update', 'Lead score updated to 70', 'Lead score updated to 70 based on engagement metrics and profile analysis.', 'trending-up', '{}', '2025-08-19 07:11:20.947096+00', 53, 8);
INSERT INTO public.api_leadhistory (id, history_type, action, details, icon, metadata, "timestamp", lead_id, user_id) VALUES (389, 'contact_made', 'Initial contact made', 'Initial contact made with Michael. Outreach sent via email.', 'mail', '{}', '2025-08-19 07:11:21.417767+00', 53, 5);
INSERT INTO public.api_leadhistory (id, history_type, action, details, icon, metadata, "timestamp", lead_id, user_id) VALUES (390, 'call_made', 'Discovery call completed', 'Scheduled and completed 30-minute discovery call. Discussed travel requirements and current pain points.', 'phone', '{}', '2025-08-19 07:11:21.653256+00', 53, 5);
INSERT INTO public.api_leadhistory (id, history_type, action, details, icon, metadata, "timestamp", lead_id, user_id) VALUES (391, 'qualification', 'Lead qualified', 'Lead qualified based on budget (447617.00), authority, and timeline. Ready for proposal stage.', 'check-circle', '{}', '2025-08-19 07:11:21.888734+00', 53, 5);
INSERT INTO public.api_leadhistory (id, history_type, action, details, icon, metadata, "timestamp", lead_id, user_id) VALUES (392, 'status_change', 'Status changed to Qualified', 'Lead status updated from contacted to qualified. Lead is now qualified.', 'check-circle', '{}', '2025-08-19 07:11:22.124477+00', 53, 5);
INSERT INTO public.api_leadhistory (id, history_type, action, details, icon, metadata, "timestamp", lead_id, user_id) VALUES (393, 'note_added', 'Follow-up note added', 'Added follow-up notes regarding client requirements and next steps.', 'message-square', '{}', '2025-08-19 07:11:22.360413+00', 53, 5);
INSERT INTO public.api_leadhistory (id, history_type, action, details, icon, metadata, "timestamp", lead_id, user_id) VALUES (394, 'creation', 'Lead created', 'Lead created from marketing source. Initial contact information collected for HealthTech Innovations.', 'plus', '{}', '2025-08-19 07:11:23.534431+00', 54, 8);
INSERT INTO public.api_leadhistory (id, history_type, action, details, icon, metadata, "timestamp", lead_id, user_id) VALUES (395, 'assignment', 'Lead assigned', 'Lead assigned to John Smith for follow-up.', 'user', '{}', '2025-08-19 07:11:24.004809+00', 54, 8);
INSERT INTO public.api_leadhistory (id, history_type, action, details, icon, metadata, "timestamp", lead_id, user_id) VALUES (396, 'score_update', 'Lead score updated to 67', 'Lead score updated to 67 based on engagement metrics and profile analysis.', 'trending-up', '{}', '2025-08-19 07:11:24.240615+00', 54, 8);
INSERT INTO public.api_leadhistory (id, history_type, action, details, icon, metadata, "timestamp", lead_id, user_id) VALUES (397, 'contact_made', 'Initial contact made', 'Initial contact made with James. Outreach sent via email.', 'mail', '{}', '2025-08-19 07:11:24.711232+00', 54, 3);
INSERT INTO public.api_leadhistory (id, history_type, action, details, icon, metadata, "timestamp", lead_id, user_id) VALUES (398, 'qualification', 'Lead qualified', 'Lead qualified and moved to proposal stage.', 'check-circle', '{}', '2025-08-19 07:11:24.946799+00', 54, 3);
INSERT INTO public.api_leadhistory (id, history_type, action, details, icon, metadata, "timestamp", lead_id, user_id) VALUES (399, 'proposal_sent', 'Proposal sent', 'Comprehensive travel management proposal sent to decision maker.', 'file-text', '{}', '2025-08-19 07:11:25.182349+00', 54, 3);
INSERT INTO public.api_leadhistory (id, history_type, action, details, icon, metadata, "timestamp", lead_id, user_id) VALUES (400, 'negotiation_started', 'Negotiation completed', 'Successfully negotiated terms and pricing.', 'handshake', '{}', '2025-08-19 07:11:25.418235+00', 54, 3);
INSERT INTO public.api_leadhistory (id, history_type, action, details, icon, metadata, "timestamp", lead_id, user_id) VALUES (401, 'won', 'Lead won!', 'Successfully closed deal! Contract signed for $475579.00.', 'trophy', '{}', '2025-08-19 07:11:25.653978+00', 54, 3);
INSERT INTO public.api_leadhistory (id, history_type, action, details, icon, metadata, "timestamp", lead_id, user_id) VALUES (402, 'status_change', 'Status changed to Won', 'Lead status updated from negotiation to won. Lead is now won.', 'trophy', '{}', '2025-08-19 07:11:25.889889+00', 54, 3);
INSERT INTO public.api_leadhistory (id, history_type, action, details, icon, metadata, "timestamp", lead_id, user_id) VALUES (403, 'note_added', 'Follow-up note added', 'Added follow-up notes regarding client requirements and next steps.', 'message-square', '{}', '2025-08-19 07:11:26.125574+00', 54, 3);
INSERT INTO public.api_leadhistory (id, history_type, action, details, icon, metadata, "timestamp", lead_id, user_id) VALUES (404, 'creation', 'Lead created', 'Lead created from corporate_search source. Initial contact information collected for ConsultPro Services.', 'plus', '{}', '2025-08-19 07:11:27.298791+00', 55, 8);
INSERT INTO public.api_leadhistory (id, history_type, action, details, icon, metadata, "timestamp", lead_id, user_id) VALUES (405, 'assignment', 'Lead assigned', 'Lead assigned to Jane Johnson for follow-up.', 'user', '{}', '2025-08-19 07:11:27.769332+00', 55, 8);
INSERT INTO public.api_leadhistory (id, history_type, action, details, icon, metadata, "timestamp", lead_id, user_id) VALUES (406, 'score_update', 'Lead score updated to 30', 'Lead score updated to 30 based on engagement metrics and profile analysis.', 'trending-up', '{}', '2025-08-19 07:11:28.004695+00', 55, 8);
INSERT INTO public.api_leadhistory (id, history_type, action, details, icon, metadata, "timestamp", lead_id, user_id) VALUES (407, 'contact_made', 'Initial contact made', 'Initial contact made with Jennifer. Outreach sent via email.', 'mail', '{}', '2025-08-19 07:11:28.475538+00', 55, 4);
INSERT INTO public.api_leadhistory (id, history_type, action, details, icon, metadata, "timestamp", lead_id, user_id) VALUES (408, 'status_change', 'Status changed to Contacted', 'Lead status updated from new to contacted. Lead is now contacted.', 'mail', '{}', '2025-08-19 07:11:28.711043+00', 55, 4);
INSERT INTO public.api_leadhistory (id, history_type, action, details, icon, metadata, "timestamp", lead_id, user_id) VALUES (409, 'creation', 'Lead created', 'Lead created from referral source. Initial contact information collected for Retail Dynamics.', 'plus', '{}', '2025-08-19 07:11:29.891715+00', 56, 8);
INSERT INTO public.api_leadhistory (id, history_type, action, details, icon, metadata, "timestamp", lead_id, user_id) VALUES (410, 'assignment', 'Lead assigned', 'Lead assigned to Jane Johnson for follow-up.', 'user', '{}', '2025-08-19 07:11:30.364823+00', 56, 8);
INSERT INTO public.api_leadhistory (id, history_type, action, details, icon, metadata, "timestamp", lead_id, user_id) VALUES (411, 'score_update', 'Lead score updated to 46', 'Lead score updated to 46 based on engagement metrics and profile analysis.', 'trending-up', '{}', '2025-08-19 07:11:30.600453+00', 56, 8);
INSERT INTO public.api_leadhistory (id, history_type, action, details, icon, metadata, "timestamp", lead_id, user_id) VALUES (412, 'creation', 'Lead created', 'Lead created from referral source. Initial contact information collected for Global Finance Ltd.', 'plus', '{}', '2025-08-19 07:11:31.773779+00', 57, 8);
INSERT INTO public.api_leadhistory (id, history_type, action, details, icon, metadata, "timestamp", lead_id, user_id) VALUES (413, 'assignment', 'Lead assigned', 'Lead assigned to John Smith for follow-up.', 'user', '{}', '2025-08-19 07:11:32.243999+00', 57, 8);
INSERT INTO public.api_leadhistory (id, history_type, action, details, icon, metadata, "timestamp", lead_id, user_id) VALUES (414, 'score_update', 'Lead score updated to 48', 'Lead score updated to 48 based on engagement metrics and profile analysis.', 'trending-up', '{}', '2025-08-19 07:11:32.480087+00', 57, 8);
INSERT INTO public.api_leadhistory (id, history_type, action, details, icon, metadata, "timestamp", lead_id, user_id) VALUES (415, 'contact_made', 'Initial contact made', 'Initial contact made with Sarah. Outreach sent via email.', 'mail', '{}', '2025-08-19 07:11:32.951284+00', 57, 3);
INSERT INTO public.api_leadhistory (id, history_type, action, details, icon, metadata, "timestamp", lead_id, user_id) VALUES (416, 'qualification', 'Lead qualified', 'Lead qualified and moved to proposal stage.', 'check-circle', '{}', '2025-08-19 07:11:33.186938+00', 57, 3);
INSERT INTO public.api_leadhistory (id, history_type, action, details, icon, metadata, "timestamp", lead_id, user_id) VALUES (417, 'proposal_sent', 'Proposal sent', 'Comprehensive travel management proposal sent to decision maker.', 'file-text', '{}', '2025-08-19 07:11:33.422577+00', 57, 3);
INSERT INTO public.api_leadhistory (id, history_type, action, details, icon, metadata, "timestamp", lead_id, user_id) VALUES (418, 'negotiation_started', 'Negotiation completed', 'Successfully negotiated terms and pricing.', 'handshake', '{}', '2025-08-19 07:11:33.657942+00', 57, 3);
INSERT INTO public.api_leadhistory (id, history_type, action, details, icon, metadata, "timestamp", lead_id, user_id) VALUES (419, 'won', 'Lead won!', 'Successfully closed deal! Contract signed for $172788.00.', 'trophy', '{}', '2025-08-19 07:11:33.893682+00', 57, 3);
INSERT INTO public.api_leadhistory (id, history_type, action, details, icon, metadata, "timestamp", lead_id, user_id) VALUES (420, 'status_change', 'Status changed to Won', 'Lead status updated from negotiation to won. Lead is now won.', 'trophy', '{}', '2025-08-19 07:11:34.129895+00', 57, 3);
INSERT INTO public.api_leadhistory (id, history_type, action, details, icon, metadata, "timestamp", lead_id, user_id) VALUES (421, 'note_added', 'Follow-up note added', 'Added follow-up notes regarding client requirements and next steps.', 'message-square', '{}', '2025-08-19 07:11:34.365411+00', 57, 3);
INSERT INTO public.api_leadhistory (id, history_type, action, details, icon, metadata, "timestamp", lead_id, user_id) VALUES (422, 'creation', 'Lead created', 'Lead created from website source. Initial contact information collected for TechCorp Solutions.', 'plus', '{}', '2025-08-19 07:11:35.538589+00', 58, 8);
INSERT INTO public.api_leadhistory (id, history_type, action, details, icon, metadata, "timestamp", lead_id, user_id) VALUES (423, 'assignment', 'Lead assigned', 'Lead assigned to Sarah Davis for follow-up.', 'user', '{}', '2025-08-19 07:11:36.009235+00', 58, 8);
INSERT INTO public.api_leadhistory (id, history_type, action, details, icon, metadata, "timestamp", lead_id, user_id) VALUES (424, 'score_update', 'Lead score updated to 56', 'Lead score updated to 56 based on engagement metrics and profile analysis.', 'trending-up', '{}', '2025-08-19 07:11:36.245048+00', 58, 8);
INSERT INTO public.api_leadhistory (id, history_type, action, details, icon, metadata, "timestamp", lead_id, user_id) VALUES (425, 'contact_made', 'Initial contact made', 'Initial contact made with Amanda. Outreach sent via email.', 'mail', '{}', '2025-08-19 07:11:36.715493+00', 58, 6);
INSERT INTO public.api_leadhistory (id, history_type, action, details, icon, metadata, "timestamp", lead_id, user_id) VALUES (426, 'disqualification', 'Lead disqualified', 'Lead disqualified due to budget constraints or timeline mismatch. Moved to nurture campaign.', 'x-circle', '{}', '2025-08-19 07:11:36.950916+00', 58, 6);
INSERT INTO public.api_leadhistory (id, history_type, action, details, icon, metadata, "timestamp", lead_id, user_id) VALUES (427, 'status_change', 'Status changed to Unqualified', 'Lead status updated from contacted to unqualified. Lead is now unqualified.', 'x-circle', '{}', '2025-08-19 07:11:37.186533+00', 58, 6);
INSERT INTO public.api_leadhistory (id, history_type, action, details, icon, metadata, "timestamp", lead_id, user_id) VALUES (428, 'creation', 'Lead created', 'Lead created from referral source. Initial contact information collected for HealthTech Innovations.', 'plus', '{}', '2025-08-19 07:11:38.359843+00', 59, 8);
INSERT INTO public.api_leadhistory (id, history_type, action, details, icon, metadata, "timestamp", lead_id, user_id) VALUES (429, 'assignment', 'Lead assigned', 'Lead assigned to Mike Brown for follow-up.', 'user', '{}', '2025-08-19 07:11:38.830207+00', 59, 8);
INSERT INTO public.api_leadhistory (id, history_type, action, details, icon, metadata, "timestamp", lead_id, user_id) VALUES (430, 'score_update', 'Lead score updated to 27', 'Lead score updated to 27 based on engagement metrics and profile analysis.', 'trending-up', '{}', '2025-08-19 07:11:39.065622+00', 59, 8);
INSERT INTO public.api_leadhistory (id, history_type, action, details, icon, metadata, "timestamp", lead_id, user_id) VALUES (431, 'contact_made', 'Initial contact made', 'Initial contact made with Lisa. Outreach sent via email.', 'mail', '{}', '2025-08-19 07:11:39.535818+00', 59, 5);
INSERT INTO public.api_leadhistory (id, history_type, action, details, icon, metadata, "timestamp", lead_id, user_id) VALUES (432, 'call_made', 'Discovery call completed', 'Scheduled and completed 30-minute discovery call. Discussed travel requirements and current pain points.', 'phone', '{}', '2025-08-19 07:11:39.771435+00', 59, 5);
INSERT INTO public.api_leadhistory (id, history_type, action, details, icon, metadata, "timestamp", lead_id, user_id) VALUES (433, 'qualification', 'Lead qualified', 'Lead qualified based on budget (59583.00), authority, and timeline. Ready for proposal stage.', 'check-circle', '{}', '2025-08-19 07:11:40.007034+00', 59, 5);
INSERT INTO public.api_leadhistory (id, history_type, action, details, icon, metadata, "timestamp", lead_id, user_id) VALUES (434, 'status_change', 'Status changed to Qualified', 'Lead status updated from contacted to qualified. Lead is now qualified.', 'check-circle', '{}', '2025-08-19 07:11:40.24278+00', 59, 5);
INSERT INTO public.api_leadhistory (id, history_type, action, details, icon, metadata, "timestamp", lead_id, user_id) VALUES (435, 'note_added', 'Follow-up note added', 'Added follow-up notes regarding client requirements and next steps.', 'message-square', '{}', '2025-08-19 07:11:40.478416+00', 59, 5);
INSERT INTO public.api_leadhistory (id, history_type, action, details, icon, metadata, "timestamp", lead_id, user_id) VALUES (436, 'creation', 'Lead created', 'Lead created from corporate_search source. Initial contact information collected for Manufacturing Plus.', 'plus', '{}', '2025-08-19 07:11:41.651879+00', 60, 8);
INSERT INTO public.api_leadhistory (id, history_type, action, details, icon, metadata, "timestamp", lead_id, user_id) VALUES (437, 'assignment', 'Lead assigned', 'Lead assigned to Sarah Davis for follow-up.', 'user', '{}', '2025-08-19 07:11:42.122375+00', 60, 8);
INSERT INTO public.api_leadhistory (id, history_type, action, details, icon, metadata, "timestamp", lead_id, user_id) VALUES (438, 'score_update', 'Lead score updated to 67', 'Lead score updated to 67 based on engagement metrics and profile analysis.', 'trending-up', '{}', '2025-08-19 07:11:42.357823+00', 60, 8);
INSERT INTO public.api_leadhistory (id, history_type, action, details, icon, metadata, "timestamp", lead_id, user_id) VALUES (439, 'contact_made', 'Initial contact made', 'Initial contact made with Jennifer. Outreach sent via email.', 'mail', '{}', '2025-08-19 07:11:42.831817+00', 60, 6);
INSERT INTO public.api_leadhistory (id, history_type, action, details, icon, metadata, "timestamp", lead_id, user_id) VALUES (440, 'status_change', 'Status changed to Contacted', 'Lead status updated from new to contacted. Lead is now contacted.', 'mail', '{}', '2025-08-19 07:11:43.067404+00', 60, 6);
INSERT INTO public.api_leadhistory (id, history_type, action, details, icon, metadata, "timestamp", lead_id, user_id) VALUES (441, 'creation', 'Lead created', 'Lead created from corporate_search source. Initial contact information collected for Infiniti software.', 'plus', '{}', '2025-08-19 07:11:44.240541+00', 68, 8);
INSERT INTO public.api_leadhistory (id, history_type, action, details, icon, metadata, "timestamp", lead_id, user_id) VALUES (442, 'score_update', 'Lead score updated to 91', 'Lead score updated to 91 based on engagement metrics and profile analysis.', 'trending-up', '{}', '2025-08-19 07:11:44.476226+00', 68, 8);
INSERT INTO public.api_leadhistory (id, history_type, action, details, icon, metadata, "timestamp", lead_id, user_id) VALUES (443, 'creation', 'Lead created', 'Lead created from corporate_search source. Initial contact information collected for TechCorp Solutions.', 'plus', '{}', '2025-08-19 07:11:45.657953+00', 66, 8);
INSERT INTO public.api_leadhistory (id, history_type, action, details, icon, metadata, "timestamp", lead_id, user_id) VALUES (444, 'score_update', 'Lead score updated to 94', 'Lead score updated to 94 based on engagement metrics and profile analysis.', 'trending-up', '{}', '2025-08-19 07:11:45.893823+00', 66, 8);
INSERT INTO public.api_leadhistory (id, history_type, action, details, icon, metadata, "timestamp", lead_id, user_id) VALUES (445, 'contact_made', 'Initial contact made', 'Initial contact made with Contact. Outreach sent via email.', 'mail', '{}', '2025-08-19 07:11:46.364689+00', 66, 8);
INSERT INTO public.api_leadhistory (id, history_type, action, details, icon, metadata, "timestamp", lead_id, user_id) VALUES (446, 'call_made', 'Discovery call completed', 'Scheduled and completed 30-minute discovery call. Discussed travel requirements and current pain points.', 'phone', '{}', '2025-08-19 07:11:46.600193+00', 66, 8);
INSERT INTO public.api_leadhistory (id, history_type, action, details, icon, metadata, "timestamp", lead_id, user_id) VALUES (447, 'qualification', 'Lead qualified', 'Lead qualified based on budget (2484189.00), authority, and timeline. Ready for proposal stage.', 'check-circle', '{}', '2025-08-19 07:11:46.836154+00', 66, 8);
INSERT INTO public.api_leadhistory (id, history_type, action, details, icon, metadata, "timestamp", lead_id, user_id) VALUES (448, 'status_change', 'Status changed to Qualified', 'Lead status updated from contacted to qualified. Lead is now qualified.', 'check-circle', '{}', '2025-08-19 07:11:47.071467+00', 66, 8);
INSERT INTO public.api_leadhistory (id, history_type, action, details, icon, metadata, "timestamp", lead_id, user_id) VALUES (449, 'note_added', 'Follow-up note added', 'Added follow-up notes regarding client requirements and next steps.', 'message-square', '{}', '2025-08-19 07:11:47.30681+00', 66, 8);
INSERT INTO public.api_leadhistory (id, history_type, action, details, icon, metadata, "timestamp", lead_id, user_id) VALUES (450, 'creation', 'Lead created', 'Lead created from corporate_search source. Initial contact information collected for EcoEnergy Solutions.', 'plus', '{}', '2025-08-19 07:11:48.480229+00', 69, 8);
INSERT INTO public.api_leadhistory (id, history_type, action, details, icon, metadata, "timestamp", lead_id, user_id) VALUES (451, 'score_update', 'Lead score updated to 93', 'Lead score updated to 93 based on engagement metrics and profile analysis.', 'trending-up', '{}', '2025-08-19 07:11:48.715943+00', 69, 8);
INSERT INTO public.api_leadhistory (id, history_type, action, details, icon, metadata, "timestamp", lead_id, user_id) VALUES (452, 'creation', 'Lead created', 'Lead created from Cold Call source. Initial contact information collected for Infiniti software.', 'plus', '{}', '2025-08-19 07:11:49.890013+00', 67, 8);
INSERT INTO public.api_leadhistory (id, history_type, action, details, icon, metadata, "timestamp", lead_id, user_id) VALUES (453, 'score_update', 'Lead score updated to 50', 'Lead score updated to 50 based on engagement metrics and profile analysis.', 'trending-up', '{}', '2025-08-19 07:11:50.125822+00', 67, 8);
INSERT INTO public.api_leadhistory (id, history_type, action, details, icon, metadata, "timestamp", lead_id, user_id) VALUES (454, 'contact_made', 'Initial contact made', 'Initial contact made with nagendran. Outreach sent via email.', 'mail', '{}', '2025-08-19 07:11:50.596431+00', 67, 8);
INSERT INTO public.api_leadhistory (id, history_type, action, details, icon, metadata, "timestamp", lead_id, user_id) VALUES (455, 'call_made', 'Discovery call completed', 'Scheduled and completed 30-minute discovery call. Discussed travel requirements and current pain points.', 'phone', '{}', '2025-08-19 07:11:50.831936+00', 67, 8);
INSERT INTO public.api_leadhistory (id, history_type, action, details, icon, metadata, "timestamp", lead_id, user_id) VALUES (456, 'qualification', 'Lead qualified', 'Lead qualified based on budget (1000.00), authority, and timeline. Ready for proposal stage.', 'check-circle', '{}', '2025-08-19 07:11:51.067498+00', 67, 8);
INSERT INTO public.api_leadhistory (id, history_type, action, details, icon, metadata, "timestamp", lead_id, user_id) VALUES (457, 'status_change', 'Status changed to Qualified', 'Lead status updated from contacted to qualified. Lead is now qualified.', 'check-circle', '{}', '2025-08-19 07:11:51.303222+00', 67, 8);
INSERT INTO public.api_leadhistory (id, history_type, action, details, icon, metadata, "timestamp", lead_id, user_id) VALUES (458, 'note_added', 'Follow-up note added', 'Added follow-up notes regarding client requirements and next steps.', 'message-square', '{}', '2025-08-19 07:11:51.538671+00', 67, 8);
INSERT INTO public.api_leadhistory (id, history_type, action, details, icon, metadata, "timestamp", lead_id, user_id) VALUES (459, 'creation', 'Lead created', 'Lead created from corporate_search source. Initial contact information collected for TechCorp Solutions.', 'plus', '{}', '2025-08-19 07:11:52.711545+00', 65, 8);
INSERT INTO public.api_leadhistory (id, history_type, action, details, icon, metadata, "timestamp", lead_id, user_id) VALUES (460, 'score_update', 'Lead score updated to 85', 'Lead score updated to 85 based on engagement metrics and profile analysis.', 'trending-up', '{}', '2025-08-19 07:11:52.946968+00', 65, 8);
INSERT INTO public.api_leadhistory (id, history_type, action, details, icon, metadata, "timestamp", lead_id, user_id) VALUES (461, 'contact_made', 'Initial contact made', 'Initial contact made with Contact. Outreach sent via email.', 'mail', '{}', '2025-08-19 07:11:53.417369+00', 65, 8);
INSERT INTO public.api_leadhistory (id, history_type, action, details, icon, metadata, "timestamp", lead_id, user_id) VALUES (462, 'call_made', 'Discovery call completed', 'Scheduled and completed 30-minute discovery call. Discussed travel requirements and current pain points.', 'phone', '{}', '2025-08-19 07:11:53.6529+00', 65, 8);
INSERT INTO public.api_leadhistory (id, history_type, action, details, icon, metadata, "timestamp", lead_id, user_id) VALUES (463, 'qualification', 'Lead qualified', 'Lead qualified based on budget (3461043.00), authority, and timeline. Ready for proposal stage.', 'check-circle', '{}', '2025-08-19 07:11:53.888572+00', 65, 8);
INSERT INTO public.api_leadhistory (id, history_type, action, details, icon, metadata, "timestamp", lead_id, user_id) VALUES (464, 'status_change', 'Status changed to Qualified', 'Lead status updated from contacted to qualified. Lead is now qualified.', 'check-circle', '{}', '2025-08-19 07:11:54.12528+00', 65, 8);
INSERT INTO public.api_leadhistory (id, history_type, action, details, icon, metadata, "timestamp", lead_id, user_id) VALUES (465, 'note_added', 'Follow-up note added', 'Added follow-up notes regarding client requirements and next steps.', 'message-square', '{}', '2025-08-19 07:11:54.360916+00', 65, 8);
INSERT INTO public.api_leadhistory (id, history_type, action, details, icon, metadata, "timestamp", lead_id, user_id) VALUES (466, 'creation', 'Lead created', 'Lead created from corporate_search source. Initial contact information collected for TechCorp Solutions.', 'plus', '{}', '2025-08-19 07:11:55.534284+00', 63, 8);
INSERT INTO public.api_leadhistory (id, history_type, action, details, icon, metadata, "timestamp", lead_id, user_id) VALUES (467, 'score_update', 'Lead score updated to 91', 'Lead score updated to 91 based on engagement metrics and profile analysis.', 'trending-up', '{}', '2025-08-19 07:11:55.769788+00', 63, 8);
INSERT INTO public.api_leadhistory (id, history_type, action, details, icon, metadata, "timestamp", lead_id, user_id) VALUES (468, 'contact_made', 'Initial contact made', 'Initial contact made with Contact. Outreach sent via email.', 'mail', '{}', '2025-08-19 07:11:56.240716+00', 63, 8);
INSERT INTO public.api_leadhistory (id, history_type, action, details, icon, metadata, "timestamp", lead_id, user_id) VALUES (469, 'disqualification', 'Lead disqualified', 'Lead disqualified due to budget constraints or timeline mismatch. Moved to nurture campaign.', 'x-circle', '{}', '2025-08-19 07:11:56.476456+00', 63, 8);
INSERT INTO public.api_leadhistory (id, history_type, action, details, icon, metadata, "timestamp", lead_id, user_id) VALUES (470, 'status_change', 'Status changed to Unqualified', 'Lead status updated from contacted to unqualified. Lead is now unqualified.', 'x-circle', '{}', '2025-08-19 07:11:56.711868+00', 63, 8);
INSERT INTO public.api_leadhistory (id, history_type, action, details, icon, metadata, "timestamp", lead_id, user_id) VALUES (471, 'creation', 'Lead created', 'Lead created from corporate_search source. Initial contact information collected for TechCorp Solutions.', 'plus', '{}', '2025-08-19 07:11:57.885509+00', 64, 8);
INSERT INTO public.api_leadhistory (id, history_type, action, details, icon, metadata, "timestamp", lead_id, user_id) VALUES (472, 'score_update', 'Lead score updated to 91', 'Lead score updated to 91 based on engagement metrics and profile analysis.', 'trending-up', '{}', '2025-08-19 07:11:58.121301+00', 64, 8);
INSERT INTO public.api_leadhistory (id, history_type, action, details, icon, metadata, "timestamp", lead_id, user_id) VALUES (473, 'contact_made', 'Initial contact made', 'Initial contact made with Contact. Outreach sent via email.', 'mail', '{}', '2025-08-19 07:11:58.591857+00', 64, 8);
INSERT INTO public.api_leadhistory (id, history_type, action, details, icon, metadata, "timestamp", lead_id, user_id) VALUES (474, 'call_made', 'Discovery call completed', 'Scheduled and completed 30-minute discovery call. Discussed travel requirements and current pain points.', 'phone', '{}', '2025-08-19 07:11:58.827417+00', 64, 8);
INSERT INTO public.api_leadhistory (id, history_type, action, details, icon, metadata, "timestamp", lead_id, user_id) VALUES (475, 'qualification', 'Lead qualified', 'Lead qualified based on budget (721224.00), authority, and timeline. Ready for proposal stage.', 'check-circle', '{}', '2025-08-19 07:11:59.062992+00', 64, 8);
INSERT INTO public.api_leadhistory (id, history_type, action, details, icon, metadata, "timestamp", lead_id, user_id) VALUES (476, 'status_change', 'Status changed to Qualified', 'Lead status updated from contacted to qualified. Lead is now qualified.', 'check-circle', '{}', '2025-08-19 07:11:59.298612+00', 64, 8);
INSERT INTO public.api_leadhistory (id, history_type, action, details, icon, metadata, "timestamp", lead_id, user_id) VALUES (477, 'note_added', 'Follow-up note added', 'Added follow-up notes regarding client requirements and next steps.', 'message-square', '{}', '2025-08-19 07:11:59.534138+00', 64, 8);
INSERT INTO public.api_leadhistory (id, history_type, action, details, icon, metadata, "timestamp", lead_id, user_id) VALUES (478, 'creation', 'Lead created', 'Lead created from corporate_search source. Initial contact information collected for nagendran.', 'plus', '{}', '2025-08-19 07:12:00.709312+00', 62, 8);
INSERT INTO public.api_leadhistory (id, history_type, action, details, icon, metadata, "timestamp", lead_id, user_id) VALUES (479, 'score_update', 'Lead score updated to 92', 'Lead score updated to 92 based on engagement metrics and profile analysis.', 'trending-up', '{}', '2025-08-19 07:12:00.944916+00', 62, 8);
INSERT INTO public.api_leadhistory (id, history_type, action, details, icon, metadata, "timestamp", lead_id, user_id) VALUES (480, 'contact_made', 'Initial contact made', 'Initial contact made with Contact. Outreach sent via email.', 'mail', '{}', '2025-08-19 07:12:01.41557+00', 62, 8);
INSERT INTO public.api_leadhistory (id, history_type, action, details, icon, metadata, "timestamp", lead_id, user_id) VALUES (481, 'qualification', 'Lead qualified', 'Lead qualified and moved to proposal stage.', 'check-circle', '{}', '2025-08-19 07:12:01.651433+00', 62, 8);
INSERT INTO public.api_leadhistory (id, history_type, action, details, icon, metadata, "timestamp", lead_id, user_id) VALUES (482, 'proposal_sent', 'Proposal sent', 'Comprehensive travel management proposal sent to decision maker.', 'file-text', '{}', '2025-08-19 07:12:01.886966+00', 62, 8);
INSERT INTO public.api_leadhistory (id, history_type, action, details, icon, metadata, "timestamp", lead_id, user_id) VALUES (483, 'negotiation_started', 'Negotiation completed', 'Successfully negotiated terms and pricing.', 'handshake', '{}', '2025-08-19 07:12:02.122536+00', 62, 8);
INSERT INTO public.api_leadhistory (id, history_type, action, details, icon, metadata, "timestamp", lead_id, user_id) VALUES (484, 'won', 'Lead won!', 'Successfully closed deal! Contract signed for $1436339.00.', 'trophy', '{}', '2025-08-19 07:12:02.358053+00', 62, 8);
INSERT INTO public.api_leadhistory (id, history_type, action, details, icon, metadata, "timestamp", lead_id, user_id) VALUES (485, 'status_change', 'Status changed to Won', 'Lead status updated from negotiation to won. Lead is now won.', 'trophy', '{}', '2025-08-19 07:12:02.593672+00', 62, 8);
INSERT INTO public.api_leadhistory (id, history_type, action, details, icon, metadata, "timestamp", lead_id, user_id) VALUES (486, 'note_added', 'Follow-up note added', 'Added follow-up notes regarding client requirements and next steps.', 'message-square', '{}', '2025-08-19 07:12:02.829458+00', 62, 8);
INSERT INTO public.api_leadhistory (id, history_type, action, details, icon, metadata, "timestamp", lead_id, user_id) VALUES (487, 'creation', 'Lead created', 'Lead created from Cold Call source. Initial contact information collected for muni.', 'plus', '{}', '2025-08-19 07:12:04.00252+00', 61, 8);
INSERT INTO public.api_leadhistory (id, history_type, action, details, icon, metadata, "timestamp", lead_id, user_id) VALUES (488, 'score_update', 'Lead score updated to 50', 'Lead score updated to 50 based on engagement metrics and profile analysis.', 'trending-up', '{}', '2025-08-19 07:12:04.238081+00', 61, 8);
INSERT INTO public.api_leadhistory (id, history_type, action, details, icon, metadata, "timestamp", lead_id, user_id) VALUES (489, 'contact_made', 'Initial contact made', 'Initial contact made with muni. Outreach sent via email.', 'mail', '{}', '2025-08-19 07:12:04.714365+00', 61, 8);
INSERT INTO public.api_leadhistory (id, history_type, action, details, icon, metadata, "timestamp", lead_id, user_id) VALUES (490, 'qualification', 'Lead qualified', 'Lead qualified and moved to proposal stage.', 'check-circle', '{}', '2025-08-19 07:12:04.949931+00', 61, 8);
INSERT INTO public.api_leadhistory (id, history_type, action, details, icon, metadata, "timestamp", lead_id, user_id) VALUES (491, 'proposal_sent', 'Proposal sent', 'Comprehensive travel management proposal sent to decision maker.', 'file-text', '{}', '2025-08-19 07:12:05.185429+00', 61, 8);
INSERT INTO public.api_leadhistory (id, history_type, action, details, icon, metadata, "timestamp", lead_id, user_id) VALUES (492, 'negotiation_started', 'Negotiation completed', 'Successfully negotiated terms and pricing.', 'handshake', '{}', '2025-08-19 07:12:05.420947+00', 61, 8);
INSERT INTO public.api_leadhistory (id, history_type, action, details, icon, metadata, "timestamp", lead_id, user_id) VALUES (493, 'won', 'Lead won!', 'Successfully closed deal! Contract signed for $55.00.', 'trophy', '{}', '2025-08-19 07:12:05.65658+00', 61, 8);
INSERT INTO public.api_leadhistory (id, history_type, action, details, icon, metadata, "timestamp", lead_id, user_id) VALUES (494, 'status_change', 'Status changed to Won', 'Lead status updated from negotiation to won. Lead is now won.', 'trophy', '{}', '2025-08-19 07:12:05.892032+00', 61, 8);
INSERT INTO public.api_leadhistory (id, history_type, action, details, icon, metadata, "timestamp", lead_id, user_id) VALUES (495, 'note_added', 'Follow-up note added', 'Added follow-up notes regarding client requirements and next steps.', 'message-square', '{}', '2025-08-19 07:12:06.127645+00', 61, 8);
INSERT INTO public.api_leadhistory (id, history_type, action, details, icon, metadata, "timestamp", lead_id, user_id) VALUES (496, 'agent_assignment', 'Agent assigned: John Doe', 'Lead assigned to John Doe with high priority. Assignment notes: demo', 'user', '{"priority": "High Priority", "agent_name": "John Doe", "previous_agent": null, "assignment_notes": "demo"}', '2025-08-19 10:22:33.962438+00', 69, NULL);
INSERT INTO public.api_leadhistory (id, history_type, action, details, icon, metadata, "timestamp", lead_id, user_id) VALUES (497, 'agent_reassignment', 'Agent reassigned from John Doe to John Doe', 'Lead reassigned from John Doe to John Doe with medium priority. Assignment notes: demo', 'user', '{"priority": "Medium Priority", "agent_name": "John Doe", "previous_agent": "John Doe", "assignment_notes": "demo"}', '2025-08-19 10:22:34.448963+00', 69, NULL);
INSERT INTO public.api_leadhistory (id, history_type, action, details, icon, metadata, "timestamp", lead_id, user_id) VALUES (498, 'agent_reassignment', 'Agent reassigned from John Doe to Jane Smith', 'Lead reassigned from John Doe to Jane Smith with high priority.', 'user', '{"priority": "High Priority", "agent_name": "Jane Smith", "previous_agent": "John Doe", "assignment_notes": ""}', '2025-08-19 10:22:34.920772+00', 69, NULL);
INSERT INTO public.api_leadhistory (id, history_type, action, details, icon, metadata, "timestamp", lead_id, user_id) VALUES (499, 'agent_reassignment', 'Agent reassigned from Jane Smith to Mike Johnson', 'Lead reassigned from Jane Smith to Mike Johnson with urgent. Assignment notes: new', 'user', '{"priority": "Urgent", "agent_name": "Mike Johnson", "previous_agent": "Jane Smith", "assignment_notes": "new"}', '2025-08-19 10:22:35.392837+00', 69, NULL);
INSERT INTO public.api_leadhistory (id, history_type, action, details, icon, metadata, "timestamp", lead_id, user_id) VALUES (500, 'agent_assignment', 'Agent assigned: John Doe', 'Lead assigned to John Doe with high priority. Assignment notes: test', 'user', '{"priority": "High Priority", "agent_name": "John Doe", "previous_agent": null, "assignment_notes": "test"}', '2025-08-19 10:22:36.339135+00', 68, NULL);
INSERT INTO public.api_leadhistory (id, history_type, action, details, icon, metadata, "timestamp", lead_id, user_id) VALUES (501, 'agent_reassignment', 'Agent reassigned from Mike Johnson to John Doe', 'Lead reassigned from Mike Johnson to John Doe with high priority. Assignment notes: nagu updates api', 'user', '{"priority": "High Priority", "agent_name": "John Doe", "previous_agent": "Mike Johnson", "assignment_notes": "nagu updates api"}', '2025-08-19 10:25:07.735196+00', 69, NULL);
INSERT INTO public.api_leadhistory (id, history_type, action, details, icon, metadata, "timestamp", lead_id, user_id) VALUES (502, 'agent_reassignment', 'Agent reassigned from John Doe to Sarah Wilson', 'Lead reassigned from John Doe to Sarah Wilson with medium priority. Assignment notes: updated version', 'user', '{"priority": "Medium Priority", "agent_name": "Sarah Wilson", "previous_agent": "John Doe", "assignment_notes": "updated version"}', '2025-08-19 10:37:00.179452+00', 69, NULL);
INSERT INTO public.api_leadhistory (id, history_type, action, details, icon, metadata, "timestamp", lead_id, user_id) VALUES (503, 'agent_reassignment', 'Agent reassigned from John Doe to Jane Smith', 'Lead reassigned from John Doe to Jane Smith with urgent. Assignment notes: nagu', 'user', '{"priority": "Urgent", "agent_name": "Jane Smith", "previous_agent": "John Doe", "assignment_notes": "nagu"}', '2025-08-19 14:25:49.645823+00', 68, NULL);
INSERT INTO public.api_leadhistory (id, history_type, action, details, icon, metadata, "timestamp", lead_id, user_id) VALUES (504, 'agent_reassignment', 'Agent reassigned from Sarah Wilson to Mike Johnson', 'Lead reassigned from Sarah Wilson to Mike Johnson with medium priority.', 'user', '{"priority": "Medium Priority", "agent_name": "Mike Johnson", "previous_agent": "Sarah Wilson", "assignment_notes": ""}', '2025-08-21 10:54:19.467934+00', 69, NULL);
INSERT INTO public.api_leadhistory (id, history_type, action, details, icon, metadata, "timestamp", lead_id, user_id) VALUES (505, 'creation', 'Lead created', 'Lead created from corporate_search source. Initial contact information collected for INIFNITI.', 'plus', '{}', '2025-08-22 06:42:38.092551+00', 70, NULL);
INSERT INTO public.api_leadhistory (id, history_type, action, details, icon, metadata, "timestamp", lead_id, user_id) VALUES (506, 'score_update', 'Lead score updated to 85', 'Lead score updated to 85 based on engagement metrics and profile analysis.', 'trending-up', '{}', '2025-08-22 06:42:38.575599+00', 70, NULL);


--
-- TOC entry 3653 (class 0 OID 90114)
-- Dependencies: 263
-- Data for Name: api_leadnote; Type: TABLE DATA; Schema: public; Owner: -
--

INSERT INTO public.api_leadnote (id, note, next_action, urgency, created_at, updated_at, created_by_id, lead_id) VALUES (1, 'testing note', 'Follow up test', 'High', '2025-08-14 06:33:50.34293+00', '2025-08-14 06:33:50.34295+00', NULL, 68);
INSERT INTO public.api_leadnote (id, note, next_action, urgency, created_at, updated_at, created_by_id, lead_id) VALUES (2, 'demo', 'Follow up test', 'high', '2025-08-19 07:19:21.428512+00', '2025-08-19 07:19:21.428529+00', NULL, 68);
INSERT INTO public.api_leadnote (id, note, next_action, urgency, created_at, updated_at, created_by_id, lead_id) VALUES (3, 'hii', 'Follow up', 'medium', '2025-08-19 09:07:23.74955+00', '2025-08-19 09:07:23.749563+00', NULL, 69);
INSERT INTO public.api_leadnote (id, note, next_action, urgency, created_at, updated_at, created_by_id, lead_id) VALUES (4, 'nagu', 'Follow up', 'medium', '2025-08-19 09:09:06.79834+00', '2025-08-19 09:09:06.798355+00', NULL, 69);
INSERT INTO public.api_leadnote (id, note, next_action, urgency, created_at, updated_at, created_by_id, lead_id) VALUES (5, 'hiii', 'Follow up', 'medium', '2025-08-19 14:24:36.81328+00', '2025-08-19 14:24:36.813294+00', NULL, 69);


--
-- TOC entry 3641 (class 0 OID 32835)
-- Dependencies: 251
-- Data for Name: api_opportunity; Type: TABLE DATA; Schema: public; Owner: -
--

INSERT INTO public.api_opportunity (id, name, stage, probability, estimated_close_date, actual_close_date, value, description, next_steps, created_at, updated_at, lead_id) VALUES (2, 'Travel Services Opportunity - HealthTech Innovations', 'negotiation', 47, '2025-12-05', NULL, 252496.00, 'Corporate travel services opportunity with HealthTech Innovations', 'Prepare detailed proposal and schedule presentation', '2025-08-06 07:44:46.314879+00', '2025-08-06 07:44:46.314893+00', 3);
INSERT INTO public.api_opportunity (id, name, stage, probability, estimated_close_date, actual_close_date, value, description, next_steps, created_at, updated_at, lead_id) VALUES (3, 'Travel Services Opportunity - Manufacturing Plus', 'closed_lost', 16, '2025-10-31', NULL, 863696.00, 'Corporate travel services opportunity with Manufacturing Plus', 'Prepare detailed proposal and schedule presentation', '2025-08-06 07:44:46.549573+00', '2025-08-06 07:44:46.549586+00', 4);
INSERT INTO public.api_opportunity (id, name, stage, probability, estimated_close_date, actual_close_date, value, description, next_steps, created_at, updated_at, lead_id) VALUES (4, 'Travel Services Opportunity - ConsultPro Services', 'closed_won', 14, '2025-12-09', NULL, 414085.00, 'Corporate travel services opportunity with ConsultPro Services', 'Prepare detailed proposal and schedule presentation', '2025-08-06 07:44:46.78439+00', '2025-08-06 07:44:46.7844+00', 5);
INSERT INTO public.api_opportunity (id, name, stage, probability, estimated_close_date, actual_close_date, value, description, next_steps, created_at, updated_at, lead_id) VALUES (6, 'Travel Services Opportunity - Retail Dynamics', 'discovery', 25, '2026-01-27', NULL, 693476.00, 'Corporate travel services opportunity with Retail Dynamics', 'Prepare detailed proposal and schedule presentation', '2025-08-06 07:44:47.253797+00', '2025-08-06 07:44:47.253811+00', 9);
INSERT INTO public.api_opportunity (id, name, stage, probability, estimated_close_date, actual_close_date, value, description, next_steps, created_at, updated_at, lead_id) VALUES (7, 'Travel Services Opportunity - Global Finance Ltd', 'discovery', 49, '2025-10-20', NULL, 482255.00, 'Corporate travel services opportunity with Global Finance Ltd', 'Prepare detailed proposal and schedule presentation', '2025-08-06 07:44:47.488425+00', '2025-08-06 07:44:47.488439+00', 10);
INSERT INTO public.api_opportunity (id, name, stage, probability, estimated_close_date, actual_close_date, value, description, next_steps, created_at, updated_at, lead_id) VALUES (8, 'Travel Services Opportunity - Global Finance Ltd', 'proposal', 75, '2026-01-15', NULL, 430439.00, 'Corporate travel services opportunity with Global Finance Ltd', 'Prepare detailed proposal and schedule presentation', '2025-08-06 07:44:47.722855+00', '2025-08-06 07:44:47.722865+00', 11);
INSERT INTO public.api_opportunity (id, name, stage, probability, estimated_close_date, actual_close_date, value, description, next_steps, created_at, updated_at, lead_id) VALUES (9, 'Travel Services Opportunity - Global Finance Ltd', 'negotiation', 58, '2025-11-08', NULL, 880738.00, 'Corporate travel services opportunity with Global Finance Ltd', 'Prepare detailed proposal and schedule presentation', '2025-08-06 07:45:37.715565+00', '2025-08-06 07:45:37.715577+00', 17);
INSERT INTO public.api_opportunity (id, name, stage, probability, estimated_close_date, actual_close_date, value, description, next_steps, created_at, updated_at, lead_id) VALUES (11, 'Travel Services Opportunity - Retail Dynamics', 'closed_won', 35, '2025-09-14', NULL, 968480.00, 'Corporate travel services opportunity with Retail Dynamics', 'Prepare detailed proposal and schedule presentation', '2025-08-06 07:45:38.186387+00', '2025-08-06 07:45:38.186397+00', 19);
INSERT INTO public.api_opportunity (id, name, stage, probability, estimated_close_date, actual_close_date, value, description, next_steps, created_at, updated_at, lead_id) VALUES (12, 'Travel Services Opportunity - Global Finance Ltd', 'closed_won', 19, '2025-10-27', NULL, 813625.00, 'Corporate travel services opportunity with Global Finance Ltd', 'Prepare detailed proposal and schedule presentation', '2025-08-06 07:45:38.421154+00', '2025-08-06 07:45:38.421167+00', 20);
INSERT INTO public.api_opportunity (id, name, stage, probability, estimated_close_date, actual_close_date, value, description, next_steps, created_at, updated_at, lead_id) VALUES (13, 'Travel Services Opportunity - ConsultPro Services', 'closed_won', 17, '2025-10-26', NULL, 391712.00, 'Corporate travel services opportunity with ConsultPro Services', 'Prepare detailed proposal and schedule presentation', '2025-08-06 07:45:38.65563+00', '2025-08-06 07:45:38.655639+00', 21);
INSERT INTO public.api_opportunity (id, name, stage, probability, estimated_close_date, actual_close_date, value, description, next_steps, created_at, updated_at, lead_id) VALUES (14, 'Travel Services Opportunity - TechCorp Solutions', 'negotiation', 78, '2025-09-15', NULL, 243296.00, 'Corporate travel services opportunity with TechCorp Solutions', 'Prepare detailed proposal and schedule presentation', '2025-08-06 07:45:38.890919+00', '2025-08-06 07:45:38.890928+00', 23);
INSERT INTO public.api_opportunity (id, name, stage, probability, estimated_close_date, actual_close_date, value, description, next_steps, created_at, updated_at, lead_id) VALUES (15, 'Travel Services Opportunity - HealthTech Innovations', 'negotiation', 25, '2025-12-31', NULL, 749762.00, 'Corporate travel services opportunity with HealthTech Innovations', 'Prepare detailed proposal and schedule presentation', '2025-08-06 07:45:39.125355+00', '2025-08-06 07:45:39.125364+00', 24);
INSERT INTO public.api_opportunity (id, name, stage, probability, estimated_close_date, actual_close_date, value, description, next_steps, created_at, updated_at, lead_id) VALUES (16, 'Travel Services Opportunity - TechCorp Solutions', 'closed_won', 12, '2025-11-01', NULL, 144770.00, 'Corporate travel services opportunity with TechCorp Solutions', 'Prepare detailed proposal and schedule presentation', '2025-08-06 07:45:39.359834+00', '2025-08-06 07:45:39.359843+00', 26);
INSERT INTO public.api_opportunity (id, name, stage, probability, estimated_close_date, actual_close_date, value, description, next_steps, created_at, updated_at, lead_id) VALUES (17, 'Travel Services Opportunity - Global Finance Ltd', 'closed_won', 41, '2025-11-26', NULL, 358864.00, 'Corporate travel services opportunity with Global Finance Ltd', 'Prepare detailed proposal and schedule presentation', '2025-08-06 07:47:03.845637+00', '2025-08-06 07:47:03.84565+00', 34);
INSERT INTO public.api_opportunity (id, name, stage, probability, estimated_close_date, actual_close_date, value, description, next_steps, created_at, updated_at, lead_id) VALUES (18, 'Travel Services Opportunity - TechCorp Solutions', 'closed_won', 43, '2026-01-04', NULL, 940373.00, 'Corporate travel services opportunity with TechCorp Solutions', 'Prepare detailed proposal and schedule presentation', '2025-08-06 07:47:04.084066+00', '2025-08-06 07:47:04.084075+00', 36);
INSERT INTO public.api_opportunity (id, name, stage, probability, estimated_close_date, actual_close_date, value, description, next_steps, created_at, updated_at, lead_id) VALUES (19, 'Travel Services Opportunity - TechCorp Solutions', 'proposal', 18, '2025-10-29', NULL, 601150.00, 'Corporate travel services opportunity with TechCorp Solutions', 'Prepare detailed proposal and schedule presentation', '2025-08-06 07:47:04.320698+00', '2025-08-06 07:47:04.320767+00', 39);
INSERT INTO public.api_opportunity (id, name, stage, probability, estimated_close_date, actual_close_date, value, description, next_steps, created_at, updated_at, lead_id) VALUES (20, 'Travel Services Opportunity - HealthTech Innovations', 'closed_lost', 29, '2025-12-14', NULL, 424110.00, 'Corporate travel services opportunity with HealthTech Innovations', 'Prepare detailed proposal and schedule presentation', '2025-08-06 07:47:04.560486+00', '2025-08-06 07:47:04.5605+00', 40);
INSERT INTO public.api_opportunity (id, name, stage, probability, estimated_close_date, actual_close_date, value, description, next_steps, created_at, updated_at, lead_id) VALUES (21, 'Travel Services Opportunity - Manufacturing Plus', 'closed_won', 50, '2025-10-04', NULL, 806918.00, 'Corporate travel services opportunity with Manufacturing Plus', 'Prepare detailed proposal and schedule presentation', '2025-08-06 07:47:04.797008+00', '2025-08-06 07:47:04.797017+00', 41);
INSERT INTO public.api_opportunity (id, name, stage, probability, estimated_close_date, actual_close_date, value, description, next_steps, created_at, updated_at, lead_id) VALUES (22, 'Travel Services Opportunity - Global Finance Ltd', 'discovery', 66, '2025-09-06', NULL, 389245.00, 'Corporate travel services opportunity with Global Finance Ltd', 'Prepare detailed proposal and schedule presentation', '2025-08-06 07:47:05.033412+00', '2025-08-06 07:47:05.033422+00', 43);
INSERT INTO public.api_opportunity (id, name, stage, probability, estimated_close_date, actual_close_date, value, description, next_steps, created_at, updated_at, lead_id) VALUES (23, 'Travel Services Opportunity - Global Finance Ltd', 'negotiation', 70, '2025-12-31', NULL, 413775.00, 'Corporate travel services opportunity with Global Finance Ltd', 'Prepare detailed proposal and schedule presentation', '2025-08-06 07:47:05.269967+00', '2025-08-06 07:47:05.269983+00', 44);
INSERT INTO public.api_opportunity (id, name, stage, probability, estimated_close_date, actual_close_date, value, description, next_steps, created_at, updated_at, lead_id) VALUES (24, 'Travel Services Opportunity - HealthTech Innovations', 'proposal', 43, '2025-12-11', NULL, 856388.00, 'Corporate travel services opportunity with HealthTech Innovations', 'Prepare detailed proposal and schedule presentation', '2025-08-06 07:47:05.507883+00', '2025-08-06 07:47:05.507893+00', 45);
INSERT INTO public.api_opportunity (id, name, stage, probability, estimated_close_date, actual_close_date, value, description, next_steps, created_at, updated_at, lead_id) VALUES (25, 'Travel Services Opportunity - Retail Dynamics', 'discovery', 54, '2025-09-09', NULL, 309026.00, 'Corporate travel services opportunity with Retail Dynamics', 'Prepare detailed proposal and schedule presentation', '2025-08-06 07:48:29.618259+00', '2025-08-06 07:48:29.618269+00', 47);
INSERT INTO public.api_opportunity (id, name, stage, probability, estimated_close_date, actual_close_date, value, description, next_steps, created_at, updated_at, lead_id) VALUES (26, 'Travel Services Opportunity - HealthTech Innovations', 'closed_lost', 64, '2025-10-14', NULL, 921382.00, 'Corporate travel services opportunity with HealthTech Innovations', 'Prepare detailed proposal and schedule presentation', '2025-08-06 07:48:29.854813+00', '2025-08-06 07:48:29.854825+00', 48);
INSERT INTO public.api_opportunity (id, name, stage, probability, estimated_close_date, actual_close_date, value, description, next_steps, created_at, updated_at, lead_id) VALUES (28, 'Travel Services Opportunity - HealthTech Innovations', 'discovery', 12, '2025-09-30', NULL, 695467.00, 'Corporate travel services opportunity with HealthTech Innovations', 'Prepare detailed proposal and schedule presentation', '2025-08-06 07:48:30.325885+00', '2025-08-06 07:48:30.325894+00', 53);
INSERT INTO public.api_opportunity (id, name, stage, probability, estimated_close_date, actual_close_date, value, description, next_steps, created_at, updated_at, lead_id) VALUES (29, 'Travel Services Opportunity - HealthTech Innovations', 'negotiation', 21, '2025-11-23', NULL, 754013.00, 'Corporate travel services opportunity with HealthTech Innovations', 'Prepare detailed proposal and schedule presentation', '2025-08-06 07:48:30.561134+00', '2025-08-06 07:48:30.561143+00', 54);
INSERT INTO public.api_opportunity (id, name, stage, probability, estimated_close_date, actual_close_date, value, description, next_steps, created_at, updated_at, lead_id) VALUES (30, 'Travel Services Opportunity - ConsultPro Services', 'closed_won', 81, '2025-09-15', NULL, 281210.00, 'Corporate travel services opportunity with ConsultPro Services', 'Prepare detailed proposal and schedule presentation', '2025-08-06 07:48:30.79634+00', '2025-08-06 07:48:30.79635+00', 55);
INSERT INTO public.api_opportunity (id, name, stage, probability, estimated_close_date, actual_close_date, value, description, next_steps, created_at, updated_at, lead_id) VALUES (1, 'Travel Services Opportunity - Global Finance Ltd', 'negotiation', 23, '2026-01-16', NULL, 884348.00, 'demo ', 'Prepare detailed proposal and schedule presentation', '2025-08-06 07:44:46.077375+00', '2025-08-06 07:44:46.077389+00', 1);
INSERT INTO public.api_opportunity (id, name, stage, probability, estimated_close_date, actual_close_date, value, description, next_steps, created_at, updated_at, lead_id) VALUES (27, 'Travel Services Opportunity - TechCorp Solutions', 'negotiation', 79, '2025-11-23', NULL, 989784.00, 'Corporate travel services opportunity with TechCorp Solutions', 'Prepare detailed proposal and schedule presentation', '2025-08-06 07:48:30.090308+00', '2025-08-13 12:32:27.857942+00', 52);
INSERT INTO public.api_opportunity (id, name, stage, probability, estimated_close_date, actual_close_date, value, description, next_steps, created_at, updated_at, lead_id) VALUES (10, 'Travel Services Opportunity - Retail Dynamics', 'negotiation', 80, '2025-09-11', NULL, 499971.00, 'Corporate travel services opportunity with Retail Dynamics', 'Prepare detailed proposal and schedule presentation', '2025-08-06 07:45:37.951783+00', '2025-08-22 10:49:42.039365+00', 18);
INSERT INTO public.api_opportunity (id, name, stage, probability, estimated_close_date, actual_close_date, value, description, next_steps, created_at, updated_at, lead_id) VALUES (32, 'Travel Services Opportunity - HealthTech Innovations', 'closed_lost', 51, '2025-12-18', NULL, 223403.00, 'Corporate travel services opportunity with HealthTech Innovations', 'Prepare detailed proposal and schedule presentation', '2025-08-06 07:48:31.269323+00', '2025-08-06 07:48:31.269337+00', 59);
INSERT INTO public.api_opportunity (id, name, stage, probability, estimated_close_date, actual_close_date, value, description, next_steps, created_at, updated_at, lead_id) VALUES (33, 'Infiniti software - Corporate Travel Solution', 'negotiation', 65, '2025-09-12', NULL, 250000.00, 'Opportunity created from qualified lead. demo check

[2025-08-13 06:53] Disqualified: ', 'Send initial proposal and schedule presentation', '2025-08-13 07:40:33.780447+00', '2025-08-13 12:01:33.755377+00', 67);
INSERT INTO public.api_opportunity (id, name, stage, probability, estimated_close_date, actual_close_date, value, description, next_steps, created_at, updated_at, lead_id) VALUES (34, 'nagendran - Corporate Travel Solution', 'proposal', 65, '2025-09-12', NULL, 1436339.00, 'Opportunity created from qualified lead. Moved from corporate search. AI Score: 92. Established company with consistent business patterns. Good candidate for long-term contracts.. Specialties: web-application, Android-app, crmtool. Travel Frequency: Bi-weekly. Preferred Class: Business/First.

[2025-08-11 10:01] Disqualified: checking this 

[2025-08-11 10:04] Disqualified: testing nagedran corporate
zzzzzzzzzzzzzzzzzzzzzzzzzzzzzzzzzzzzz

[2025-08-11 13:09] Disqualified: ', 'Send initial proposal and schedule presentation', '2025-08-13 12:22:47.244172+00', '2025-08-13 12:22:47.244184+00', 62);
INSERT INTO public.api_opportunity (id, name, stage, probability, estimated_close_date, actual_close_date, value, description, next_steps, created_at, updated_at, lead_id) VALUES (35, 'muni - Corporate Travel Solution', 'proposal', 65, '2025-09-12', NULL, 55.00, 'Opportunity created from qualified lead. 55ttrreeeee', 'Send initial proposal and schedule presentation', '2025-08-13 12:29:06.359255+00', '2025-08-13 12:29:06.359273+00', 61);
INSERT INTO public.api_opportunity (id, name, stage, probability, estimated_close_date, actual_close_date, value, description, next_steps, created_at, updated_at, lead_id) VALUES (36, 'TechCorp Solutions - Corporate Travel Solution', 'proposal', 65, '2025-09-19', NULL, 721224.00, 'Opportunity created from qualified lead. Moved from corporate search. AI Score: 91. Established company with consistent business patterns. Good candidate for long-term contracts.. Specialties: Business Services, Corporate Solutions. Travel Frequency: Weekly. Preferred Class: Business/First.', 'Send initial proposal and schedule presentation', '2025-08-20 06:38:11.339182+00', '2025-08-20 06:38:11.339194+00', 64);
INSERT INTO public.api_opportunity (id, name, stage, probability, estimated_close_date, actual_close_date, value, description, next_steps, created_at, updated_at, lead_id) VALUES (37, 'TechCorp Solutions - Corporate Travel Solution', 'proposal', 65, '2025-09-19', NULL, 2484189.00, 'Opportunity created from qualified lead. Moved from corporate search. AI Score: 94. High-potential corporate client with strong growth indicators. Excellent opportunity for partnership.. Specialties: Business Services, Corporate Solutions. Travel Frequency: Monthly. Preferred Class: First.', 'Send initial proposal and schedule presentation', '2025-08-20 06:49:21.786946+00', '2025-08-20 06:49:21.786965+00', 66);
INSERT INTO public.api_opportunity (id, name, stage, probability, estimated_close_date, actual_close_date, value, description, next_steps, created_at, updated_at, lead_id) VALUES (31, 'Travel Services Opportunity - Global Finance Ltd', 'discovery', 88, '2025-12-01', NULL, 167105.00, 'Corporate travel services opportunity with Global Finance Ltdxxxxxxxxxxxx', 'Prepare detailed proposal and schedule presentationddddddddd', '2025-08-06 07:48:31.031574+00', '2025-08-21 10:50:55.806474+00', 57);
INSERT INTO public.api_opportunity (id, name, stage, probability, estimated_close_date, actual_close_date, value, description, next_steps, created_at, updated_at, lead_id) VALUES (38, 'TechCorp Solutions - Corporate Travel Solution', 'proposal', 65, '2025-09-21', NULL, 3461043.00, 'Opportunity created from qualified lead. Moved from corporate search. AI Score: 85. Premium client with sophisticated requirements. Focus on high-service offerings.. Specialties: Business Services, Corporate Solutions. Travel Frequency: Weekly. Preferred Class: Business.', 'Send initial proposal and schedule presentation', '2025-08-22 07:08:47.590268+00', '2025-08-22 07:08:47.590281+00', 65);
INSERT INTO public.api_opportunity (id, name, stage, probability, estimated_close_date, actual_close_date, value, description, next_steps, created_at, updated_at, lead_id) VALUES (5, 'Travel Services Opportunity - TechCorp Solutions', 'closed_lost', 99, '2025-10-05', NULL, 6666666.00, 'Corporate travel services opportunity with TechCorpdd', 'Prepare detailed proposal and schedule presentationzzzzzzzzzzzzz', '2025-08-06 07:44:47.019117+00', '2025-08-22 07:13:35.159763+00', 7);


--
-- TOC entry 3657 (class 0 OID 155649)
-- Dependencies: 267
-- Data for Name: api_opportunityactivity; Type: TABLE DATA; Schema: public; Owner: -
--

INSERT INTO public.api_opportunityactivity (id, type, description, date, created_at, created_by_id, opportunity_id) VALUES (1, 'meeting', 'muniraj', '2025-08-22', '2025-08-21 09:19:28.951788+00', NULL, 5);
INSERT INTO public.api_opportunityactivity (id, type, description, date, created_at, created_by_id, opportunity_id) VALUES (2, 'email', 'sending a mail tothem', '2025-08-23', '2025-08-21 09:20:17.847963+00', NULL, 5);
INSERT INTO public.api_opportunityactivity (id, type, description, date, created_at, created_by_id, opportunity_id) VALUES (3, 'negotiation', 'negotiated with them', '2025-08-30', '2025-08-21 09:20:41.213249+00', NULL, 5);
INSERT INTO public.api_opportunityactivity (id, type, description, date, created_at, created_by_id, opportunity_id) VALUES (4, 'other', 'testing', '2025-09-04', '2025-08-21 09:26:18.007291+00', NULL, 5);
INSERT INTO public.api_opportunityactivity (id, type, description, date, created_at, created_by_id, opportunity_id) VALUES (5, 'meeting', 'munirrrrrrr', '2025-08-21', '2025-08-21 09:29:09.824168+00', NULL, 31);
INSERT INTO public.api_opportunityactivity (id, type, description, date, created_at, created_by_id, opportunity_id) VALUES (6, 'email', 'asdsafasdfsafd', '2025-08-21', '2025-08-21 09:39:15.996+00', NULL, 31);
INSERT INTO public.api_opportunityactivity (id, type, description, date, created_at, created_by_id, opportunity_id) VALUES (7, 'proposal', 'munimuni', '2025-08-21', '2025-08-21 09:49:34.682926+00', NULL, 10);


--
-- TOC entry 3633 (class 0 OID 32803)
-- Dependencies: 243
-- Data for Name: api_revenueforecast; Type: TABLE DATA; Schema: public; Owner: -
--



--
-- TOC entry 3639 (class 0 OID 32825)
-- Dependencies: 249
-- Data for Name: api_supportticket; Type: TABLE DATA; Schema: public; Owner: -
--



--
-- TOC entry 3635 (class 0 OID 32811)
-- Dependencies: 245
-- Data for Name: api_traveloffer; Type: TABLE DATA; Schema: public; Owner: -
--



--
-- TOC entry 3637 (class 0 OID 32819)
-- Dependencies: 247
-- Data for Name: api_traveloffer_target_companies; Type: TABLE DATA; Schema: public; Owner: -
--



--
-- TOC entry 3612 (class 0 OID 24599)
-- Dependencies: 222
-- Data for Name: auth_group; Type: TABLE DATA; Schema: public; Owner: -
--



--
-- TOC entry 3614 (class 0 OID 24607)
-- Dependencies: 224
-- Data for Name: auth_group_permissions; Type: TABLE DATA; Schema: public; Owner: -
--



--
-- TOC entry 3610 (class 0 OID 24593)
-- Dependencies: 220
-- Data for Name: auth_permission; Type: TABLE DATA; Schema: public; Owner: -
--

INSERT INTO public.auth_permission (id, name, content_type_id, codename) VALUES (1, 'Can add log entry', 1, 'add_logentry');
INSERT INTO public.auth_permission (id, name, content_type_id, codename) VALUES (2, 'Can change log entry', 1, 'change_logentry');
INSERT INTO public.auth_permission (id, name, content_type_id, codename) VALUES (3, 'Can delete log entry', 1, 'delete_logentry');
INSERT INTO public.auth_permission (id, name, content_type_id, codename) VALUES (4, 'Can view log entry', 1, 'view_logentry');
INSERT INTO public.auth_permission (id, name, content_type_id, codename) VALUES (5, 'Can add permission', 2, 'add_permission');
INSERT INTO public.auth_permission (id, name, content_type_id, codename) VALUES (6, 'Can change permission', 2, 'change_permission');
INSERT INTO public.auth_permission (id, name, content_type_id, codename) VALUES (7, 'Can delete permission', 2, 'delete_permission');
INSERT INTO public.auth_permission (id, name, content_type_id, codename) VALUES (8, 'Can view permission', 2, 'view_permission');
INSERT INTO public.auth_permission (id, name, content_type_id, codename) VALUES (9, 'Can add group', 3, 'add_group');
INSERT INTO public.auth_permission (id, name, content_type_id, codename) VALUES (10, 'Can change group', 3, 'change_group');
INSERT INTO public.auth_permission (id, name, content_type_id, codename) VALUES (11, 'Can delete group', 3, 'delete_group');
INSERT INTO public.auth_permission (id, name, content_type_id, codename) VALUES (12, 'Can view group', 3, 'view_group');
INSERT INTO public.auth_permission (id, name, content_type_id, codename) VALUES (13, 'Can add user', 4, 'add_user');
INSERT INTO public.auth_permission (id, name, content_type_id, codename) VALUES (14, 'Can change user', 4, 'change_user');
INSERT INTO public.auth_permission (id, name, content_type_id, codename) VALUES (15, 'Can delete user', 4, 'delete_user');
INSERT INTO public.auth_permission (id, name, content_type_id, codename) VALUES (16, 'Can view user', 4, 'view_user');
INSERT INTO public.auth_permission (id, name, content_type_id, codename) VALUES (17, 'Can add content type', 5, 'add_contenttype');
INSERT INTO public.auth_permission (id, name, content_type_id, codename) VALUES (18, 'Can change content type', 5, 'change_contenttype');
INSERT INTO public.auth_permission (id, name, content_type_id, codename) VALUES (19, 'Can delete content type', 5, 'delete_contenttype');
INSERT INTO public.auth_permission (id, name, content_type_id, codename) VALUES (20, 'Can view content type', 5, 'view_contenttype');
INSERT INTO public.auth_permission (id, name, content_type_id, codename) VALUES (21, 'Can add session', 6, 'add_session');
INSERT INTO public.auth_permission (id, name, content_type_id, codename) VALUES (22, 'Can change session', 6, 'change_session');
INSERT INTO public.auth_permission (id, name, content_type_id, codename) VALUES (23, 'Can delete session', 6, 'delete_session');
INSERT INTO public.auth_permission (id, name, content_type_id, codename) VALUES (24, 'Can view session', 6, 'view_session');
INSERT INTO public.auth_permission (id, name, content_type_id, codename) VALUES (25, 'Can add company', 7, 'add_company');
INSERT INTO public.auth_permission (id, name, content_type_id, codename) VALUES (26, 'Can change company', 7, 'change_company');
INSERT INTO public.auth_permission (id, name, content_type_id, codename) VALUES (27, 'Can delete company', 7, 'delete_company');
INSERT INTO public.auth_permission (id, name, content_type_id, codename) VALUES (28, 'Can view company', 7, 'view_company');
INSERT INTO public.auth_permission (id, name, content_type_id, codename) VALUES (29, 'Can add contact', 8, 'add_contact');
INSERT INTO public.auth_permission (id, name, content_type_id, codename) VALUES (30, 'Can change contact', 8, 'change_contact');
INSERT INTO public.auth_permission (id, name, content_type_id, codename) VALUES (31, 'Can delete contact', 8, 'delete_contact');
INSERT INTO public.auth_permission (id, name, content_type_id, codename) VALUES (32, 'Can view contact', 8, 'view_contact');
INSERT INTO public.auth_permission (id, name, content_type_id, codename) VALUES (33, 'Can add lead', 9, 'add_lead');
INSERT INTO public.auth_permission (id, name, content_type_id, codename) VALUES (34, 'Can change lead', 9, 'change_lead');
INSERT INTO public.auth_permission (id, name, content_type_id, codename) VALUES (35, 'Can delete lead', 9, 'delete_lead');
INSERT INTO public.auth_permission (id, name, content_type_id, codename) VALUES (36, 'Can view lead', 9, 'view_lead');
INSERT INTO public.auth_permission (id, name, content_type_id, codename) VALUES (37, 'Can add opportunity', 10, 'add_opportunity');
INSERT INTO public.auth_permission (id, name, content_type_id, codename) VALUES (38, 'Can change opportunity', 10, 'change_opportunity');
INSERT INTO public.auth_permission (id, name, content_type_id, codename) VALUES (39, 'Can delete opportunity', 10, 'delete_opportunity');
INSERT INTO public.auth_permission (id, name, content_type_id, codename) VALUES (40, 'Can view opportunity', 10, 'view_opportunity');
INSERT INTO public.auth_permission (id, name, content_type_id, codename) VALUES (41, 'Can add contract', 11, 'add_contract');
INSERT INTO public.auth_permission (id, name, content_type_id, codename) VALUES (42, 'Can change contract', 11, 'change_contract');
INSERT INTO public.auth_permission (id, name, content_type_id, codename) VALUES (43, 'Can delete contract', 11, 'delete_contract');
INSERT INTO public.auth_permission (id, name, content_type_id, codename) VALUES (44, 'Can view contract', 11, 'view_contract');
INSERT INTO public.auth_permission (id, name, content_type_id, codename) VALUES (45, 'Can add vendor', 12, 'add_vendor');
INSERT INTO public.auth_permission (id, name, content_type_id, codename) VALUES (46, 'Can change vendor', 12, 'change_vendor');
INSERT INTO public.auth_permission (id, name, content_type_id, codename) VALUES (47, 'Can delete vendor', 12, 'delete_vendor');
INSERT INTO public.auth_permission (id, name, content_type_id, codename) VALUES (48, 'Can view vendor', 12, 'view_vendor');
INSERT INTO public.auth_permission (id, name, content_type_id, codename) VALUES (49, 'Can add marketing campaign', 13, 'add_marketingcampaign');
INSERT INTO public.auth_permission (id, name, content_type_id, codename) VALUES (50, 'Can change marketing campaign', 13, 'change_marketingcampaign');
INSERT INTO public.auth_permission (id, name, content_type_id, codename) VALUES (51, 'Can delete marketing campaign', 13, 'delete_marketingcampaign');
INSERT INTO public.auth_permission (id, name, content_type_id, codename) VALUES (52, 'Can view marketing campaign', 13, 'view_marketingcampaign');
INSERT INTO public.auth_permission (id, name, content_type_id, codename) VALUES (53, 'Can add support ticket', 14, 'add_supportticket');
INSERT INTO public.auth_permission (id, name, content_type_id, codename) VALUES (54, 'Can change support ticket', 14, 'change_supportticket');
INSERT INTO public.auth_permission (id, name, content_type_id, codename) VALUES (55, 'Can delete support ticket', 14, 'delete_supportticket');
INSERT INTO public.auth_permission (id, name, content_type_id, codename) VALUES (56, 'Can view support ticket', 14, 'view_supportticket');
INSERT INTO public.auth_permission (id, name, content_type_id, codename) VALUES (57, 'Can add revenue forecast', 15, 'add_revenueforecast');
INSERT INTO public.auth_permission (id, name, content_type_id, codename) VALUES (58, 'Can change revenue forecast', 15, 'change_revenueforecast');
INSERT INTO public.auth_permission (id, name, content_type_id, codename) VALUES (59, 'Can delete revenue forecast', 15, 'delete_revenueforecast');
INSERT INTO public.auth_permission (id, name, content_type_id, codename) VALUES (60, 'Can view revenue forecast', 15, 'view_revenueforecast');
INSERT INTO public.auth_permission (id, name, content_type_id, codename) VALUES (61, 'Can add activity log', 16, 'add_activitylog');
INSERT INTO public.auth_permission (id, name, content_type_id, codename) VALUES (62, 'Can change activity log', 16, 'change_activitylog');
INSERT INTO public.auth_permission (id, name, content_type_id, codename) VALUES (63, 'Can delete activity log', 16, 'delete_activitylog');
INSERT INTO public.auth_permission (id, name, content_type_id, codename) VALUES (64, 'Can view activity log', 16, 'view_activitylog');
INSERT INTO public.auth_permission (id, name, content_type_id, codename) VALUES (65, 'Can add contract breach', 17, 'add_contractbreach');
INSERT INTO public.auth_permission (id, name, content_type_id, codename) VALUES (66, 'Can change contract breach', 17, 'change_contractbreach');
INSERT INTO public.auth_permission (id, name, content_type_id, codename) VALUES (67, 'Can delete contract breach', 17, 'delete_contractbreach');
INSERT INTO public.auth_permission (id, name, content_type_id, codename) VALUES (68, 'Can view contract breach', 17, 'view_contractbreach');
INSERT INTO public.auth_permission (id, name, content_type_id, codename) VALUES (69, 'Can add email campaign', 18, 'add_emailcampaign');
INSERT INTO public.auth_permission (id, name, content_type_id, codename) VALUES (70, 'Can change email campaign', 18, 'change_emailcampaign');
INSERT INTO public.auth_permission (id, name, content_type_id, codename) VALUES (71, 'Can delete email campaign', 18, 'delete_emailcampaign');
INSERT INTO public.auth_permission (id, name, content_type_id, codename) VALUES (72, 'Can view email campaign', 18, 'view_emailcampaign');
INSERT INTO public.auth_permission (id, name, content_type_id, codename) VALUES (73, 'Can add travel offer', 19, 'add_traveloffer');
INSERT INTO public.auth_permission (id, name, content_type_id, codename) VALUES (74, 'Can change travel offer', 19, 'change_traveloffer');
INSERT INTO public.auth_permission (id, name, content_type_id, codename) VALUES (75, 'Can delete travel offer', 19, 'delete_traveloffer');
INSERT INTO public.auth_permission (id, name, content_type_id, codename) VALUES (76, 'Can view travel offer', 19, 'view_traveloffer');
INSERT INTO public.auth_permission (id, name, content_type_id, codename) VALUES (77, 'Can add ai conversation', 20, 'add_aiconversation');
INSERT INTO public.auth_permission (id, name, content_type_id, codename) VALUES (78, 'Can change ai conversation', 20, 'change_aiconversation');
INSERT INTO public.auth_permission (id, name, content_type_id, codename) VALUES (79, 'Can delete ai conversation', 20, 'delete_aiconversation');
INSERT INTO public.auth_permission (id, name, content_type_id, codename) VALUES (80, 'Can view ai conversation', 20, 'view_aiconversation');
INSERT INTO public.auth_permission (id, name, content_type_id, codename) VALUES (81, 'Can add lead note', 21, 'add_leadnote');
INSERT INTO public.auth_permission (id, name, content_type_id, codename) VALUES (82, 'Can change lead note', 21, 'change_leadnote');
INSERT INTO public.auth_permission (id, name, content_type_id, codename) VALUES (83, 'Can delete lead note', 21, 'delete_leadnote');
INSERT INTO public.auth_permission (id, name, content_type_id, codename) VALUES (84, 'Can view lead note', 21, 'view_leadnote');
INSERT INTO public.auth_permission (id, name, content_type_id, codename) VALUES (85, 'Can add lead history', 22, 'add_leadhistory');
INSERT INTO public.auth_permission (id, name, content_type_id, codename) VALUES (86, 'Can change lead history', 22, 'change_leadhistory');
INSERT INTO public.auth_permission (id, name, content_type_id, codename) VALUES (87, 'Can delete lead history', 22, 'delete_leadhistory');
INSERT INTO public.auth_permission (id, name, content_type_id, codename) VALUES (88, 'Can view lead history', 22, 'view_leadhistory');
INSERT INTO public.auth_permission (id, name, content_type_id, codename) VALUES (89, 'Can add opportunity activity', 23, 'add_opportunityactivity');
INSERT INTO public.auth_permission (id, name, content_type_id, codename) VALUES (90, 'Can change opportunity activity', 23, 'change_opportunityactivity');
INSERT INTO public.auth_permission (id, name, content_type_id, codename) VALUES (91, 'Can delete opportunity activity', 23, 'delete_opportunityactivity');
INSERT INTO public.auth_permission (id, name, content_type_id, codename) VALUES (92, 'Can view opportunity activity', 23, 'view_opportunityactivity');


--
-- TOC entry 3616 (class 0 OID 24613)
-- Dependencies: 226
-- Data for Name: auth_user; Type: TABLE DATA; Schema: public; Owner: -
--

INSERT INTO public.auth_user (id, password, last_login, is_superuser, username, first_name, last_name, email, is_staff, is_active, date_joined) VALUES (1, '!bLN8o8e3ZBuT1TRTso9vvUV7HYrphSJucHem8yxx', NULL, true, 'admin', '', '', 'admin@example.com', true, true, '2025-08-06 06:37:23.333557+00');
INSERT INTO public.auth_user (id, password, last_login, is_superuser, username, first_name, last_name, email, is_staff, is_active, date_joined) VALUES (3, '', NULL, false, 'user1', 'John', 'Smith', 'user1@soar-ai.com', false, true, '2025-08-06 07:24:45.104845+00');
INSERT INTO public.auth_user (id, password, last_login, is_superuser, username, first_name, last_name, email, is_staff, is_active, date_joined) VALUES (4, '', NULL, false, 'user2', 'Jane', 'Johnson', 'user2@soar-ai.com', false, true, '2025-08-06 07:24:46.054165+00');
INSERT INTO public.auth_user (id, password, last_login, is_superuser, username, first_name, last_name, email, is_staff, is_active, date_joined) VALUES (5, '', NULL, false, 'user3', 'Mike', 'Brown', 'user3@soar-ai.com', false, true, '2025-08-06 07:24:46.988532+00');
INSERT INTO public.auth_user (id, password, last_login, is_superuser, username, first_name, last_name, email, is_staff, is_active, date_joined) VALUES (6, '', NULL, false, 'user4', 'Sarah', 'Davis', 'user4@soar-ai.com', false, true, '2025-08-06 07:24:47.923234+00');
INSERT INTO public.auth_user (id, password, last_login, is_superuser, username, first_name, last_name, email, is_staff, is_active, date_joined) VALUES (7, '', NULL, false, 'user5', 'David', 'Wilson', 'user5@soar-ai.com', false, true, '2025-08-06 07:24:48.857783+00');
INSERT INTO public.auth_user (id, password, last_login, is_superuser, username, first_name, last_name, email, is_staff, is_active, date_joined) VALUES (8, '', NULL, false, 'system', 'System', 'User', 'system@company.com', false, true, '2025-08-12 05:17:41.323561+00');


--
-- TOC entry 3618 (class 0 OID 24621)
-- Dependencies: 228
-- Data for Name: auth_user_groups; Type: TABLE DATA; Schema: public; Owner: -
--



--
-- TOC entry 3620 (class 0 OID 24627)
-- Dependencies: 230
-- Data for Name: auth_user_user_permissions; Type: TABLE DATA; Schema: public; Owner: -
--



--
-- TOC entry 3622 (class 0 OID 24685)
-- Dependencies: 232
-- Data for Name: django_admin_log; Type: TABLE DATA; Schema: public; Owner: -
--



--
-- TOC entry 3608 (class 0 OID 24585)
-- Dependencies: 218
-- Data for Name: django_content_type; Type: TABLE DATA; Schema: public; Owner: -
--

INSERT INTO public.django_content_type (id, app_label, model) VALUES (1, 'admin', 'logentry');
INSERT INTO public.django_content_type (id, app_label, model) VALUES (2, 'auth', 'permission');
INSERT INTO public.django_content_type (id, app_label, model) VALUES (3, 'auth', 'group');
INSERT INTO public.django_content_type (id, app_label, model) VALUES (4, 'auth', 'user');
INSERT INTO public.django_content_type (id, app_label, model) VALUES (5, 'contenttypes', 'contenttype');
INSERT INTO public.django_content_type (id, app_label, model) VALUES (6, 'sessions', 'session');
INSERT INTO public.django_content_type (id, app_label, model) VALUES (7, 'api', 'company');
INSERT INTO public.django_content_type (id, app_label, model) VALUES (8, 'api', 'contact');
INSERT INTO public.django_content_type (id, app_label, model) VALUES (9, 'api', 'lead');
INSERT INTO public.django_content_type (id, app_label, model) VALUES (10, 'api', 'opportunity');
INSERT INTO public.django_content_type (id, app_label, model) VALUES (11, 'api', 'contract');
INSERT INTO public.django_content_type (id, app_label, model) VALUES (12, 'api', 'vendor');
INSERT INTO public.django_content_type (id, app_label, model) VALUES (13, 'api', 'marketingcampaign');
INSERT INTO public.django_content_type (id, app_label, model) VALUES (14, 'api', 'supportticket');
INSERT INTO public.django_content_type (id, app_label, model) VALUES (15, 'api', 'revenueforecast');
INSERT INTO public.django_content_type (id, app_label, model) VALUES (16, 'api', 'activitylog');
INSERT INTO public.django_content_type (id, app_label, model) VALUES (17, 'api', 'contractbreach');
INSERT INTO public.django_content_type (id, app_label, model) VALUES (18, 'api', 'emailcampaign');
INSERT INTO public.django_content_type (id, app_label, model) VALUES (19, 'api', 'traveloffer');
INSERT INTO public.django_content_type (id, app_label, model) VALUES (20, 'api', 'aiconversation');
INSERT INTO public.django_content_type (id, app_label, model) VALUES (21, 'api', 'leadnote');
INSERT INTO public.django_content_type (id, app_label, model) VALUES (22, 'api', 'leadhistory');
INSERT INTO public.django_content_type (id, app_label, model) VALUES (23, 'api', 'opportunityactivity');


--
-- TOC entry 3606 (class 0 OID 24577)
-- Dependencies: 216
-- Data for Name: django_migrations; Type: TABLE DATA; Schema: public; Owner: -
--

INSERT INTO public.django_migrations (id, app, name, applied) VALUES (1, 'contenttypes', '0001_initial', '2025-08-06 06:34:15.826473+00');
INSERT INTO public.django_migrations (id, app, name, applied) VALUES (2, 'auth', '0001_initial', '2025-08-06 06:34:24.906851+00');
INSERT INTO public.django_migrations (id, app, name, applied) VALUES (3, 'admin', '0001_initial', '2025-08-06 06:34:27.531794+00');
INSERT INTO public.django_migrations (id, app, name, applied) VALUES (4, 'admin', '0002_logentry_remove_auto_add', '2025-08-06 06:34:28.407274+00');
INSERT INTO public.django_migrations (id, app, name, applied) VALUES (5, 'admin', '0003_logentry_add_action_flag_choices', '2025-08-06 06:34:29.573369+00');
INSERT INTO public.django_migrations (id, app, name, applied) VALUES (6, 'contenttypes', '0002_remove_content_type_name', '2025-08-06 06:34:31.334302+00');
INSERT INTO public.django_migrations (id, app, name, applied) VALUES (7, 'auth', '0002_alter_permission_name_max_length', '2025-08-06 06:34:32.790095+00');
INSERT INTO public.django_migrations (id, app, name, applied) VALUES (8, 'auth', '0003_alter_user_email_max_length', '2025-08-06 06:34:34.245176+00');
INSERT INTO public.django_migrations (id, app, name, applied) VALUES (9, 'auth', '0004_alter_user_username_opts', '2025-08-06 06:34:35.413894+00');
INSERT INTO public.django_migrations (id, app, name, applied) VALUES (10, 'auth', '0005_alter_user_last_login_null', '2025-08-06 06:34:36.887317+00');
INSERT INTO public.django_migrations (id, app, name, applied) VALUES (11, 'auth', '0006_require_contenttypes_0002', '2025-08-06 06:34:38.047416+00');
INSERT INTO public.django_migrations (id, app, name, applied) VALUES (12, 'auth', '0007_alter_validators_add_error_messages', '2025-08-06 06:34:39.212501+00');
INSERT INTO public.django_migrations (id, app, name, applied) VALUES (13, 'auth', '0008_alter_user_username_max_length', '2025-08-06 06:34:40.673662+00');
INSERT INTO public.django_migrations (id, app, name, applied) VALUES (14, 'auth', '0009_alter_user_last_name_max_length', '2025-08-06 06:34:42.127861+00');
INSERT INTO public.django_migrations (id, app, name, applied) VALUES (15, 'auth', '0010_alter_group_name_max_length', '2025-08-06 06:34:43.584119+00');
INSERT INTO public.django_migrations (id, app, name, applied) VALUES (16, 'auth', '0011_update_proxy_permissions', '2025-08-06 06:34:44.759385+00');
INSERT INTO public.django_migrations (id, app, name, applied) VALUES (17, 'auth', '0012_alter_user_first_name_max_length', '2025-08-06 06:34:46.217555+00');
INSERT INTO public.django_migrations (id, app, name, applied) VALUES (18, 'sessions', '0001_initial', '2025-08-06 06:34:48.544057+00');
INSERT INTO public.django_migrations (id, app, name, applied) VALUES (23, 'api', '0005_leadnote', '2025-08-11 07:07:09.223273+00');
INSERT INTO public.django_migrations (id, app, name, applied) VALUES (25, 'api', '0001_initial', '2025-08-12 07:53:21.860806+00');
INSERT INTO public.django_migrations (id, app, name, applied) VALUES (26, 'api', '0002_alter_company_size', '2025-08-12 07:53:22.594822+00');
INSERT INTO public.django_migrations (id, app, name, applied) VALUES (27, 'api', '0003_alter_company_size', '2025-08-12 07:53:23.551321+00');
INSERT INTO public.django_migrations (id, app, name, applied) VALUES (28, 'api', '0004_company_annual_travel_volume_company_company_type_and_more', '2025-08-12 12:59:56.473758+00');
INSERT INTO public.django_migrations (id, app, name, applied) VALUES (29, 'api', '0005_create_leadnote_table', '2025-08-13 06:48:14.11942+00');
INSERT INTO public.django_migrations (id, app, name, applied) VALUES (30, 'api', '0006_create_leadhistory_table', '2025-08-13 06:48:16.478013+00');
INSERT INTO public.django_migrations (id, app, name, applied) VALUES (31, 'api', '0007_create_leadnote_table', '2025-08-13 06:48:17.256557+00');
INSERT INTO public.django_migrations (id, app, name, applied) VALUES (32, 'api', '0008_create_leadhistory_table', '2025-08-13 06:48:18.294365+00');
INSERT INTO public.django_migrations (id, app, name, applied) VALUES (33, 'api', '0009_lead_assigned_agent', '2025-08-18 13:08:48.20642+00');
INSERT INTO public.django_migrations (id, app, name, applied) VALUES (34, 'api', '0010_opportunityactivity', '2025-08-21 09:18:45.353565+00');
INSERT INTO public.django_migrations (id, app, name, applied) VALUES (35, 'api', '0011_add_move_as_lead_to_company', '2025-08-25 09:24:58.053565+00');


--
-- TOC entry 3623 (class 0 OID 24713)
-- Dependencies: 233
-- Data for Name: django_session; Type: TABLE DATA; Schema: public; Owner: -
--



--
-- TOC entry 3663 (class 0 OID 0)
-- Dependencies: 260
-- Name: api_activitylog_id_seq; Type: SEQUENCE SET; Schema: public; Owner: -
--

SELECT pg_catalog.setval('public.api_activitylog_id_seq', 1, false);


--
-- TOC entry 3664 (class 0 OID 0)
-- Dependencies: 258
-- Name: api_aiconversation_id_seq; Type: SEQUENCE SET; Schema: public; Owner: -
--

SELECT pg_catalog.setval('public.api_aiconversation_id_seq', 1, false);


--
-- TOC entry 3665 (class 0 OID 0)
-- Dependencies: 234
-- Name: api_company_id_seq; Type: SEQUENCE SET; Schema: public; Owner: -
--

SELECT pg_catalog.setval('public.api_company_id_seq', 23, true);


--
-- TOC entry 3666 (class 0 OID 0)
-- Dependencies: 236
-- Name: api_contact_id_seq; Type: SEQUENCE SET; Schema: public; Owner: -
--

SELECT pg_catalog.setval('public.api_contact_id_seq', 21, true);


--
-- TOC entry 3667 (class 0 OID 0)
-- Dependencies: 238
-- Name: api_contract_id_seq; Type: SEQUENCE SET; Schema: public; Owner: -
--

SELECT pg_catalog.setval('public.api_contract_id_seq', 7, true);


--
-- TOC entry 3668 (class 0 OID 0)
-- Dependencies: 256
-- Name: api_contractbreach_id_seq; Type: SEQUENCE SET; Schema: public; Owner: -
--

SELECT pg_catalog.setval('public.api_contractbreach_id_seq', 1, false);


--
-- TOC entry 3669 (class 0 OID 0)
-- Dependencies: 252
-- Name: api_emailcampaign_id_seq; Type: SEQUENCE SET; Schema: public; Owner: -
--

SELECT pg_catalog.setval('public.api_emailcampaign_id_seq', 1, false);


--
-- TOC entry 3670 (class 0 OID 0)
-- Dependencies: 254
-- Name: api_emailcampaign_target_leads_id_seq; Type: SEQUENCE SET; Schema: public; Owner: -
--

SELECT pg_catalog.setval('public.api_emailcampaign_target_leads_id_seq', 1, false);


--
-- TOC entry 3671 (class 0 OID 0)
-- Dependencies: 240
-- Name: api_lead_id_seq; Type: SEQUENCE SET; Schema: public; Owner: -
--

SELECT pg_catalog.setval('public.api_lead_id_seq', 73, true);


--
-- TOC entry 3672 (class 0 OID 0)
-- Dependencies: 264
-- Name: api_leadhistory_id_seq; Type: SEQUENCE SET; Schema: public; Owner: -
--

SELECT pg_catalog.setval('public.api_leadhistory_id_seq', 506, true);


--
-- TOC entry 3673 (class 0 OID 0)
-- Dependencies: 262
-- Name: api_leadnote_id_seq; Type: SEQUENCE SET; Schema: public; Owner: -
--

SELECT pg_catalog.setval('public.api_leadnote_id_seq', 5, true);


--
-- TOC entry 3674 (class 0 OID 0)
-- Dependencies: 250
-- Name: api_opportunity_id_seq; Type: SEQUENCE SET; Schema: public; Owner: -
--

SELECT pg_catalog.setval('public.api_opportunity_id_seq', 38, true);


--
-- TOC entry 3675 (class 0 OID 0)
-- Dependencies: 266
-- Name: api_opportunityactivity_id_seq; Type: SEQUENCE SET; Schema: public; Owner: -
--

SELECT pg_catalog.setval('public.api_opportunityactivity_id_seq', 7, true);


--
-- TOC entry 3676 (class 0 OID 0)
-- Dependencies: 242
-- Name: api_revenueforecast_id_seq; Type: SEQUENCE SET; Schema: public; Owner: -
--

SELECT pg_catalog.setval('public.api_revenueforecast_id_seq', 1, false);


--
-- TOC entry 3677 (class 0 OID 0)
-- Dependencies: 248
-- Name: api_supportticket_id_seq; Type: SEQUENCE SET; Schema: public; Owner: -
--

SELECT pg_catalog.setval('public.api_supportticket_id_seq', 1, false);


--
-- TOC entry 3678 (class 0 OID 0)
-- Dependencies: 244
-- Name: api_traveloffer_id_seq; Type: SEQUENCE SET; Schema: public; Owner: -
--

SELECT pg_catalog.setval('public.api_traveloffer_id_seq', 1, false);


--
-- TOC entry 3679 (class 0 OID 0)
-- Dependencies: 246
-- Name: api_traveloffer_target_companies_id_seq; Type: SEQUENCE SET; Schema: public; Owner: -
--

SELECT pg_catalog.setval('public.api_traveloffer_target_companies_id_seq', 1, false);


--
-- TOC entry 3680 (class 0 OID 0)
-- Dependencies: 221
-- Name: auth_group_id_seq; Type: SEQUENCE SET; Schema: public; Owner: -
--

SELECT pg_catalog.setval('public.auth_group_id_seq', 1, false);


--
-- TOC entry 3681 (class 0 OID 0)
-- Dependencies: 223
-- Name: auth_group_permissions_id_seq; Type: SEQUENCE SET; Schema: public; Owner: -
--

SELECT pg_catalog.setval('public.auth_group_permissions_id_seq', 1, false);


--
-- TOC entry 3682 (class 0 OID 0)
-- Dependencies: 219
-- Name: auth_permission_id_seq; Type: SEQUENCE SET; Schema: public; Owner: -
--

SELECT pg_catalog.setval('public.auth_permission_id_seq', 92, true);


--
-- TOC entry 3683 (class 0 OID 0)
-- Dependencies: 227
-- Name: auth_user_groups_id_seq; Type: SEQUENCE SET; Schema: public; Owner: -
--

SELECT pg_catalog.setval('public.auth_user_groups_id_seq', 1, false);


--
-- TOC entry 3684 (class 0 OID 0)
-- Dependencies: 225
-- Name: auth_user_id_seq; Type: SEQUENCE SET; Schema: public; Owner: -
--

SELECT pg_catalog.setval('public.auth_user_id_seq', 8, true);


--
-- TOC entry 3685 (class 0 OID 0)
-- Dependencies: 229
-- Name: auth_user_user_permissions_id_seq; Type: SEQUENCE SET; Schema: public; Owner: -
--

SELECT pg_catalog.setval('public.auth_user_user_permissions_id_seq', 1, false);


--
-- TOC entry 3686 (class 0 OID 0)
-- Dependencies: 231
-- Name: django_admin_log_id_seq; Type: SEQUENCE SET; Schema: public; Owner: -
--

SELECT pg_catalog.setval('public.django_admin_log_id_seq', 1, false);


--
-- TOC entry 3687 (class 0 OID 0)
-- Dependencies: 217
-- Name: django_content_type_id_seq; Type: SEQUENCE SET; Schema: public; Owner: -
--

SELECT pg_catalog.setval('public.django_content_type_id_seq', 23, true);


--
-- TOC entry 3688 (class 0 OID 0)
-- Dependencies: 215
-- Name: django_migrations_id_seq; Type: SEQUENCE SET; Schema: public; Owner: -
--

SELECT pg_catalog.setval('public.django_migrations_id_seq', 35, true);


--
-- TOC entry 3415 (class 2606 OID 32890)
-- Name: api_activitylog api_activitylog_pkey; Type: CONSTRAINT; Schema: public; Owner: -
--

ALTER TABLE ONLY public.api_activitylog
    ADD CONSTRAINT api_activitylog_pkey PRIMARY KEY (id);


--
-- TOC entry 3410 (class 2606 OID 32880)
-- Name: api_aiconversation api_aiconversation_pkey; Type: CONSTRAINT; Schema: public; Owner: -
--

ALTER TABLE ONLY public.api_aiconversation
    ADD CONSTRAINT api_aiconversation_pkey PRIMARY KEY (id);


--
-- TOC entry 3412 (class 2606 OID 32882)
-- Name: api_aiconversation api_aiconversation_session_id_key; Type: CONSTRAINT; Schema: public; Owner: -
--

ALTER TABLE ONLY public.api_aiconversation
    ADD CONSTRAINT api_aiconversation_session_id_key UNIQUE (session_id);


--
-- TOC entry 3358 (class 2606 OID 32775)
-- Name: api_company api_company_pkey; Type: CONSTRAINT; Schema: public; Owner: -
--

ALTER TABLE ONLY public.api_company
    ADD CONSTRAINT api_company_pkey PRIMARY KEY (id);


--
-- TOC entry 3361 (class 2606 OID 32783)
-- Name: api_contact api_contact_pkey; Type: CONSTRAINT; Schema: public; Owner: -
--

ALTER TABLE ONLY public.api_contact
    ADD CONSTRAINT api_contact_pkey PRIMARY KEY (id);


--
-- TOC entry 3365 (class 2606 OID 32793)
-- Name: api_contract api_contract_contract_number_key; Type: CONSTRAINT; Schema: public; Owner: -
--

ALTER TABLE ONLY public.api_contract
    ADD CONSTRAINT api_contract_contract_number_key UNIQUE (contract_number);


--
-- TOC entry 3367 (class 2606 OID 32867)
-- Name: api_contract api_contract_opportunity_id_key; Type: CONSTRAINT; Schema: public; Owner: -
--

ALTER TABLE ONLY public.api_contract
    ADD CONSTRAINT api_contract_opportunity_id_key UNIQUE (opportunity_id);


--
-- TOC entry 3369 (class 2606 OID 32791)
-- Name: api_contract api_contract_pkey; Type: CONSTRAINT; Schema: public; Owner: -
--

ALTER TABLE ONLY public.api_contract
    ADD CONSTRAINT api_contract_pkey PRIMARY KEY (id);


--
-- TOC entry 3408 (class 2606 OID 32865)
-- Name: api_contractbreach api_contractbreach_pkey; Type: CONSTRAINT; Schema: public; Owner: -
--

ALTER TABLE ONLY public.api_contractbreach
    ADD CONSTRAINT api_contractbreach_pkey PRIMARY KEY (id);


--
-- TOC entry 3399 (class 2606 OID 32851)
-- Name: api_emailcampaign api_emailcampaign_pkey; Type: CONSTRAINT; Schema: public; Owner: -
--

ALTER TABLE ONLY public.api_emailcampaign
    ADD CONSTRAINT api_emailcampaign_pkey PRIMARY KEY (id);


--
-- TOC entry 3401 (class 2606 OID 32967)
-- Name: api_emailcampaign_target_leads api_emailcampaign_target_emailcampaign_id_lead_id_be87f6f2_uniq; Type: CONSTRAINT; Schema: public; Owner: -
--

ALTER TABLE ONLY public.api_emailcampaign_target_leads
    ADD CONSTRAINT api_emailcampaign_target_emailcampaign_id_lead_id_be87f6f2_uniq UNIQUE (emailcampaign_id, lead_id);


--
-- TOC entry 3405 (class 2606 OID 32857)
-- Name: api_emailcampaign_target_leads api_emailcampaign_target_leads_pkey; Type: CONSTRAINT; Schema: public; Owner: -
--

ALTER TABLE ONLY public.api_emailcampaign_target_leads
    ADD CONSTRAINT api_emailcampaign_target_leads_pkey PRIMARY KEY (id);


--
-- TOC entry 3374 (class 2606 OID 32801)
-- Name: api_lead api_lead_pkey; Type: CONSTRAINT; Schema: public; Owner: -
--

ALTER TABLE ONLY public.api_lead
    ADD CONSTRAINT api_lead_pkey PRIMARY KEY (id);


--
-- TOC entry 3423 (class 2606 OID 90140)
-- Name: api_leadhistory api_leadhistory_pkey; Type: CONSTRAINT; Schema: public; Owner: -
--

ALTER TABLE ONLY public.api_leadhistory
    ADD CONSTRAINT api_leadhistory_pkey PRIMARY KEY (id);


--
-- TOC entry 3420 (class 2606 OID 90120)
-- Name: api_leadnote api_leadnote_pkey; Type: CONSTRAINT; Schema: public; Owner: -
--

ALTER TABLE ONLY public.api_leadnote
    ADD CONSTRAINT api_leadnote_pkey PRIMARY KEY (id);


--
-- TOC entry 3395 (class 2606 OID 32843)
-- Name: api_opportunity api_opportunity_lead_id_key; Type: CONSTRAINT; Schema: public; Owner: -
--

ALTER TABLE ONLY public.api_opportunity
    ADD CONSTRAINT api_opportunity_lead_id_key UNIQUE (lead_id);


--
-- TOC entry 3397 (class 2606 OID 32841)
-- Name: api_opportunity api_opportunity_pkey; Type: CONSTRAINT; Schema: public; Owner: -
--

ALTER TABLE ONLY public.api_opportunity
    ADD CONSTRAINT api_opportunity_pkey PRIMARY KEY (id);


--
-- TOC entry 3428 (class 2606 OID 155655)
-- Name: api_opportunityactivity api_opportunityactivity_pkey; Type: CONSTRAINT; Schema: public; Owner: -
--

ALTER TABLE ONLY public.api_opportunityactivity
    ADD CONSTRAINT api_opportunityactivity_pkey PRIMARY KEY (id);


--
-- TOC entry 3376 (class 2606 OID 32809)
-- Name: api_revenueforecast api_revenueforecast_pkey; Type: CONSTRAINT; Schema: public; Owner: -
--

ALTER TABLE ONLY public.api_revenueforecast
    ADD CONSTRAINT api_revenueforecast_pkey PRIMARY KEY (id);


--
-- TOC entry 3390 (class 2606 OID 32831)
-- Name: api_supportticket api_supportticket_pkey; Type: CONSTRAINT; Schema: public; Owner: -
--

ALTER TABLE ONLY public.api_supportticket
    ADD CONSTRAINT api_supportticket_pkey PRIMARY KEY (id);


--
-- TOC entry 3393 (class 2606 OID 32833)
-- Name: api_supportticket api_supportticket_ticket_number_key; Type: CONSTRAINT; Schema: public; Owner: -
--

ALTER TABLE ONLY public.api_supportticket
    ADD CONSTRAINT api_supportticket_ticket_number_key UNIQUE (ticket_number);


--
-- TOC entry 3379 (class 2606 OID 32817)
-- Name: api_traveloffer api_traveloffer_pkey; Type: CONSTRAINT; Schema: public; Owner: -
--

ALTER TABLE ONLY public.api_traveloffer
    ADD CONSTRAINT api_traveloffer_pkey PRIMARY KEY (id);


--
-- TOC entry 3381 (class 2606 OID 32929)
-- Name: api_traveloffer_target_companies api_traveloffer_target_c_traveloffer_id_company_i_79bd13d8_uniq; Type: CONSTRAINT; Schema: public; Owner: -
--

ALTER TABLE ONLY public.api_traveloffer_target_companies
    ADD CONSTRAINT api_traveloffer_target_c_traveloffer_id_company_i_79bd13d8_uniq UNIQUE (traveloffer_id, company_id);


--
-- TOC entry 3384 (class 2606 OID 32823)
-- Name: api_traveloffer_target_companies api_traveloffer_target_companies_pkey; Type: CONSTRAINT; Schema: public; Owner: -
--

ALTER TABLE ONLY public.api_traveloffer_target_companies
    ADD CONSTRAINT api_traveloffer_target_companies_pkey PRIMARY KEY (id);


--
-- TOC entry 3323 (class 2606 OID 24711)
-- Name: auth_group auth_group_name_key; Type: CONSTRAINT; Schema: public; Owner: -
--

ALTER TABLE ONLY public.auth_group
    ADD CONSTRAINT auth_group_name_key UNIQUE (name);


--
-- TOC entry 3328 (class 2606 OID 24642)
-- Name: auth_group_permissions auth_group_permissions_group_id_permission_id_0cd325b0_uniq; Type: CONSTRAINT; Schema: public; Owner: -
--

ALTER TABLE ONLY public.auth_group_permissions
    ADD CONSTRAINT auth_group_permissions_group_id_permission_id_0cd325b0_uniq UNIQUE (group_id, permission_id);


--
-- TOC entry 3331 (class 2606 OID 24611)
-- Name: auth_group_permissions auth_group_permissions_pkey; Type: CONSTRAINT; Schema: public; Owner: -
--

ALTER TABLE ONLY public.auth_group_permissions
    ADD CONSTRAINT auth_group_permissions_pkey PRIMARY KEY (id);


--
-- TOC entry 3325 (class 2606 OID 24603)
-- Name: auth_group auth_group_pkey; Type: CONSTRAINT; Schema: public; Owner: -
--

ALTER TABLE ONLY public.auth_group
    ADD CONSTRAINT auth_group_pkey PRIMARY KEY (id);


--
-- TOC entry 3318 (class 2606 OID 24633)
-- Name: auth_permission auth_permission_content_type_id_codename_01ab375a_uniq; Type: CONSTRAINT; Schema: public; Owner: -
--

ALTER TABLE ONLY public.auth_permission
    ADD CONSTRAINT auth_permission_content_type_id_codename_01ab375a_uniq UNIQUE (content_type_id, codename);


--
-- TOC entry 3320 (class 2606 OID 24597)
-- Name: auth_permission auth_permission_pkey; Type: CONSTRAINT; Schema: public; Owner: -
--

ALTER TABLE ONLY public.auth_permission
    ADD CONSTRAINT auth_permission_pkey PRIMARY KEY (id);


--
-- TOC entry 3339 (class 2606 OID 24625)
-- Name: auth_user_groups auth_user_groups_pkey; Type: CONSTRAINT; Schema: public; Owner: -
--

ALTER TABLE ONLY public.auth_user_groups
    ADD CONSTRAINT auth_user_groups_pkey PRIMARY KEY (id);


--
-- TOC entry 3342 (class 2606 OID 24657)
-- Name: auth_user_groups auth_user_groups_user_id_group_id_94350c0c_uniq; Type: CONSTRAINT; Schema: public; Owner: -
--

ALTER TABLE ONLY public.auth_user_groups
    ADD CONSTRAINT auth_user_groups_user_id_group_id_94350c0c_uniq UNIQUE (user_id, group_id);


--
-- TOC entry 3333 (class 2606 OID 24617)
-- Name: auth_user auth_user_pkey; Type: CONSTRAINT; Schema: public; Owner: -
--

ALTER TABLE ONLY public.auth_user
    ADD CONSTRAINT auth_user_pkey PRIMARY KEY (id);


--
-- TOC entry 3345 (class 2606 OID 24631)
-- Name: auth_user_user_permissions auth_user_user_permissions_pkey; Type: CONSTRAINT; Schema: public; Owner: -
--

ALTER TABLE ONLY public.auth_user_user_permissions
    ADD CONSTRAINT auth_user_user_permissions_pkey PRIMARY KEY (id);


--
-- TOC entry 3348 (class 2606 OID 24671)
-- Name: auth_user_user_permissions auth_user_user_permissions_user_id_permission_id_14a6b632_uniq; Type: CONSTRAINT; Schema: public; Owner: -
--

ALTER TABLE ONLY public.auth_user_user_permissions
    ADD CONSTRAINT auth_user_user_permissions_user_id_permission_id_14a6b632_uniq UNIQUE (user_id, permission_id);


--
-- TOC entry 3336 (class 2606 OID 24706)
-- Name: auth_user auth_user_username_key; Type: CONSTRAINT; Schema: public; Owner: -
--

ALTER TABLE ONLY public.auth_user
    ADD CONSTRAINT auth_user_username_key UNIQUE (username);


--
-- TOC entry 3351 (class 2606 OID 24692)
-- Name: django_admin_log django_admin_log_pkey; Type: CONSTRAINT; Schema: public; Owner: -
--

ALTER TABLE ONLY public.django_admin_log
    ADD CONSTRAINT django_admin_log_pkey PRIMARY KEY (id);


--
-- TOC entry 3313 (class 2606 OID 24591)
-- Name: django_content_type django_content_type_app_label_model_76bd3d3b_uniq; Type: CONSTRAINT; Schema: public; Owner: -
--

ALTER TABLE ONLY public.django_content_type
    ADD CONSTRAINT django_content_type_app_label_model_76bd3d3b_uniq UNIQUE (app_label, model);


--
-- TOC entry 3315 (class 2606 OID 24589)
-- Name: django_content_type django_content_type_pkey; Type: CONSTRAINT; Schema: public; Owner: -
--

ALTER TABLE ONLY public.django_content_type
    ADD CONSTRAINT django_content_type_pkey PRIMARY KEY (id);


--
-- TOC entry 3311 (class 2606 OID 24583)
-- Name: django_migrations django_migrations_pkey; Type: CONSTRAINT; Schema: public; Owner: -
--

ALTER TABLE ONLY public.django_migrations
    ADD CONSTRAINT django_migrations_pkey PRIMARY KEY (id);


--
-- TOC entry 3355 (class 2606 OID 24719)
-- Name: django_session django_session_pkey; Type: CONSTRAINT; Schema: public; Owner: -
--

ALTER TABLE ONLY public.django_session
    ADD CONSTRAINT django_session_pkey PRIMARY KEY (session_key);


--
-- TOC entry 3416 (class 1259 OID 32997)
-- Name: api_activitylog_user_id_460724d0; Type: INDEX; Schema: public; Owner: -
--

CREATE INDEX api_activitylog_user_id_460724d0 ON public.api_activitylog USING btree (user_id);


--
-- TOC entry 3413 (class 1259 OID 32991)
-- Name: api_aiconversation_user_id_1a71143d; Type: INDEX; Schema: public; Owner: -
--

CREATE INDEX api_aiconversation_user_id_1a71143d ON public.api_aiconversation USING btree (user_id);


--
-- TOC entry 3359 (class 1259 OID 32896)
-- Name: api_contact_company_id_f4d09d00; Type: INDEX; Schema: public; Owner: -
--

CREATE INDEX api_contact_company_id_f4d09d00 ON public.api_contact USING btree (company_id);


--
-- TOC entry 3362 (class 1259 OID 32903)
-- Name: api_contract_company_id_e37b23ce; Type: INDEX; Schema: public; Owner: -
--

CREATE INDEX api_contract_company_id_e37b23ce ON public.api_contract USING btree (company_id);


--
-- TOC entry 3363 (class 1259 OID 32902)
-- Name: api_contract_contract_number_f1accfc0_like; Type: INDEX; Schema: public; Owner: -
--

CREATE INDEX api_contract_contract_number_f1accfc0_like ON public.api_contract USING btree (contract_number varchar_pattern_ops);


--
-- TOC entry 3406 (class 1259 OID 32985)
-- Name: api_contractbreach_contract_id_27a736ec; Type: INDEX; Schema: public; Owner: -
--

CREATE INDEX api_contractbreach_contract_id_27a736ec ON public.api_contractbreach USING btree (contract_id);


--
-- TOC entry 3402 (class 1259 OID 32978)
-- Name: api_emailcampaign_target_leads_emailcampaign_id_214b3ace; Type: INDEX; Schema: public; Owner: -
--

CREATE INDEX api_emailcampaign_target_leads_emailcampaign_id_214b3ace ON public.api_emailcampaign_target_leads USING btree (emailcampaign_id);


--
-- TOC entry 3403 (class 1259 OID 32979)
-- Name: api_emailcampaign_target_leads_lead_id_5af85417; Type: INDEX; Schema: public; Owner: -
--

CREATE INDEX api_emailcampaign_target_leads_lead_id_5af85417 ON public.api_emailcampaign_target_leads USING btree (lead_id);


--
-- TOC entry 3370 (class 1259 OID 32919)
-- Name: api_lead_assigned_to_id_f0f68950; Type: INDEX; Schema: public; Owner: -
--

CREATE INDEX api_lead_assigned_to_id_f0f68950 ON public.api_lead USING btree (assigned_to_id);


--
-- TOC entry 3371 (class 1259 OID 32920)
-- Name: api_lead_company_id_be70c00a; Type: INDEX; Schema: public; Owner: -
--

CREATE INDEX api_lead_company_id_be70c00a ON public.api_lead USING btree (company_id);


--
-- TOC entry 3372 (class 1259 OID 32921)
-- Name: api_lead_contact_id_dc816d20; Type: INDEX; Schema: public; Owner: -
--

CREATE INDEX api_lead_contact_id_dc816d20 ON public.api_lead USING btree (contact_id);


--
-- TOC entry 3421 (class 1259 OID 90151)
-- Name: api_leadhistory_lead_id_7e0a62f4; Type: INDEX; Schema: public; Owner: -
--

CREATE INDEX api_leadhistory_lead_id_7e0a62f4 ON public.api_leadhistory USING btree (lead_id);


--
-- TOC entry 3424 (class 1259 OID 90152)
-- Name: api_leadhistory_user_id_ecc34f8a; Type: INDEX; Schema: public; Owner: -
--

CREATE INDEX api_leadhistory_user_id_ecc34f8a ON public.api_leadhistory USING btree (user_id);


--
-- TOC entry 3417 (class 1259 OID 90131)
-- Name: api_leadnote_created_by_id_1d483ee9; Type: INDEX; Schema: public; Owner: -
--

CREATE INDEX api_leadnote_created_by_id_1d483ee9 ON public.api_leadnote USING btree (created_by_id);


--
-- TOC entry 3418 (class 1259 OID 90132)
-- Name: api_leadnote_lead_id_b0673144; Type: INDEX; Schema: public; Owner: -
--

CREATE INDEX api_leadnote_lead_id_b0673144 ON public.api_leadnote USING btree (lead_id);


--
-- TOC entry 3425 (class 1259 OID 155666)
-- Name: api_opportunityactivity_created_by_id_145d5cd4; Type: INDEX; Schema: public; Owner: -
--

CREATE INDEX api_opportunityactivity_created_by_id_145d5cd4 ON public.api_opportunityactivity USING btree (created_by_id);


--
-- TOC entry 3426 (class 1259 OID 155667)
-- Name: api_opportunityactivity_opportunity_id_4ca456a3; Type: INDEX; Schema: public; Owner: -
--

CREATE INDEX api_opportunityactivity_opportunity_id_4ca456a3 ON public.api_opportunityactivity USING btree (opportunity_id);


--
-- TOC entry 3386 (class 1259 OID 32958)
-- Name: api_supportticket_assigned_to_id_58ef3c94; Type: INDEX; Schema: public; Owner: -
--

CREATE INDEX api_supportticket_assigned_to_id_58ef3c94 ON public.api_supportticket USING btree (assigned_to_id);


--
-- TOC entry 3387 (class 1259 OID 32959)
-- Name: api_supportticket_company_id_37091f98; Type: INDEX; Schema: public; Owner: -
--

CREATE INDEX api_supportticket_company_id_37091f98 ON public.api_supportticket USING btree (company_id);


--
-- TOC entry 3388 (class 1259 OID 32960)
-- Name: api_supportticket_contact_id_f88e966f; Type: INDEX; Schema: public; Owner: -
--

CREATE INDEX api_supportticket_contact_id_f88e966f ON public.api_supportticket USING btree (contact_id);


--
-- TOC entry 3391 (class 1259 OID 32957)
-- Name: api_supportticket_ticket_number_e2907423_like; Type: INDEX; Schema: public; Owner: -
--

CREATE INDEX api_supportticket_ticket_number_e2907423_like ON public.api_supportticket USING btree (ticket_number varchar_pattern_ops);


--
-- TOC entry 3377 (class 1259 OID 32927)
-- Name: api_traveloffer_created_by_id_8302f089; Type: INDEX; Schema: public; Owner: -
--

CREATE INDEX api_traveloffer_created_by_id_8302f089 ON public.api_traveloffer USING btree (created_by_id);


--
-- TOC entry 3382 (class 1259 OID 32941)
-- Name: api_traveloffer_target_companies_company_id_b7ac8b17; Type: INDEX; Schema: public; Owner: -
--

CREATE INDEX api_traveloffer_target_companies_company_id_b7ac8b17 ON public.api_traveloffer_target_companies USING btree (company_id);


--
-- TOC entry 3385 (class 1259 OID 32940)
-- Name: api_traveloffer_target_companies_traveloffer_id_f5ff6ed7; Type: INDEX; Schema: public; Owner: -
--

CREATE INDEX api_traveloffer_target_companies_traveloffer_id_f5ff6ed7 ON public.api_traveloffer_target_companies USING btree (traveloffer_id);


--
-- TOC entry 3321 (class 1259 OID 24712)
-- Name: auth_group_name_a6ea08ec_like; Type: INDEX; Schema: public; Owner: -
--

CREATE INDEX auth_group_name_a6ea08ec_like ON public.auth_group USING btree (name varchar_pattern_ops);


--
-- TOC entry 3326 (class 1259 OID 24653)
-- Name: auth_group_permissions_group_id_b120cbf9; Type: INDEX; Schema: public; Owner: -
--

CREATE INDEX auth_group_permissions_group_id_b120cbf9 ON public.auth_group_permissions USING btree (group_id);


--
-- TOC entry 3329 (class 1259 OID 24654)
-- Name: auth_group_permissions_permission_id_84c5c92e; Type: INDEX; Schema: public; Owner: -
--

CREATE INDEX auth_group_permissions_permission_id_84c5c92e ON public.auth_group_permissions USING btree (permission_id);


--
-- TOC entry 3316 (class 1259 OID 24639)
-- Name: auth_permission_content_type_id_2f476e4b; Type: INDEX; Schema: public; Owner: -
--

CREATE INDEX auth_permission_content_type_id_2f476e4b ON public.auth_permission USING btree (content_type_id);


--
-- TOC entry 3337 (class 1259 OID 24669)
-- Name: auth_user_groups_group_id_97559544; Type: INDEX; Schema: public; Owner: -
--

CREATE INDEX auth_user_groups_group_id_97559544 ON public.auth_user_groups USING btree (group_id);


--
-- TOC entry 3340 (class 1259 OID 24668)
-- Name: auth_user_groups_user_id_6a12ed8b; Type: INDEX; Schema: public; Owner: -
--

CREATE INDEX auth_user_groups_user_id_6a12ed8b ON public.auth_user_groups USING btree (user_id);


--
-- TOC entry 3343 (class 1259 OID 24683)
-- Name: auth_user_user_permissions_permission_id_1fbb5f2c; Type: INDEX; Schema: public; Owner: -
--

CREATE INDEX auth_user_user_permissions_permission_id_1fbb5f2c ON public.auth_user_user_permissions USING btree (permission_id);


--
-- TOC entry 3346 (class 1259 OID 24682)
-- Name: auth_user_user_permissions_user_id_a95ead1b; Type: INDEX; Schema: public; Owner: -
--

CREATE INDEX auth_user_user_permissions_user_id_a95ead1b ON public.auth_user_user_permissions USING btree (user_id);


--
-- TOC entry 3334 (class 1259 OID 24707)
-- Name: auth_user_username_6821ab7c_like; Type: INDEX; Schema: public; Owner: -
--

CREATE INDEX auth_user_username_6821ab7c_like ON public.auth_user USING btree (username varchar_pattern_ops);


--
-- TOC entry 3349 (class 1259 OID 24703)
-- Name: django_admin_log_content_type_id_c4bce8eb; Type: INDEX; Schema: public; Owner: -
--

CREATE INDEX django_admin_log_content_type_id_c4bce8eb ON public.django_admin_log USING btree (content_type_id);


--
-- TOC entry 3352 (class 1259 OID 24704)
-- Name: django_admin_log_user_id_c564eba6; Type: INDEX; Schema: public; Owner: -
--

CREATE INDEX django_admin_log_user_id_c564eba6 ON public.django_admin_log USING btree (user_id);


--
-- TOC entry 3353 (class 1259 OID 24721)
-- Name: django_session_expire_date_a5c62663; Type: INDEX; Schema: public; Owner: -
--

CREATE INDEX django_session_expire_date_a5c62663 ON public.django_session USING btree (expire_date);


--
-- TOC entry 3356 (class 1259 OID 24720)
-- Name: django_session_session_key_c0390e0f_like; Type: INDEX; Schema: public; Owner: -
--

CREATE INDEX django_session_session_key_c0390e0f_like ON public.django_session USING btree (session_key varchar_pattern_ops);


--
-- TOC entry 3455 (class 2606 OID 32992)
-- Name: api_activitylog api_activitylog_user_id_460724d0_fk_auth_user_id; Type: FK CONSTRAINT; Schema: public; Owner: -
--

ALTER TABLE ONLY public.api_activitylog
    ADD CONSTRAINT api_activitylog_user_id_460724d0_fk_auth_user_id FOREIGN KEY (user_id) REFERENCES public.auth_user(id) DEFERRABLE INITIALLY DEFERRED;


--
-- TOC entry 3454 (class 2606 OID 32986)
-- Name: api_aiconversation api_aiconversation_user_id_1a71143d_fk_auth_user_id; Type: FK CONSTRAINT; Schema: public; Owner: -
--

ALTER TABLE ONLY public.api_aiconversation
    ADD CONSTRAINT api_aiconversation_user_id_1a71143d_fk_auth_user_id FOREIGN KEY (user_id) REFERENCES public.auth_user(id) DEFERRABLE INITIALLY DEFERRED;


--
-- TOC entry 3438 (class 2606 OID 32891)
-- Name: api_contact api_contact_company_id_f4d09d00_fk_api_company_id; Type: FK CONSTRAINT; Schema: public; Owner: -
--

ALTER TABLE ONLY public.api_contact
    ADD CONSTRAINT api_contact_company_id_f4d09d00_fk_api_company_id FOREIGN KEY (company_id) REFERENCES public.api_company(id) DEFERRABLE INITIALLY DEFERRED;


--
-- TOC entry 3439 (class 2606 OID 32897)
-- Name: api_contract api_contract_company_id_e37b23ce_fk_api_company_id; Type: FK CONSTRAINT; Schema: public; Owner: -
--

ALTER TABLE ONLY public.api_contract
    ADD CONSTRAINT api_contract_company_id_e37b23ce_fk_api_company_id FOREIGN KEY (company_id) REFERENCES public.api_company(id) DEFERRABLE INITIALLY DEFERRED;


--
-- TOC entry 3440 (class 2606 OID 32868)
-- Name: api_contract api_contract_opportunity_id_da447352_fk_api_opportunity_id; Type: FK CONSTRAINT; Schema: public; Owner: -
--

ALTER TABLE ONLY public.api_contract
    ADD CONSTRAINT api_contract_opportunity_id_da447352_fk_api_opportunity_id FOREIGN KEY (opportunity_id) REFERENCES public.api_opportunity(id) DEFERRABLE INITIALLY DEFERRED;


--
-- TOC entry 3453 (class 2606 OID 32980)
-- Name: api_contractbreach api_contractbreach_contract_id_27a736ec_fk_api_contract_id; Type: FK CONSTRAINT; Schema: public; Owner: -
--

ALTER TABLE ONLY public.api_contractbreach
    ADD CONSTRAINT api_contractbreach_contract_id_27a736ec_fk_api_contract_id FOREIGN KEY (contract_id) REFERENCES public.api_contract(id) DEFERRABLE INITIALLY DEFERRED;


--
-- TOC entry 3451 (class 2606 OID 32968)
-- Name: api_emailcampaign_target_leads api_emailcampaign_ta_emailcampaign_id_214b3ace_fk_api_email; Type: FK CONSTRAINT; Schema: public; Owner: -
--

ALTER TABLE ONLY public.api_emailcampaign_target_leads
    ADD CONSTRAINT api_emailcampaign_ta_emailcampaign_id_214b3ace_fk_api_email FOREIGN KEY (emailcampaign_id) REFERENCES public.api_emailcampaign(id) DEFERRABLE INITIALLY DEFERRED;


--
-- TOC entry 3452 (class 2606 OID 32973)
-- Name: api_emailcampaign_target_leads api_emailcampaign_target_leads_lead_id_5af85417_fk_api_lead_id; Type: FK CONSTRAINT; Schema: public; Owner: -
--

ALTER TABLE ONLY public.api_emailcampaign_target_leads
    ADD CONSTRAINT api_emailcampaign_target_leads_lead_id_5af85417_fk_api_lead_id FOREIGN KEY (lead_id) REFERENCES public.api_lead(id) DEFERRABLE INITIALLY DEFERRED;


--
-- TOC entry 3441 (class 2606 OID 32904)
-- Name: api_lead api_lead_assigned_to_id_f0f68950_fk_auth_user_id; Type: FK CONSTRAINT; Schema: public; Owner: -
--

ALTER TABLE ONLY public.api_lead
    ADD CONSTRAINT api_lead_assigned_to_id_f0f68950_fk_auth_user_id FOREIGN KEY (assigned_to_id) REFERENCES public.auth_user(id) DEFERRABLE INITIALLY DEFERRED;


--
-- TOC entry 3442 (class 2606 OID 32909)
-- Name: api_lead api_lead_company_id_be70c00a_fk_api_company_id; Type: FK CONSTRAINT; Schema: public; Owner: -
--

ALTER TABLE ONLY public.api_lead
    ADD CONSTRAINT api_lead_company_id_be70c00a_fk_api_company_id FOREIGN KEY (company_id) REFERENCES public.api_company(id) DEFERRABLE INITIALLY DEFERRED;


--
-- TOC entry 3443 (class 2606 OID 32914)
-- Name: api_lead api_lead_contact_id_dc816d20_fk_api_contact_id; Type: FK CONSTRAINT; Schema: public; Owner: -
--

ALTER TABLE ONLY public.api_lead
    ADD CONSTRAINT api_lead_contact_id_dc816d20_fk_api_contact_id FOREIGN KEY (contact_id) REFERENCES public.api_contact(id) DEFERRABLE INITIALLY DEFERRED;


--
-- TOC entry 3458 (class 2606 OID 90141)
-- Name: api_leadhistory api_leadhistory_lead_id_7e0a62f4_fk_api_lead_id; Type: FK CONSTRAINT; Schema: public; Owner: -
--

ALTER TABLE ONLY public.api_leadhistory
    ADD CONSTRAINT api_leadhistory_lead_id_7e0a62f4_fk_api_lead_id FOREIGN KEY (lead_id) REFERENCES public.api_lead(id) DEFERRABLE INITIALLY DEFERRED;


--
-- TOC entry 3459 (class 2606 OID 90146)
-- Name: api_leadhistory api_leadhistory_user_id_ecc34f8a_fk_auth_user_id; Type: FK CONSTRAINT; Schema: public; Owner: -
--

ALTER TABLE ONLY public.api_leadhistory
    ADD CONSTRAINT api_leadhistory_user_id_ecc34f8a_fk_auth_user_id FOREIGN KEY (user_id) REFERENCES public.auth_user(id) DEFERRABLE INITIALLY DEFERRED;


--
-- TOC entry 3456 (class 2606 OID 90121)
-- Name: api_leadnote api_leadnote_created_by_id_1d483ee9_fk_auth_user_id; Type: FK CONSTRAINT; Schema: public; Owner: -
--

ALTER TABLE ONLY public.api_leadnote
    ADD CONSTRAINT api_leadnote_created_by_id_1d483ee9_fk_auth_user_id FOREIGN KEY (created_by_id) REFERENCES public.auth_user(id) DEFERRABLE INITIALLY DEFERRED;


--
-- TOC entry 3457 (class 2606 OID 90126)
-- Name: api_leadnote api_leadnote_lead_id_b0673144_fk_api_lead_id; Type: FK CONSTRAINT; Schema: public; Owner: -
--

ALTER TABLE ONLY public.api_leadnote
    ADD CONSTRAINT api_leadnote_lead_id_b0673144_fk_api_lead_id FOREIGN KEY (lead_id) REFERENCES public.api_lead(id) DEFERRABLE INITIALLY DEFERRED;


--
-- TOC entry 3450 (class 2606 OID 32961)
-- Name: api_opportunity api_opportunity_lead_id_18545556_fk_api_lead_id; Type: FK CONSTRAINT; Schema: public; Owner: -
--

ALTER TABLE ONLY public.api_opportunity
    ADD CONSTRAINT api_opportunity_lead_id_18545556_fk_api_lead_id FOREIGN KEY (lead_id) REFERENCES public.api_lead(id) DEFERRABLE INITIALLY DEFERRED;


--
-- TOC entry 3460 (class 2606 OID 155661)
-- Name: api_opportunityactivity api_opportunityactiv_opportunity_id_4ca456a3_fk_api_oppor; Type: FK CONSTRAINT; Schema: public; Owner: -
--

ALTER TABLE ONLY public.api_opportunityactivity
    ADD CONSTRAINT api_opportunityactiv_opportunity_id_4ca456a3_fk_api_oppor FOREIGN KEY (opportunity_id) REFERENCES public.api_opportunity(id) DEFERRABLE INITIALLY DEFERRED;


--
-- TOC entry 3461 (class 2606 OID 155656)
-- Name: api_opportunityactivity api_opportunityactivity_created_by_id_145d5cd4_fk_auth_user_id; Type: FK CONSTRAINT; Schema: public; Owner: -
--

ALTER TABLE ONLY public.api_opportunityactivity
    ADD CONSTRAINT api_opportunityactivity_created_by_id_145d5cd4_fk_auth_user_id FOREIGN KEY (created_by_id) REFERENCES public.auth_user(id) DEFERRABLE INITIALLY DEFERRED;


--
-- TOC entry 3447 (class 2606 OID 32942)
-- Name: api_supportticket api_supportticket_assigned_to_id_58ef3c94_fk_auth_user_id; Type: FK CONSTRAINT; Schema: public; Owner: -
--

ALTER TABLE ONLY public.api_supportticket
    ADD CONSTRAINT api_supportticket_assigned_to_id_58ef3c94_fk_auth_user_id FOREIGN KEY (assigned_to_id) REFERENCES public.auth_user(id) DEFERRABLE INITIALLY DEFERRED;


--
-- TOC entry 3448 (class 2606 OID 32947)
-- Name: api_supportticket api_supportticket_company_id_37091f98_fk_api_company_id; Type: FK CONSTRAINT; Schema: public; Owner: -
--

ALTER TABLE ONLY public.api_supportticket
    ADD CONSTRAINT api_supportticket_company_id_37091f98_fk_api_company_id FOREIGN KEY (company_id) REFERENCES public.api_company(id) DEFERRABLE INITIALLY DEFERRED;


--
-- TOC entry 3449 (class 2606 OID 32952)
-- Name: api_supportticket api_supportticket_contact_id_f88e966f_fk_api_contact_id; Type: FK CONSTRAINT; Schema: public; Owner: -
--

ALTER TABLE ONLY public.api_supportticket
    ADD CONSTRAINT api_supportticket_contact_id_f88e966f_fk_api_contact_id FOREIGN KEY (contact_id) REFERENCES public.api_contact(id) DEFERRABLE INITIALLY DEFERRED;


--
-- TOC entry 3444 (class 2606 OID 32922)
-- Name: api_traveloffer api_traveloffer_created_by_id_8302f089_fk_auth_user_id; Type: FK CONSTRAINT; Schema: public; Owner: -
--

ALTER TABLE ONLY public.api_traveloffer
    ADD CONSTRAINT api_traveloffer_created_by_id_8302f089_fk_auth_user_id FOREIGN KEY (created_by_id) REFERENCES public.auth_user(id) DEFERRABLE INITIALLY DEFERRED;


--
-- TOC entry 3445 (class 2606 OID 32935)
-- Name: api_traveloffer_target_companies api_traveloffer_targ_company_id_b7ac8b17_fk_api_compa; Type: FK CONSTRAINT; Schema: public; Owner: -
--

ALTER TABLE ONLY public.api_traveloffer_target_companies
    ADD CONSTRAINT api_traveloffer_targ_company_id_b7ac8b17_fk_api_compa FOREIGN KEY (company_id) REFERENCES public.api_company(id) DEFERRABLE INITIALLY DEFERRED;


--
-- TOC entry 3446 (class 2606 OID 32930)
-- Name: api_traveloffer_target_companies api_traveloffer_targ_traveloffer_id_f5ff6ed7_fk_api_trave; Type: FK CONSTRAINT; Schema: public; Owner: -
--

ALTER TABLE ONLY public.api_traveloffer_target_companies
    ADD CONSTRAINT api_traveloffer_targ_traveloffer_id_f5ff6ed7_fk_api_trave FOREIGN KEY (traveloffer_id) REFERENCES public.api_traveloffer(id) DEFERRABLE INITIALLY DEFERRED;


--
-- TOC entry 3430 (class 2606 OID 24648)
-- Name: auth_group_permissions auth_group_permissio_permission_id_84c5c92e_fk_auth_perm; Type: FK CONSTRAINT; Schema: public; Owner: -
--

ALTER TABLE ONLY public.auth_group_permissions
    ADD CONSTRAINT auth_group_permissio_permission_id_84c5c92e_fk_auth_perm FOREIGN KEY (permission_id) REFERENCES public.auth_permission(id) DEFERRABLE INITIALLY DEFERRED;


--
-- TOC entry 3431 (class 2606 OID 24643)
-- Name: auth_group_permissions auth_group_permissions_group_id_b120cbf9_fk_auth_group_id; Type: FK CONSTRAINT; Schema: public; Owner: -
--

ALTER TABLE ONLY public.auth_group_permissions
    ADD CONSTRAINT auth_group_permissions_group_id_b120cbf9_fk_auth_group_id FOREIGN KEY (group_id) REFERENCES public.auth_group(id) DEFERRABLE INITIALLY DEFERRED;


--
-- TOC entry 3429 (class 2606 OID 24634)
-- Name: auth_permission auth_permission_content_type_id_2f476e4b_fk_django_co; Type: FK CONSTRAINT; Schema: public; Owner: -
--

ALTER TABLE ONLY public.auth_permission
    ADD CONSTRAINT auth_permission_content_type_id_2f476e4b_fk_django_co FOREIGN KEY (content_type_id) REFERENCES public.django_content_type(id) DEFERRABLE INITIALLY DEFERRED;


--
-- TOC entry 3432 (class 2606 OID 24663)
-- Name: auth_user_groups auth_user_groups_group_id_97559544_fk_auth_group_id; Type: FK CONSTRAINT; Schema: public; Owner: -
--

ALTER TABLE ONLY public.auth_user_groups
    ADD CONSTRAINT auth_user_groups_group_id_97559544_fk_auth_group_id FOREIGN KEY (group_id) REFERENCES public.auth_group(id) DEFERRABLE INITIALLY DEFERRED;


--
-- TOC entry 3433 (class 2606 OID 24658)
-- Name: auth_user_groups auth_user_groups_user_id_6a12ed8b_fk_auth_user_id; Type: FK CONSTRAINT; Schema: public; Owner: -
--

ALTER TABLE ONLY public.auth_user_groups
    ADD CONSTRAINT auth_user_groups_user_id_6a12ed8b_fk_auth_user_id FOREIGN KEY (user_id) REFERENCES public.auth_user(id) DEFERRABLE INITIALLY DEFERRED;


--
-- TOC entry 3434 (class 2606 OID 24677)
-- Name: auth_user_user_permissions auth_user_user_permi_permission_id_1fbb5f2c_fk_auth_perm; Type: FK CONSTRAINT; Schema: public; Owner: -
--

ALTER TABLE ONLY public.auth_user_user_permissions
    ADD CONSTRAINT auth_user_user_permi_permission_id_1fbb5f2c_fk_auth_perm FOREIGN KEY (permission_id) REFERENCES public.auth_permission(id) DEFERRABLE INITIALLY DEFERRED;


--
-- TOC entry 3435 (class 2606 OID 24672)
-- Name: auth_user_user_permissions auth_user_user_permissions_user_id_a95ead1b_fk_auth_user_id; Type: FK CONSTRAINT; Schema: public; Owner: -
--

ALTER TABLE ONLY public.auth_user_user_permissions
    ADD CONSTRAINT auth_user_user_permissions_user_id_a95ead1b_fk_auth_user_id FOREIGN KEY (user_id) REFERENCES public.auth_user(id) DEFERRABLE INITIALLY DEFERRED;


--
-- TOC entry 3436 (class 2606 OID 24693)
-- Name: django_admin_log django_admin_log_content_type_id_c4bce8eb_fk_django_co; Type: FK CONSTRAINT; Schema: public; Owner: -
--

ALTER TABLE ONLY public.django_admin_log
    ADD CONSTRAINT django_admin_log_content_type_id_c4bce8eb_fk_django_co FOREIGN KEY (content_type_id) REFERENCES public.django_content_type(id) DEFERRABLE INITIALLY DEFERRED;


--
-- TOC entry 3437 (class 2606 OID 24698)
-- Name: django_admin_log django_admin_log_user_id_c564eba6_fk_auth_user_id; Type: FK CONSTRAINT; Schema: public; Owner: -
--

ALTER TABLE ONLY public.django_admin_log
    ADD CONSTRAINT django_admin_log_user_id_c564eba6_fk_auth_user_id FOREIGN KEY (user_id) REFERENCES public.auth_user(id) DEFERRABLE INITIALLY DEFERRED;


-- Completed on 2025-08-25 09:35:39 UTC

--
-- PostgreSQL database dump complete
--

